predictor_1,predictor_2,predictor_3,predictor_4,answer_c1s2,answer_c1s4,answer_c2s2,answer_c2s4,answer_c3s2,answer_c3s3,answer_c4s3,answer_c4s4
13394,18182,14555,14130,13343.280660025412,3758.097716953618,3481.407855947278,4082.3615869666555,1357.1715732034907,4169.470800485794,10385.49772629665,6280.537137109339
14381,15748,12941,16229,11400.411962593873,4039.9047493226326,2986.656990586996,4581.131258188172,1360.9257373479377,3713.8593294355023,9227.16922920823,7607.458445886719
13259,15695,16152,14720,11635.229938669265,4756.801695288633,3039.1567248396486,4423.454719793678,1019.8822805525722,4628.3154040628115,11523.681954848407,5538.154977575147
16978,12963,14365,15188,9464.91091632529,3122.1891890475986,2486.256874397931,5114.942658169782,1012.25945281902,4121.974596578405,10243.019803260435,6956.199632292971
16718,14520,15028,14903,10662.492333428694,2985.002921142701,2788.5260861230845,5143.615625662638,1069.839155824323,4308.143209820618,10719.859085924745,6774.455267950912
15517,13680,16691,12726,10167.641568217801,3395.0710939976407,2671.0384912429317,4423.619914229094,842.5614720016354,4782.364639327201,11908.716104339339,4903.940281424004
15169,15039,12412,16527,10838.041334682504,3741.03857159552,2843.50272478654,4745.00577750745,1357.6782059976022,3563.784884414349,8848.20632476617,8038.390600481882
13287,14625,16790,16060,10885.786676468611,5621.463670291758,2838.966335446018,4876.957593412882,901.4443049323286,4811.753760166257,11978.255409138728,5560.464580426956
13808,14484,16140,14948,10728.600944889262,4762.775471580056,2807.677358163427,4593.726910834869,948.1001212757375,4626.519634205399,11513.504440708857,5592.596279378886
13845,14772,14375,15240,10803.291706137843,4403.154119276052,2834.485205927497,4414.7824465261065,1133.1682706252564,4124.090708277241,10250.916402591178,6423.366930888026
16288,14353,13970,13057,10461.483272851683,2575.714362314824,2756.1818388326005,4264.433294664327,1134.3936942780224,4006.3972998013833,9963.554255941464,6212.984412748503
13570,16345,15728,15039,12082.488441827336,4547.8330478795415,3151.921519457579,4523.899152542423,1110.0726330105538,4506.463724671243,11221.47019711047,5964.379042537671
12993,12936,18456,15326,9740.043432785907,6090.673743795258,2544.6410104914385,4853.836956920959,650.8137791413195,5287.51713586478,13168.352429263117,4376.169720785891
13704,15504,13914,15063,11306.177969989307,4199.106028101077,2965.4679240983205,4276.031248348917,1231.2619774238142,3991.6754558734924,9922.357869478887,6589.311997740448
17236,13464,14322,14272,9831.04477213373,2618.332326071819,2583.9086227791713,4912.005235829109,1049.1367987689941,4108.269907956305,10213.704750896555,6742.7131462520565
14539,15318,14809,16717,11237.579253284592,4630.349378675609,2931.5891175798347,5050.1346376277925,1149.8839753874327,4246.361689762786,10562.620715433955,7046.6427695089005
17270,12054,13534,14204,8744.954599410477,2721.579700105058,2311.394081641342,4714.470052940736,998.3137798601504,3885.945084724851,9648.081329040697,6774.249325089465
14638,12221,17854,13806,9155.22209847717,4636.03835604145,2403.722046207462,4701.02550764712,661.7708929036659,5116.03251827679,12737.960602255314,4468.573615995499
12835,14358,16009,15394,10626.33424818642,5350.485538207129,2782.00790470087,4473.890076204276,949.253806309004,4590.367334503953,11418.639586619174,5571.537640051595
12915,14076,15913,13926,10409.806406366177,4696.379687152363,2734.5900861926184,4078.4174758017225,929.3108044531614,4562.821091219759,11350.151012239061,5147.692944495786
15645,13269,15862,14807,9799.14079299165,3953.712633372625,2569.793789300702,4934.895760734878,901.7700182624361,4548.155133745794,11313.89981921381,5920.953696715599
12947,17304,15964,14472,12822.248732415366,4530.27713018882,3341.2394200765852,4277.738162153486,1139.379941744834,4572.347793138377,11391.54246426023,5654.429279098368
15603,14221,14821,15732,10426.732075931046,3904.3027184099387,2729.220787265087,5030.29387258838,1065.5218977585064,4250.742973160996,10570.257319940807,6802.2634146897635
14565,14499,17013,13702,10807.132503078126,4134.69879302321,2828.142377440232,4566.548171142687,864.5403802909811,4873.776386446767,12139.270626080472,5002.349637583426
14595,14755,15681,14812,10892.597369183914,4198.951263310393,2850.605111109413,4673.827144802455,1012.4414581325968,4494.9313045126955,11186.07289476447,5939.904524394788
11538,13816,17568,15914,10342.249852238361,6614.3183212996555,2701.3782997934077,4549.16978382173,771.9789955868572,5035.253692765333,12532.777354603924,4757.866666334651
15544,14242,14720,14586,10435.992792581275,3536.075611202792,2739.059699875348,4668.298439768573,1066.7957035782613,4221.57162513451,10498.419000676258,6385.829098148324
15545,15696,14497,12825,11493.885453498599,2726.4056094223665,3018.5576464814844,4146.368052532613,1183.349262219004,4154.7753623015315,10342.157807411651,5950.7903247345985
16662,11289,13662,16385,8192.57111711283,3814.598454596499,2160.151896541485,5221.093685521991,935.5516559557703,3925.377251979932,9736.630706522177,7352.863361108781
15534,14718,15026,13884,10812.299390425705,3298.285984923329,2836.851852999933,4523.827746596802,1069.261208109339,4307.566303186888,10718.41049142199,6064.323719909229
13222,16356,15505,14882,12072.739453469538,4591.295725148323,3152.292414645853,4365.870222310721,1130.248078634884,4443.276519137773,11061.688542656331,5919.892320115283
12955,18650,15649,14300,13797.737902705094,4195.523256481793,3589.1836233098347,4205.170329665583,1262.4195239368544,4480.372488231026,11168.412713514841,5890.916242242994
15079,15884,14173,13883,11605.401537630749,3170.064046387629,3043.3915040493184,4299.12067070456,1235.2828257785436,4063.122328047706,10109.871293972517,6412.414236921264
17497,12400,14140,13903,9037.519591543762,2559.6462358787494,2384.0059371610887,4795.931121798521,978.9735195561772,4057.748858507841,10082.227932371155,6553.583386235469
15108,13266,16898,13794,9873.03228306944,4068.8388472294137,2590.1622594841488,4676.392054377704,804.6173952849082,4842.639260923198,12055.457210338944,5050.3342846036585
13586,15286,15680,14558,11290.411196149522,4488.1642722200195,2954.8773998562183,4375.324399449183,1040.1848992805076,4494.444469520713,11185.55964396356,5693.213083415702
16366,13529,15298,15990,9949.000004412563,3786.545509734084,2601.199349149534,5385.494787862452,978.3451050509034,4387.247199042732,10910.780761331782,6821.793174909881
12115,15552,17722,15634,11662.518321593885,6100.165870824207,3034.524868913259,4644.296755022786,853.8103085435771,5075.985995513086,12645.971246761435,4887.089245665118
15257,17024,14465,14016,12470.752126020161,2971.8843236191233,3258.9547363397055,4458.291278259194,1294.1546104373033,4144.268050490247,10320.719307386804,6584.299495738086
14674,15183,14992,14805,11154.802318483893,3939.590120972297,2920.5888585785724,4584.68144419362,1108.0053421471896,4298.129712371923,10693.856674732548,6280.282369473522
18245,12772,14141,15015,9308.116327153035,2304.3164570823724,2443.296804539064,5368.779340650972,1019.2289111961101,4057.6950643195723,10083.307755157442,7335.21601600287
14617,14850,15901,13926,10981.46117486852,3897.002180492971,2876.9130986099153,4464.159120856126,991.7208065164508,4556.998773115002,11344.011716359008,5561.894630920687
18164,10628,13601,15786,7708.389514484363,2938.7738999124304,2034.8227788428912,5407.85317998376,886.8352388196643,3907.8645460033053,9693.165852869079,7457.991565202355
15568,12579,14136,17003,9166.823834940697,4483.394410249779,2406.5909771928173,5224.613712303829,1006.1002912253358,4059.093429049359,10076.862475251179,7294.224851078423
14085,14981,15854,14214,11076.382219681542,4215.524723356469,2900.7027354806114,4416.2006194182195,1003.6875095636021,4543.916237785208,11310.092955793996,5580.29694037017
12332,16480,13670,14546,12011.459130025632,4403.3299394609685,3149.2103572172164,3836.554805610338,1319.1161433078457,3921.676932704008,9748.41914263089,6307.602787598899
13326,16244,16449,12373,12073.659702500796,3799.7130379639443,3160.8284701528755,3839.8536101769937,1009.4500621071027,4710.916559291755,11738.094361174852,4730.548782962131
16872,15462,16664,11354,11496.276462350044,2022.8253260984677,3012.7839489830476,4416.840288316942,949.9597989281846,4770.516481426743,11893.428029874818,4915.636231691609
13288,15879,14688,13318,11651.791512552056,3860.2272200614398,3058.4113150479243,3835.806247923806,1167.6229861976842,4210.961105772746,10477.049667023022,5624.795057316027
15779,14740,14041,15597,10748.559921948892,3511.9976795331218,2815.231864408783,4909.042887849977,1176.3918931488067,4027.6410772859012,10013.38282046328,7182.595459483467
15734,15456,13782,14140,11256.278651216799,2925.6857677264165,2953.959646584095,4451.903735252537,1245.4226438217236,3952.0972903275497,9829.914770446157,6762.093913689442
15005,16128,14981,15189,11852.326947751153,3740.500187873775,3093.3960966444083,4796.9970860506855,1182.6302574385843,4293.228247686302,10687.740787773308,6659.240552650234
11206,15244,15123,15491,11220.635081438953,5693.094759976862,2938.518782096194,4035.0658024048726,1082.277005503532,4338.606773158208,10784.413211179724,5734.830483468436
16576,14550,14149,14405,10617.504179145682,2780.1763910446016,2785.953523843461,4781.034025969644,1146.5297912608046,4057.6857032067637,10091.306767011456,6844.694247775807
13033,13184,17654,16615,9869.445132274588,6418.8311976429195,2574.99553694252,5083.763677621631,739.6597270858723,5059.770061829247,12594.2244119634,5098.525574407295
15628,14734,12240,17059,10600.83389080688,3676.429911262166,2779.8626856706337,4959.488859173229,1353.733174853437,3515.0479236751553,8724.931836768736,8420.309736608742
14968,13346,15841,16056,9855.192522427029,4738.89170238216,2579.0460283460925,5117.523010795021,912.7819515099937,4542.916064238962,11298.113375762096,6201.198759662186
15778,15377,13479,15265,11171.668080525124,3183.4098020920164,2927.3168661856857,4729.186328558446,1278.0428470389031,3866.352302964374,9612.696743251085,7351.892690748713
15813,13590,15466,14982,10008.354234347966,3789.34201438026,2623.4596834425683,4968.004825909442,959.6191140193462,4434.943725940914,11031.08225883808,6227.340147178273
12687,13120,17120,16259,9783.102608153069,6253.592077772227,2558.4674892166927,4823.906385589909,779.7870372836034,4908.310415453774,12211.675826393908,5180.738517980672
13482,12997,15768,18244,9591.527439080384,6409.971045479694,2505.040396504178,5314.781296425116,899.7031902086459,4524.246791830791,11243.690760325851,6509.968993673023
14632,17025,14997,15708,12518.556103986884,3950.9530420146557,3258.879452755881,4872.535880974316,1247.1312267710862,4296.538185362522,10700.397679694768,6894.87527673019
14746,16632,13089,17155,12056.397731838553,4020.5708849740913,3144.3448759484972,4945.269934290509,1431.1084317481077,3754.114681027233,9335.000754885175,8194.158702488068
14810,13894,15956,16587,10271.439292942858,4968.455243398814,2681.0335499097464,5257.9490256830495,943.4388492955234,4574.911522996746,11381.105746218247,6367.243979361443
17785,15288,12476,13357,11025.77018533847,1491.5842753899612,2900.1811634871424,4480.717106559099,1361.6183886707283,3578.294151829733,8897.778566951385,7390.426174103775
15065,14673,15015,15380,10777.507703446965,4032.539258455825,2820.6206993140413,4836.561257899704,1075.8738862285022,4305.442668786323,10709.550332426381,6513.619386592273
17024,14586,15976,13054,10786.360342121458,2446.5799768325705,2825.285700173813,4845.102405866886,975.5122390968866,4576.9063162423445,11399.087191218045,5758.518239138956
12853,15349,10574,20437,10910.703057696923,5816.9295436496195,2856.292062166652,4926.415415719999,1583.6853423756597,3042.54162969895,7531.708838386036,9702.7582042039
13848,17477,15532,13503,12909.55108303321,3639.18651708941,3369.7963277533117,4157.27630364988,1197.004868063891,4448.127779018752,11083.770196550213,5700.043601311913
13114,15750,15517,15192,11622.76829581031,4849.264712179234,3037.208240817276,4419.352403628548,1089.45518278718,4447.899418950266,11069.09190582333,5921.714857220745
14856,16344,15784,13629,12084.253098381218,3429.9180330076856,3157.465518797621,4456.079068135438,1102.0317219039769,4520.992042501155,11262.924885955043,5744.462769093918
15350,16813,14105,14141,12282.68805161056,2934.934577170218,3212.515217030974,4448.089877596521,1317.9053283275493,4042.0921022357206,10062.924010764254,6756.226696269661
14988,13629,15111,13629,10013.93956357228,3634.416359746837,2636.340436606257,4311.356454881707,977.2502962248926,4333.732690343944,10777.25740392575,5680.065724897369
13157,16496,15732,15661,12195.784246138424,4970.775742965145,3177.7827982774634,4593.644568928716,1121.7799706827286,4507.793648438035,11224.116873604497,6095.139700092607
15563,15195,15480,14371,11201.583006147459,3445.929159692386,2929.721103159551,4771.507268210449,1064.389370072135,4436.1822389803565,11043.790901540277,6160.111840380274
13997,17522,14835,14477,12876.534177060352,3752.477682278735,3359.3796874204,4348.568654354673,1285.4853530394905,4249.869456643242,10585.074280185561,6371.136057821299
16669,15611,11825,15620,11204.96800878238,2439.9673748965065,2939.3165384161443,4758.93776533853,1466.8282575648843,3393.8704814131647,8431.10096553965,8407.543726385942
15244,17840,13834,12079,13018.98719833624,2229.6154393771244,3412.7151815695324,3802.525315531989,1408.2354408613478,3962.2889941855383,9871.701211788766,6056.033406808449
14272,14164,15984,16264,10475.967667082998,5081.960165702644,2736.132444503375,5036.9140747145575,953.7939486810586,4582.726221891827,11401.285860760458,6147.692147296654
13179,16796,14414,14847,12304.078804900797,4286.023592337845,3216.815993774462,4188.943903975525,1274.9454189131027,4132.155991363745,10281.849902465197,6370.402313921212
11070,15843,16302,15075,11766.371197229691,5818.492762753282,3072.103995069744,4070.2608994688594,1002.5455262088965,4672.72276796562,11629.400837425204,5179.813453990324
15562,14416,15096,15520,10592.406449619626,3880.3637209914064,2770.9333882377123,5013.899975836503,1053.912775220831,4328.622358877619,10767.37741116416,6631.167007458043
13715,15656,14084,14938,11432.290404541289,4164.997376636386,2997.095200716047,4271.06341121864,1225.5260637901783,4039.751840652658,10044.273499652805,6502.413871620762
10865,17538,16274,14216,13038.69960082085,5325.354037709,3396.0353279677793,3819.9429375126783,1105.1482447165843,4662.0140638601915,11612.129244512254,5065.627295934204
14618,14208,14178,15747,10370.085008333652,4266.131241980094,2721.3122275064093,4686.319299536433,1116.4297047377609,4068.524432405621,10109.474481899742,6794.454065381251
15984,14544,15449,12856,10716.348344983639,2869.5984004038796,2815.09142714888,4390.924310951542,1012.94331788638,4427.406423237242,11021.562596629781,5596.337640769874
15007,15663,14922,15026,11503.271760662763,3758.3873551246816,3006.7458563929786,4728.095957452717,1153.534344231497,4277.205890480662,10644.77367752823,6546.357854961638
11282,16832,14280,16756,12323.343906582611,5845.245868586775,3215.004098427616,4246.232466938771,1293.7509270276391,4096.24073641287,10183.765315417637,6661.83717961152
14304,15593,13542,15874,11337.652134490394,4110.987075664234,2969.7104950704643,4563.146482239928,1285.4128862405698,3885.3080838082383,9656.722525348785,7198.944296470174
15224,15375,12300,15278,11076.133739088193,3259.326818708201,2911.152628353301,4411.967611026989,1387.446193532301,3530.797315230803,8769.208857110374,7605.745977173687
14867,15528,12710,16677,11218.512704933419,3924.192104795978,2938.033203482081,4768.425138000607,1371.7303077368128,3648.1006337173576,9061.92273339121,7982.372533710269
16864,13804,12995,14980,9983.56353153379,2729.2146576673326,2626.983094870136,4792.064137920139,1193.3670265252733,3730.216993231321,9264.816425261055,7458.393380489706
15768,16200,13290,14402,11760.379836319296,2761.3513060973555,3082.35505676942,4467.7751198630785,1357.056850265499,3810.7568832309817,9479.294205458014,7170.200428872972
11508,16425,14620,15403,12054.161566770663,5297.419681445758,3151.6708805923126,4013.8947144089416,1219.1645097712087,4193.233011098646,10426.812812279557,6084.49388852701
15434,14342,12179,15913,10314.70791183599,3492.4959600263455,2714.808368711346,4598.470117374777,1312.3325753708782,3498.1951175911777,8680.806490808971,7822.994343434247
15429,16353,13401,15171,11881.31709377403,3145.6177179039023,3108.563691472561,4624.401824058307,1362.8971956469254,3842.64279511938,9558.422006455305,7396.200782987162
14910,13662,13054,17383,9883.179251615247,4524.485318191152,2594.3297840127652,5003.224362932187,1185.270555524358,3749.6886159981614,9304.29379116265,7852.74724595461
12457,15806,15492,14490,11665.80382323646,4823.132989070815,3052.755510620352,4093.4039315680375,1086.0310650408937,4441.060964814334,11050.964170824616,5572.763316671187
14540,14162,16485,13104,10514.2318912546,3845.2025270487215,2760.0636496327197,4283.85510958395,887.5442846528251,4723.823663318526,11761.226946809275,4971.801358982146
13939,14508,13293,15413,10524.622110891643,4224.117079989635,2768.4654509987176,4321.43022061876,1213.5079247768388,3816.491869314818,9476.574688250468,6871.932520077271
13050,15690,13534,14893,11414.395841969104,4312.4131463527465,2996.7281758635963,4045.1783869584824,1277.534495927002,3883.72039024757,9650.356879809417,6539.658153679175
14887,14942,14442,12793,10934.77554469354,3109.309701500769,2878.52666772636,3964.7680682959985,1127.4013830423353,4140.772312756822,10301.196975373783,5712.807748082996
15908,13579,15398,14697,9995.313738909677,3631.852490839736,2621.894987477129,4895.660324169015,963.0679009006654,4415.436019031311,10982.58621048434,6171.174704720266
13128,16217,11220,18712,11594.74460875917,5054.323788954543,3034.308776029408,4670.749371713968,1589.9597188259918,3224.268087649809,7995.688169464174,8977.63046297681
14298,16279,15695,15068,12028.203427936889,4202.564240950674,3136.426740126194,4707.568064462171,1114.2913310339532,4496.6168517231545,11198.296507660842,6160.854226332556
14709,16116,14738,12383,11827.553653912672,2943.403174016583,3105.9268050910223,3875.4308261767583,1181.762045620919,4223.096592353741,10514.834900209462,5557.261676343394
11760,17415,14440,15582,12770.116479284074,5113.611798610014,3331.7379092591063,4085.1794308291837,1314.0377617560732,4140.0245764334395,10299.989931077649,6381.554475313965
12868,16376,16154,16319,12143.299582588483,5512.115152006615,3159.0353211062165,4763.359077629071,1072.9289454274153,4628.311366706512,11525.548878633344,6045.624002558106
15942,16504,14573,12850,12095.806851102685,2410.8841931725583,3169.2157921167,4289.706482273368,1239.032323517777,4174.870976147241,10398.065291770394,6154.011482864193
13917,19417,13840,13786,14183.731786145661,3058.156615890978,3698.2417719052246,4017.258190546615,1533.5412945404864,3963.1467021714343,9876.883774329946,6701.592749967953
13850,15668,15407,17094,11547.961104592981,5237.694905593674,3006.208703803627,5082.976814343498,1114.522608761327,4416.381360836543,10990.539753236235,6786.021438848683
11704,15549,17438,15407,11637.821727868622,6083.90055464952,3031.6320520212885,4447.770784469978,877.7338110483356,4995.539589674735,12442.51737553161,4876.929504221525
13952,14943,16396,14003,11092.022089330247,4321.693946116532,2903.162667902666,4412.067035633699,947.555208332519,4698.135300733986,11697.88940481751,5268.474498761503
12980,16442,15318,14655,12121.814072267165,4552.630190727632,3167.305608182839,4225.681680437927,1152.0571196661883,4390.093479113203,10927.890538821815,5872.051759105114
12593,16275,16693,14754,12117.745025240141,5123.808680646335,3158.7952721211122,4372.107192255585,996.9222364532328,4781.746814033973,11911.228574830335,5255.539003003108
11864,20073,14368,12600,14738.109382609224,3583.6286504887807,3842.086570857272,3370.788751226457,1497.6752349220242,4114.045484498649,10254.014924543304,5642.458815882688
17658,14170,14604,11735,10373.934616926548,1709.0957405918866,2734.1403264139376,4283.379255999733,1062.4412274908063,4185.497339513862,10418.332671960836,5743.947031684418
14581,16302,15120,12296,11998.394577154093,3008.3517412646615,3147.848852327476,3884.96434226276,1155.109441556568,4331.616515683814,10788.309130187852,5395.541187010916
12561,13176,15786,17427,9728.154246458653,6455.832626612572,2545.8944431428035,4895.026162873016,902.725446007438,4529.6937242078675,11256.217783190321,6075.493085202279
14237,15504,14638,16601,11361.816477822282,4674.394595257771,2965.5921327762217,4915.249341267824,1177.1258038486988,4197.607256191028,10440.373879306997,7016.261814839508
13020,18204,11713,16199,13089.044876514123,4040.988644452002,3421.4519331802967,4117.721695320013,1695.0192098808493,3360.6816739238293,8352.24462361455,8034.30970789245
10565,16631,14007,16990,12154.369016591394,6184.788584505692,3173.317610661448,4116.6326417690625,1304.3925771615393,4019.8434684096387,9987.205306890559,6669.143010353778
15220,13938,14304,13936,10182.044809836123,3443.673713889851,2681.173044003024,4331.759709693261,1073.4462533134542,4103.532356731045,10200.467100383099,6162.860803994831
14190,16743,15395,16270,12345.560681697732,4542.622963014956,3210.8383047703246,4973.383256308367,1186.166722027814,4410.675256517134,10984.202939098665,6767.448870823835
14837,12471,13668,16742,9057.505871293924,4658.9814861227505,2384.5773491727546,4908.429705978593,1029.598628679002,3926.5583502395957,9741.4377160095,7177.09207622793
14924,15000,13662,14238,10913.691571259948,3397.6810926873686,2869.334304519111,4270.041260468078,1215.8875916830948,3919.352743020482,9742.678634553331,6572.728102281469
14904,15538,13301,14637,11278.37953598081,3379.951541394922,2961.4492790821905,4326.987922342012,1297.543776600158,3815.815323644685,9485.231491103645,6931.164675509258
13052,13545,14965,15682,9942.915710616158,5206.475936061748,2612.1932314834066,4438.717810575197,988.258447983876,4294.820244507408,10670.113451984738,6033.865469377571
13755,14916,15162,17401,10969.737871721754,5464.50555577693,2860.5246551575074,5085.646924534356,1086.3294346366629,4348.202640467039,10813.739160031702,6856.343419979016
13504,16632,14714,16445,12204.670126140567,4828.042805976881,3180.478204906488,4721.179638090059,1246.9098328147118,4217.764231361136,10496.192115758779,6895.737410298555
15887,13680,15070,12999,10047.834297016854,3024.6653233783686,2646.5992818006707,4320.4904941393615,985.5289184968044,4320.9927467401685,10748.982727813931,5651.17334606482
15048,15299,13510,15716,11117.867383479223,3729.961852200144,2913.1956374428128,4682.4772248527415,1267.9121692661731,3876.0425715899837,9633.995169211586,7306.015223611052
13409,16524,14698,13388,12129.764251092667,3756.846456176682,3178.727748067221,3889.2379946786377,1214.9867729578918,4212.690199266288,10485.306883993004,5743.611750947948
16198,13687,12001,18234,9820.913406246676,3850.0371681446663,2574.700735936376,5356.0854890869305,1291.8698121196783,3448.6400041519128,8552.319062306306,9024.801858901603
13905,16206,14572,15092,11878.374756748268,4162.068048910631,3105.88551049086,4431.082283712136,1221.7394146944105,4177.5656663133805,10394.425414276344,6496.582239439966
15762,14755,15821,13941,10901.765721044234,3348.61104923193,2854.066287197141,4744.1756645936475,1000.0484972454246,4533.650018048946,11287.348708699392,5854.182598300029
14983,13520,15107,16056,9930.688705100103,4522.815419404717,2602.1706213952,4998.84718240216,987.9617191929545,4333.866574914027,10773.124575862857,6535.919062251206
14643,15050,16790,13893,11202.221660315727,4041.104675969807,2927.9882833825714,4619.683363772019,920.3261325860224,4809.540197450284,11980.465053366635,5233.70580625472
17300,15540,13533,12880,11296.228255485465,1737.5241251174734,2968.065759959769,4418.165191262666,1276.2459009068025,3879.2401507225313,9653.742326095062,6730.1270617714135
15470,14238,14968,15340,10451.237545963912,3872.014846703586,2737.3626773063907,4910.239640237961,1049.7438990311248,4292.511861658626,10675.48622430233,6560.813650243184
11984,15808,14235,16246,11560.377912757533,5439.545198771367,3024.799559253138,4263.030182970062,1221.7696973809925,4084.4921316672844,10150.511150952292,6540.85613759478
12663,18903,12622,14393,13694.178810361293,3687.2512276346633,3578.9229981781955,3736.3591269323124,1631.9964721278964,3618.4847973314954,9003.561144093506,6978.447681583891
14762,15937,14385,13400,11663.908070544092,3198.31528026094,3060.5313151489254,4124.559171733236,1212.1830852945284,4123.410954862904,10261.564735775268,6074.136526422688
15984,13701,13305,18160,9926.845004043624,4242.173736507389,2595.504146146138,5519.276965159923,1179.08245440368,3820.332740165891,9484.710751802959,8409.244249179552
15986,15340,14076,14318,11194.030759167763,2915.4408513900744,2934.7528819831086,4613.914779577262,1211.8931675766771,4035.935211183608,10040.06783294199,6789.366126047469
14756,14808,13826,15831,10783.404092232853,4057.683048644731,2827.0772682624006,4691.0184270788695,1197.4456195803432,3967.1777965602723,9858.838390391207,7080.75675792755
14944,12996,13283,16234,9415.480583795063,4262.8669230798705,2480.0922376538897,4740.497758449374,1100.4545962641491,3815.724803437087,9467.317192704464,7232.026655191782
12532,17196,14656,14632,12625.513180175825,4484.518133767513,3298.380020248789,4036.167039631495,1272.2056376200455,4200.88146456477,10455.12537745145,6108.639310971981
14699,16224,14090,15540,11847.089198893449,3815.4796629855696,3096.021215162017,4662.364701101598,1281.3891335428593,4039.779032323637,10050.246484262669,7064.821155066675
11725,14324,17739,15080,10738.414801830479,6129.33619649648,2804.5321209157473,4403.53581995916,779.856069573629,5082.700057684906,12656.33759969303,4554.95147298106
12261,17899,14179,15394,13101.90390208792,4694.376187952619,3417.071345968826,4105.865334253542,1380.9325459433521,4064.325157798127,10114.688498857075,6588.918915284007
15383,13773,14290,15006,10057.898496178279,3733.959440292906,2643.552598426725,4669.521351212461,1071.3039516325111,4100.255693100078,10189.743706534297,6601.602426688254
11991,14892,15293,15842,10969.152512086435,5641.010899865444,2871.678250502958,4309.004287000885,1049.1163545581212,4386.852763766721,10906.140636989887,5887.504345675378
14393,12572,15042,17394,9224.789973933835,5458.870352285322,2417.9211537882065,5194.888220095283,928.472604113681,4317.811061367551,10724.101532693792,6737.629787203783
14740,15901,14760,13293,11668.912142435001,3247.924183601365,3060.453387163482,4146.920025569641,1171.1909452368207,4230.200019688924,10529.759190461862,5894.540472031158
13692,16247,11721,15912,11664.798391871514,3940.0435723886385,3063.0804396172275,4182.47489888211,1519.3277480625363,3365.8214188288784,8355.085708512703,7800.22581920614
15588,14313,13952,14544,10429.91322690654,3340.789594843451,2741.7820595985654,4539.187913800249,1140.8396633643226,4002.731840065355,9949.274957142246,6666.426736338556
15089,15028,12862,14544,10870.087083029439,3266.625632741607,2860.4044111653507,4267.995443670688,1296.6026385802036,3691.3797623522705,9170.677739332783,7012.817574011727
14263,15691,18532,13185,11831.040754308286,4255.617239560512,3082.163559836399,4652.87972434207,774.2705767984852,5304.100745346196,13227.81270974736,4287.179380866472
17085,13654,12971,15120,9871.982825615607,2667.6173804771133,2597.1226818484774,4879.880637121899,1184.842750400786,3723.5519329405934,9247.483486170302,7572.091900980211
15474,13796,16091,15110,10208.29879037865,4115.658378429544,2670.9183211110812,5035.716262667536,918.578354365175,4612.655220696404,11478.397282579497,5963.547991403359
12913,15015,17734,14553,11256.632227198086,5327.51899868199,2936.5131914060557,4539.1844021507495,821.5266737777772,5079.333874771582,12654.645006954495,4688.613996698936
13894,17500,13673,16102,12750.605474938951,4112.458509547191,3324.777209527738,4568.147767397477,1424.5853886967996,3919.4875085670374,9753.575694394873,7417.607379410019
15894,16540,12648,13668,11955.265025174604,2355.2612383210435,3139.126592850962,4187.441640235011,1445.295397321134,3626.748547046125,9021.290601430186,7129.659591619992
14519,13952,12095,18040,10022.682501262043,4681.942332508624,2632.461465281084,4935.661750151463,1297.5405693197283,3476.405924579818,8618.545881368915,8418.291576543917
14481,13800,15709,15232,10184.540220991104,4556.1792668504795,2669.1072892084712,4751.618226759243,947.3904476599488,4504.693453806072,11204.32128994439,5925.093753236919
13995,14876,16589,15480,11056.358584621681,4954.163905744032,2884.594243510526,4867.601945447868,936.077004684328,4753.56958479526,11835.42286427636,5662.846291967589
10608,15225,15990,16029,11278.26081099762,6415.179176955464,2946.574610218642,4162.696216747255,998.100602008952,4585.769338066037,11404.31823516015,5431.803185837125
13635,14892,14951,15249,10938.116212309993,4617.236864332897,2865.9002495325294,4457.603642237866,1087.0538033379396,4287.950666206018,10663.04520985747,6174.603799435233
18089,10798,14374,16606,7875.195077607317,3311.1675097764714,2069.286003305765,5793.751453734094,853.1026400418011,4128.217017904577,10245.767586155069,7504.992184476497
11976,13969,18145,15863,10500.921248209997,6572.884942175754,2738.148288531071,4720.969285861096,730.7039480007154,5198.601851010084,12946.383552661984,4570.848403986834
12720,14768,14463,15722,10809.534159127845,5095.320665725063,2835.1714963880104,4314.284398695123,1121.6467255729488,4150.322038472438,10312.677198211371,6311.055533112314
14887,14698,15789,13325,10859.257940230858,3563.9721860250256,2849.3865151165255,4329.612990276515,989.1826826034194,4524.904543443748,11264.102030978636,5430.218402728918
15330,15567,17480,10495,11646.448309632899,2629.8166858898076,3055.4615010603993,3864.6405756243694,864.4555963771103,5002.844895475571,12477.145954397489,4017.0395786431245
14712,15561,15323,13665,11463.347295545855,3542.8101125354538,3003.315055912778,4331.328119623264,1094.1125421527836,4391.205331211375,10931.762949947597,5790.23555234762
17234,11558,13005,17170,8347.330473046095,3558.842884578988,2196.9003001965402,5473.6103295375915,1013.1068088620502,3737.69691458297,9267.326180519305,8140.6526732925895
15588,15105,15691,14500,11151.626414907802,3532.572127592115,2914.9885253856364,4853.481764557527,1039.1872138539431,4496.405334779987,11194.571757056721,6121.715293636879
12724,15762,14909,15341,11581.791002375086,4928.283371975675,3030.039443428756,4285.1474665311725,1149.4920161582986,4275.35175827096,10633.65114240393,6127.612226792047
11751,14973,17958,14292,11246.485319019466,5736.5222108872695,2935.6097870135654,4239.276810548929,789.1391931913872,5143.732427490451,12814.326105043494,4325.418667338261
16408,15160,12656,17507,10940.89019335957,3319.1858224717325,2857.0554334866774,5367.129995423033,1361.5857806830252,3632.224615894036,9023.882401626523,8830.617840442867
15577,14405,14008,16270,10499.206092692644,3886.520574924237,2749.071947581422,5033.609453171917,1157.1480646019536,4019.1844060076064,9988.834786181698,7353.577469272438
13979,15573,17277,12600,11637.291111341938,3875.9880623089284,3044.172250572834,4168.6759530430845,891.2388694020839,4947.129534063746,12329.883353493924,4551.681921764524
15165,12719,16657,15848,9445.636139559652,4862.149122644005,2471.455058796909,5240.479800649402,801.8443230272046,4775.7373344757925,11881.344110495225,5742.821908179507
16407,16425,12934,15079,11891.513648977041,2454.292874622648,3110.8365879004045,4765.384921843602,1422.4048937810985,3708.660875886227,9225.440793468348,7846.909410815237
12255,17451,16428,12372,12983.06910611549,4066.6865587268867,3390.4204494917785,3637.774456898612,1082.0030856764606,4703.973888383742,11724.064597370276,4666.842829873904
14854,13504,16967,15434,10056.306345764144,4815.049568113168,2627.625780201227,5114.212124018748,820.9318359660409,4862.680217090948,12104.383303963214,5507.195618573257
13025,16964,17421,11861,12702.21885026848,3840.7565075710177,3317.15778557214,3791.81222501965,948.0854505729637,4986.351337540471,12434.656640684821,4232.350466032147
14272,16085,13507,14606,11698.437429579499,3621.438848591777,3068.1533501409895,4220.202089378908,1317.6380025173573,3874.0920455368005,9632.956372426564,6767.116588498954
15487,15852,16720,11749,11796.091409018933,2777.4890180195102,3089.6184640622723,4191.593173781363,966.4650447429332,4786.861536774799,11933.096087399696,4784.900405766348
13251,13713,14076,15873,10001.05365047339,4965.785070818272,2630.3181645377763,4404.468520404427,1079.9287307463283,4041.5825252103377,10034.42052164649,6500.009517694885
13860,14476,16416,15190,10743.961845213777,4909.108355030502,2808.6233900878156,4716.94494457641,924.265865632108,4705.045908674405,11710.981918704712,5565.3649104271435
15794,14426,15540,16070,10633.309323249126,4024.721205020013,2774.2872744080505,5324.313298836665,1019.6283719481653,4454.9102347115,11085.096822094201,6730.800028666742
11650,16448,11461,19800,11785.453153584556,6244.664957738897,3078.438151543897,4646.189272408477,1587.2984239606974,3294.4906743486245,8166.813047043142,8916.366309322657
15551,18020,12385,13027,13013.526829553279,2082.506966956741,3412.6348494401536,3917.52376873892,1593.4668392553133,3549.2395544968117,8835.800692657656,7041.731682614063
13794,13849,13486,18122,10052.405525765895,5445.028448286237,2634.1062222607193,5008.675785512474,1163.3014755681045,3873.4648583670887,9612.466122366346,7673.165075512058
16675,12261,13908,16285,8918.114071845688,3657.0085540163186,2344.582373163296,5254.978503545442,997.493773529952,3993.7130458692814,9914.275454381517,7373.794641157416
16043,11385,14560,16540,8317.373410074506,4368.3276934562155,2188.922253030484,5269.792274358428,877.4342027809879,4181.324537582474,10378.613685357843,6902.796742454683
15351,15478,15732,13695,11433.680011896693,3338.6598698740977,2991.7751548976075,4567.992348265121,1052.855352072759,4507.301402333871,11224.659691118284,5792.176953724854
14030,13764,16568,15072,10222.969914137644,4915.582673768283,2676.180620451568,4738.288801708528,866.1220807255784,4749.220129623331,11818.819604686756,5419.169232576722
16209,14766,13384,13880,10718.304783650565,2671.5673027327584,2819.961045126589,4404.013387787172,1227.2530288062512,3839.3415914908096,9544.668602190639,6803.483530185032
13869,14681,14143,15662,10717.305155774164,4509.072348538962,2811.6946642709163,4496.50531253095,1151.2406117212038,4058.3477158780634,10084.658689968228,6658.039338864933
14500,12540,16951,16766,9332.98142408727,5675.319102829216,2438.237747586753,5370.071817704477,769.3947422371573,4860.194169192481,12090.859634816436,5705.67851515238
15236,14198,18696,12956,10710.296770753519,3958.869531203922,2797.165922602495,4824.502808144791,689.9188752260703,5352.228463592889,13343.85207406375,4176.470992272493
15934,14725,14076,12891,10743.86874592175,2651.999578603145,2829.2338681529304,4160.590256407131,1150.7166638344768,4036.1467926080304,10039.80125094154,6073.359230299306
14206,17415,12968,12671,12632.404248977198,2781.752201335875,3317.3846162808845,3620.2340568344002,1466.1377950439567,3717.388171526998,9250.672356390643,6275.939370771991
13274,14851,16194,16173,11007.033207198449,5481.967502710211,2872.301582964252,4810.085367882426,972.484842716397,4641.998199702812,11552.002825509257,5880.5077679188835
15437,14358,15640,13916,10593.167948045826,3532.3597415198888,2778.040014692516,4606.2890414751855,987.4752810762873,4482.978589332966,11157.033144799663,5780.28768410679
16827,14596,14271,13002,10662.159492188583,2299.2453688403452,2804.314810746195,4437.876697331178,1129.981435563511,4091.390435733105,10179.532340125175,6267.301982992213
16302,12955,13547,14818,9403.945625596338,3221.102988145491,2479.442309530247,4690.782044439766,1071.4821308095698,3889.2414020937385,9657.783976964081,6909.755291140717
12786,17461,15184,13356,12871.937552945414,3977.1699499923143,3363.9897919929717,3833.6922435619153,1225.7336452161812,4350.002059366407,10833.979964956081,5543.661004063928
14316,13628,16611,14212,10124.250283825178,4467.292496108275,2654.9096468842154,4567.141603514998,849.5931875985351,4761.128397044053,11849.923386781464,5179.82846535723
13645,14201,15071,17775,10432.79173841756,5756.627201011896,2723.7693334428377,5132.976397610548,1045.6040359240778,4323.770399554929,10747.155469826583,6887.192789957784
16301,16354,14233,12240,11955.778580521805,2062.6669089109396,3138.512862739184,4124.079134782714,1259.776948758422,4077.645822140452,10155.268448006002,6061.053706482123
18641,14112,11550,15304,10097.991990805875,1447.356925287654,2654.259420192494,5086.081160279367,1358.952099401681,3316.6672294415957,8233.455966434092,8766.952522027826
17648,15326,13589,14058,11141.419843731182,1798.9285956213112,2919.3601289579765,4888.094879936774,1265.5029356001708,3896.0336640936584,9693.0276440917,7364.193756335443
15310,17171,11889,15675,12344.803278017069,2920.575856825898,3231.0270373672374,4490.351306786371,1594.8364603837447,3410.379491529262,8478.558249535005,8245.998145228641
16441,12511,16804,13150,9300.078878239117,3307.1513290306043,2444.9988366696134,4781.250908951422,767.560789325797,4816.016498357997,11988.122645549558,5060.957208493232
14746,15192,13909,15655,11072.443996391776,3962.4263612624327,2900.7233069479526,4659.185140045915,1218.7019626884694,3990.08416092901,9918.935773870533,7034.415936661168
14201,13780,15596,15123,10161.88818486449,4616.669933879504,2665.1946893682466,4637.583480714262,952.6581105150906,4472.747846830609,11123.25271525715,5869.9897676148685
16111,12122,13822,17280,8810.244583917274,4294.420549558351,2314.1287207191112,5374.158973125412,996.1114264623837,3970.2145709422316,9851.745951725163,7610.773097966025
15300,16950,11861,15546,12182.312614008457,2931.3361552906226,3191.0337431697017,4446.42015519397,1576.5085467016393,3402.786636926816,8458.137658511738,8152.842280895436
13262,14932,14577,18387,10933.980302914188,5953.997486173019,2850.8338326024405,5124.653657530802,1147.9272764157627,4182.2609790130455,10394.663710607136,7313.850462363829
11990,13735,14490,17666,10047.883088643146,6367.977004207911,2633.6986656068198,4643.240751295355,1052.549116793471,4160.992754563484,10328.898297502381,6647.91673841551
13405,17850,13629,15161,13008.785332948173,3966.503447366746,3396.4484948495488,4210.4937456702555,1445.024026078212,3906.659744097349,9722.384131361237,6977.659644120903
12444,16050,14547,14350,11768.113184590784,4524.682837431808,3084.1936690467082,3924.4494343922397,1196.9258810058182,4171.8216631043315,10375.221921380118,5899.602185539829
15571,13420,15412,15963,9877.926051026345,4275.866843378075,2585.7781378323384,5175.119976474949,957.2220419345733,4420.361980971655,10991.656476925802,6516.964710800644
14120,13936,12864,18278,10068.53403194615,5165.120654007948,2639.859489928536,5025.909948030423,1228.4006634182767,3695.9262613067913,9168.033733933435,8088.8205968365755
11907,17287,14750,15336,12703.029068005288,5042.611886562631,3314.356579845372,4097.224441215963,1269.919784203948,4228.243876945374,10521.757620013428,6193.6143488380785
18000,12803,12430,17584,9210.731558195479,2799.5655422520513,2413.6142895747425,5720.533230315659,1176.0235739852033,3571.1752981149893,8858.922809052605,9073.103429219378
14878,16240,13317,14037,11795.27759060259,3102.0978851374653,3095.536030886504,4168.751194391774,1348.4915175835172,3818.932722444923,9498.112532112473,6765.750011963997
13392,14812,15300,15020,10907.472244064038,4726.770687968376,2857.9204137858133,4394.929527544782,1046.1190055855463,4387.47483415463,10912.5251614583,5899.384314177327
15274,14925,15250,13523,10984.262643102204,3316.482976293535,2881.970883240362,4396.65652202785,1058.8418236083658,4370.9894953852245,10878.985189760915,5810.251192033976
14454,13921,15201,15307,10236.305039893941,4459.248656556825,2684.625344379848,4686.370231575091,999.9304936653908,4360.062725950205,10840.932207406655,6162.068536435657
13200,14081,14175,15257,10280.257679017828,4722.900750456876,2703.828891359354,4248.82956467962,1094.6447449914638,4068.9250086402208,10106.09254645582,6281.48753818969
14473,15276,13020,15879,11062.49002069464,3970.4348734591626,2902.5546923730535,4519.535360707029,1310.6775513739312,3737.051393103984,9282.981070630898,7391.36367302094
17171,13642,15327,14368,10035.168667778757,2805.2562187291655,2629.724118524632,5132.861446325132,978.3805208156795,4394.245017998024,10932.770145215645,6426.984676798208
17131,12530,13979,15640,9120.121321277511,3177.891928264472,2397.496213500279,5205.128244374825,1012.6121089354531,4012.8954609718057,9966.101748258952,7262.488443979747
15286,12904,17959,12566,9677.030020177586,3803.630372870939,2541.15841666795,4514.5004450856695,688.9568937958236,5144.02086316253,12815.00961107192,4246.285213975883
15834,12626,13675,15908,9171.121706641417,3862.0712169018525,2415.0971666888668,4909.309813038085,1040.3484829910126,3927.1613011716663,9747.84950676297,7135.201583122017
16571,16200,14600,12322,11872.544742515496,2012.6162853582268,3114.1601920485173,4281.241124083145,1213.4874486285814,4182.3226691075815,10417.579563438157,6034.817624508794
14980,12095,18788,14049,9122.891026027837,4846.071509789707,2388.4484148651327,5027.996169285693,585.6531426245701,5381.563054911903,13406.385553503605,4167.098745173997
15318,17160,11956,14556,12345.784297977356,2646.9011388245244,3237.6469756925003,4205.2719332838005,1576.2185165277615,3429.192141040823,8526.754570193678,7699.506540200834
15960,13217,16353,15086,9795.092315968433,4007.0535228993976,2563.3893866361223,5194.022846185,858.4956870019006,4687.830864372871,11665.266646478884,5887.777771429306
14112,14372,15887,15937,10623.939409738668,4973.031149688822,2776.3854229927374,4894.373335290269,973.0855318506607,4554.837803224049,11332.171342521746,6071.286462231977
16723,14832,13826,14606,10798.955867479468,2638.3106893811487,2831.855496205932,4828.156341059215,1201.1610343135771,3965.2084039213414,9860.81276997492,7137.801305073425
14146,14763,14445,16206,10800.02510356758,4641.604189740102,2827.396941539962,4747.726019033933,1135.6232546332078,4144.05208020999,10300.931729736687,6816.843042922511
14850,16132,12752,15251,11665.886263178401,3391.835520173509,3058.9861018363563,4401.642631640263,1406.9157379043827,3658.618681281034,9093.416836693497,7454.20693017723
17421,12370,15437,14941,9100.3914400638,3103.2928742231834,2387.4360033361027,5356.773964386521,880.1779153925737,4427.784232347209,11009.28047328572,6477.551342216635
13421,18319,14347,13464,13426.887700239278,3458.0597904252527,3507.1783119167885,3882.885364132805,1385.5837091928504,4109.802777438777,10237.193275148713,6116.863795367715
16159,13760,15356,15452,10125.245828832129,3701.7720900108347,2649.610885181195,5186.061765868068,986.62359342519,4403.315136604594,10952.705909550272,6567.715665615665
12743,14484,15331,18549,10663.588496940196,6569.2867523563755,2778.919123811569,5154.733900871537,1042.4212799356476,4397.955618903348,10932.93793117729,6825.147666694899
13888,14392,17854,14735,10793.904181076696,5091.39303524797,2815.904484425132,4840.252555891597,783.8809930050896,5113.825680694636,12740.13607891847,4807.510112811056
12438,17480,15688,15195,12929.348665209898,4962.10361940478,3366.4204530593324,4309.836013339356,1183.2049325647235,4494.129292501966,11193.76206651302,5914.712450186368
13848,16502,14592,16107,12097.294567015666,4516.444091512074,3155.2137920313453,4694.416389943022,1249.686759253098,4182.96178132612,10409.01440313731,6895.158183316063
13584,14733,12915,17539,10656.275791663129,5045.424306207041,2793.762465017615,4732.9060101261475,1283.19159973209,3709.3581943245326,9205.620905296453,7762.508820577456
14606,16228,14969,14577,11927.358438877543,3726.3283765218166,3117.344924039455,4521.085240655151,1183.358890963032,4289.778722513921,10679.185671671854,6331.558825590725
14504,14972,12443,16802,10792.63037857378,4181.39287864493,2832.309048724478,4674.9414185125415,1347.182152536938,3573.416036914208,8869.565829238563,7940.309007166539
12805,14868,14349,14442,10876.424030224556,4508.333555758011,2858.715318506592,3982.2438807548274,1130.0824700312787,4117.1287811102975,10231.905814966347,5942.976397787462
15383,14688,14204,14962,10724.838414261842,3561.9614930419034,2813.3477601707386,4658.603348650471,1149.6489389126307,4074.2035609199693,10129.800878261323,6745.769259959194
16014,15968,13205,12864,11585.708875925533,2283.601996154959,3047.1875539275384,4058.895610223003,1334.467037951798,3785.8989971224096,9419.100484018221,6524.873325142478
15284,14189,15048,14272,10422.578998191331,3629.1391002352652,2736.3617433913196,4568.593115392944,1030.4651535035712,4315.053148467106,10732.94126750368,6074.557076491827
14815,13719,16212,14254,10161.67417558363,4157.679177852294,2665.181402808834,4634.5626138122925,893.0609156885458,4647.251483646381,11564.799490192083,5462.751375782486
14616,13750,11925,18918,9861.809872568894,4932.898678661253,2587.488457015398,5150.14221912677,1301.5763113240787,3428.3857503272134,8496.56706869156,8831.450170266724
15402,15942,15478,13734,11757.305944590174,3194.545988614539,3074.563880596676,4562.293003341816,1110.3006638843783,4434.232820667132,11043.705350059456,5979.843260352278
15635,16058,11286,13616,11491.806798477832,2371.665411755544,3029.5388671544897,3899.753686896199,1536.0793524461212,3239.2124464552608,8046.734539521329,7346.092555305245
14256,14615,13591,14819,10626.303868512356,3926.5582641133074,2795.1183434775794,4273.335180166069,1192.08380729432,3900.6309172470424,9690.42373774452,6623.020690460905
12868,14296,15900,14652,10572.278353106401,4995.5654035708185,2772.4805688733068,4267.988367747662,949.8791863382963,4559.17111786929,11340.820050465914,5389.531531898795
13872,13320,14829,17250,9763.457352179214,5490.126160431501,2557.8746816494854,5006.397592103187,999.7804730452655,4256.312476395824,10572.608556229734,6754.149938593656
17267,15028,15075,12519,11043.44646945258,1964.4234560459267,2898.0822689071642,4574.85214030788,1087.1389401489696,4319.180712856967,10755.719628215666,5981.100680669396
14591,16665,14846,13082,12242.714301201035,3149.7269813380044,3206.5416976081406,4082.196534460062,1215.3167534805657,4253.452190156355,10592.491355637056,5846.021476670543
13167,13706,17394,16717,10242.820764134187,6262.457535995544,2669.958221002408,5108.787913984168,793.7590564422051,4985.066673609152,12408.946259039363,5333.997507505355
17194,17920,12487,12169,12946.039917269962,1059.0392514871087,3395.867722953484,4064.4390503699024,1577.5936988513138,3576.9569065830624,8910.253875541242,7058.3076263635685
14329,15335,19402,11475,11633.150576706808,3791.5989134213305,3037.6265989762187,4279.447742098435,664.9799331455499,5551.170152537705,13851.138082077168,3426.9732395187784
16845,11452,14840,15116,8384.563685047107,3532.296145832211,2209.5139328007726,5108.224917766486,856.5043609358838,4259.739268385723,10580.259089637111,6482.22792500557
16416,13735,16030,15180,10156.592912667249,3605.571946203979,2654.2963587365703,5311.34994487471,925.0038987759199,4594.884680694136,11435.17245942284,6261.419369242919
10353,18018,14453,15459,13228.020204098335,5549.413774205406,3447.4602636698455,3780.493280601584,1345.5629133730827,4144.22264901925,10308.891055827495,6115.072854321806
14350,14430,16717,14253,10732.50548338278,4388.600656545201,2808.2005073137634,4621.700784516788,890.0658120260463,4790.053973484338,11926.988196318183,5244.869903986149
16116,15002,13440,13440,10896.34419916529,2571.3685317128693,2867.62991682109,4267.857689201322,1237.328044273372,3854.7145925390478,9585.281453466629,6599.524510201557
14136,16848,16240,11032,12505.988070965603,2905.7164647237446,3277.8278134180555,3596.0477035294048,1067.3968143852544,4649.155968962882,11590.783051088198,4527.436187488214
12600,18151,16519,13440,13512.213922907755,4293.320555047543,3517.5703883121123,4022.957403627238,1122.022385388205,4728.846942768699,11789.987061921267,5115.515119231875
13717,15876,17020,14742,11842.91070554647,4749.809045279725,3085.5796869023116,4688.476880644377,947.1754077111293,4874.519428983856,12145.369860373965,5308.378144789616
13869,12096,18225,16025,9087.10593290221,6067.5758599866285,2374.632613238454,5211.411571214645,635.3866195792198,5222.832035046515,13002.067065331514,4723.11848898258
16302,12958,14993,14934,9506.033295850451,3528.0430715345524,2497.269955125957,4978.030581844696,955.3376349891911,4301.0638565854615,10691.94407896595,6429.275132678255
15525,12402,16832,15578,9220.204801342074,4667.734291370319,2413.7689411388246,5283.457534183995,768.2401519911614,4825.70212604108,12006.406815062108,5624.241982509794
15041,16117,14585,14284,11811.536539192475,3351.8934481513743,3090.90709391261,4477.715817854212,1214.7696644887267,4180.236172500792,10404.745510057297,6454.681242741539
13887,16843,16330,14354,12507.150642797062,4199.737755374854,3258.7929055306413,4526.202041336439,1076.1465580006484,4676.442020271242,11653.39718648869,5627.757924006091
12753,16726,15872,14212,12383.688495728526,4565.8969449766255,3232.957513510898,4144.996184038011,1108.2428473085686,4547.258102795434,11324.722308711996,5494.6197937207035
14235,13053,17120,15096,9730.340758004268,5067.220014887145,2547.8115905507952,4873.465691747893,776.1328094786994,4907.071665505737,12212.970742914848,5153.884470978755
18342,12515,15203,15783,9190.08274922907,2642.7843404487126,2401.528273675525,5865.722376094749,919.4075829782015,4360.840572498078,10842.23133197453,7260.665340438685
13866,13376,14057,16138,9750.32458045507,4845.529303842976,2564.2286351714447,4600.7140831182005,1060.684745872174,4036.3045534985336,10020.684392069155,6694.796614987733
13305,14746,18690,10763,11129.715877317807,3805.4673006563535,2918.711240888395,3663.922122492796,699.4032094279817,5349.215037101348,13340.798038208199,3336.4891559524654
14811,13773,16848,12733,10250.12199517951,3719.121070969606,2692.6032871135258,4283.914378939241,830.7272749846571,4827.2643708310925,12020.804184479008,4726.191148637312
15142,13650,13176,18434,9881.053093117589,4803.9566328214305,2586.4747340888375,5353.077105267476,1183.4901063894001,3784.4079756331284,9391.575023842577,8280.600775540339
14771,14190,12685,17466,10240.411565428762,4452.109391627154,2686.8513114473135,4937.774578156146,1263.3333407654718,3643.727948214774,9041.252820323016,8071.286587217745
14920,17524,12329,15830,12642.050503347451,3187.611912918475,3303.7505863163833,4519.088753582222,1577.4737422257797,3535.550222171477,8793.476251693426,8105.751331351174
16827,13568,12076,17798,9740.356407032286,3387.16765426423,2553.73765142052,5408.960248412811,1274.0401467421764,3469.674128187372,8606.323836593876,9006.060721802578
17771,12871,15958,13503,9508.60518713186,2482.6550094833287,2495.4801728819193,5127.378833183723,867.3121004282891,4574.377816099999,11383.711111413733,5886.277548945142
14700,16644,13738,12987,12130.743446963359,2886.853525190535,3184.431451491454,3907.9343436989275,1328.6150444723116,3937.811879730406,9800.195042136267,6191.960688272417
12959,13609,16498,16852,10103.081158716679,6170.460878344296,2639.244884664052,4948.578877556438,868.7448637183949,4730.827567299684,11767.185794473482,5728.1341086492985
14420,15484,14212,14170,11315.282113536196,3637.757196001186,2969.5954803066707,4232.246438751749,1198.3997679990853,4075.5579190539083,10136.451045336082,6302.128687741698
14970,15863,15084,12702,11667.897968173675,3022.9329903721905,3061.42666521689,4076.778917732099,1133.1080294984633,4322.006580756959,10761.927992606365,5597.6438385648
16632,12470,16133,15925,9221.657243716407,4002.0847445766444,2411.721073218913,5572.934365038804,835.0836695330967,4626.41081574501,11506.702659053244,6346.524846051467
16910,13206,16762,11311,9817.563556940344,2412.2047456343034,2585.9634537776014,4308.884975909861,805.5440263660207,4801.589758254471,11960.467997979165,4592.507919814696
14839,14080,14756,15297,10319.654899146233,4148.944105072202,2707.2723028196406,4704.524401407234,1052.9619266495647,4232.900656241249,10523.093088832235,6443.522758428923
15913,13254,18160,12979,9954.684933039596,3665.404573414572,2606.658591196918,4874.5480374930285,694.470405912086,5200.775808184928,12959.328942943106,4437.696350534529
13871,18181,14271,13087,13315.993890702293,3144.1101383102114,3481.3276692365903,3863.662420757222,1384.1021688217138,4087.8499999516603,10183.145151329209,6075.363409402783
16113,13325,15637,13862,9824.640657990898,3347.1433531636503,2581.470703299486,4731.626187149126,920.230492248271,4483.329307232629,11153.710951347268,5785.712575233631
13897,13412,16597,13173,9962.86416794841,4245.259369934614,2619.965805094925,4162.519252825425,828.0328767150274,4757.174180637466,11839.847779147796,4766.862793552609
13760,12524,16884,15366,9317.670663464993,5391.482675877875,2443.861933214155,4789.1046654941565,762.566364450038,4841.150954777301,12042.824659241189,5184.974155974072
13164,14388,16234,13534,10666.859063567725,4483.435120683509,2799.875451813547,4072.556137088158,919.3855066244466,4653.239418026796,11580.771646886067,4979.01595029103
15661,14321,15540,15180,10556.44781766687,3824.9652673500696,2761.030761222658,5021.051774275364,1004.8451924072407,4454.941648860951,11085.068085636074,6338.841757517033
14745,15529,12834,15142,11233.072770877305,3525.999516643831,2950.0446559025004,4357.428677159247,1345.3910943423007,3683.1081171783717,9150.936390772098,7261.252315537682
14983,15780,12355,14592,11377.455901904541,3122.6986949219695,2991.50795200256,4190.545084232809,1410.4750491775187,3545.6869458360125,8809.34049121152,7281.3640365141255
13520,14356,15774,15336,10605.068476508297,4973.6382188633925,2776.896508097274,4574.542767813173,974.2675255109459,4523.012140224104,11250.994746131984,5788.978297016705
15522,12240,14935,16371,8971.55707891488,4524.659518032829,2356.3151618159336,5170.127137320086,910.6332051696696,4286.847847617947,10648.111875922636,6675.40052879015
16625,13054,15334,14040,9601.394138136046,3135.8428020155243,2523.70951949877,4856.269349839942,929.5883710524992,4397.326628196906,10936.698977684893,6053.6989597522615
13153,15825,13216,17000,11481.664678321831,4961.496300493352,3004.510117188005,4551.117400676629,1338.906400789765,3793.36441729354,9422.646761812974,7486.320233649288
12428,17157,17036,13869,12813.004849105026,4791.288355580038,3336.8256456914596,4163.85401478388,1006.0419059260838,4877.774522191942,12158.14131533198,4908.120196430831
14980,15387,16170,12854,11403.460196044976,3337.7834975001374,2987.7133509857053,4293.4050692753035,995.646673564797,4631.945803840967,11538.04264522541,5222.803571411558
13453,14484,14560,15373,10606.007946797608,4705.7482199168935,2783.5511450713866,4390.96552771701,1093.0885803879592,4177.612221421137,10382.385250722447,6278.337391449069
14019,14216,16682,13981,10570.411338833188,4444.7187012424765,2769.5197574316153,4453.939921387813,876.2279705065972,4780.516805492334,11901.529377241699,5084.29431495334
14968,14939,13882,15987,10883.31443003695,3995.834667777061,2850.520924907592,4793.503230720973,1205.288133375413,3982.758106460533,9899.260944354974,7198.055979964232
13496,14600,14530,17768,10685.68081164554,5619.709325640211,2791.209781921333,5013.137830036931,1123.817227771853,4169.3134417554475,10360.611287430753,7137.994170663235
15276,12958,16591,15455,9619.616867718201,4599.840274384801,2517.7648433754507,5150.789873990194,820.369357305421,4756.412471333929,11834.674423133614,5705.318427816716
14527,15601,14101,15407,11389.986456714989,3964.281906584199,2981.8963083453873,4577.417249556522,1228.785890236418,4044.1316874116487,10056.883514312984,6867.2264632686965
17222,11333,14554,16472,8278.145127973165,3719.2933433144945,2175.141755452226,5556.565236881163,878.4097621749669,4178.96198178579,10375.01457240494,7199.873333235908
12977,14723,15031,14699,10821.781006920937,4715.865935221525,2839.893347976463,4181.932650353518,1059.0367007557536,4311.340736582082,10719.655016316281,5800.629536085205
15799,12180,15617,13498,8974.25125333926,3533.704554966089,2367.6532466024532,4508.445642869792,838.0047005380859,4479.334147961783,11137.684052314038,5455.6658507049215
14835,15507,15571,11760,11445.138308182964,2920.0062682191274,3007.989196769747,3828.8894229896323,1052.9948056815651,4460.70394146505,11110.232583722025,5001.645353595726
14760,13585,14954,16051,9967.96496308229,4583.750552823374,2613.116049866542,4918.688243235663,1004.523692352115,4290.395962108987,10663.586751003644,6549.309277956801
15080,14336,12588,17439,10338.725849149403,4233.873774857859,2711.429985782236,4986.124748921075,1286.4596936583239,3615.53314586725,8972.453318740736,8212.505528101916
13669,14910,18245,13998,11217.091029963827,4905.645619199236,2925.392104565226,4654.339834236507,768.2395797477524,5224.134731976505,13020.804978521131,4444.341281592194
17387,18040,12001,12586,12986.89737140184,932.5287631244485,3405.3422369806444,4156.639830370399,1646.8832121739993,3438.2835670393506,8562.96026696223,7508.478558534772
13793,14210,13789,16743,10342.179665949921,4934.487738581167,2713.102304268018,4705.421373435924,1154.6400814529752,3958.804113277545,9830.17419962394,7105.823151986971
12664,16392,14502,15663,12013.270925523833,4903.1255672800025,3139.540005872275,4298.2698612286185,1238.9959563395498,4158.593123552096,10343.40325032477,6460.176577143505
13750,16301,13938,16711,11891.339752173004,4662.34704913608,3103.8366217227467,4721.633676069995,1305.6738503543634,3997.374723711916,9940.646285521514,7323.824138509478
18101,15727,12747,14854,11363.550618642166,1429.9255597005983,2972.363105858509,5111.49146789748,1389.871246286651,3655.4353166430037,9091.772476375396,8307.013845807069
15569,12586,16245,14058,9318.128215972245,3906.853527275787,2449.923614385616,4740.595418754269,819.5214727596768,4657.8375980901965,11587.240814229917,5412.110874616827
13846,15687,15340,13108,11561.672430100407,3711.421800819812,3032.7104851197764,3983.449065892155,1091.4280160082742,4396.232971143737,10943.749883881956,5411.704804420653
14242,13356,15870,15750,9866.255924598081,4972.348632610808,2585.3478700332867,4857.263850672462,905.0963933065422,4551.536918214126,11318.467859509306,5919.857472008497
14576,15336,13893,15525,11177.632844520851,3976.358511626051,2928.598140906999,4584.210931531815,1229.4888831509138,3985.3774335866674,9907.644057441135,6965.418269632394
16345,13214,15141,14484,9706.076392045086,3351.262303180943,2549.72192461797,4888.169000904487,958.7318377803093,4342.526734591359,10798.485886272858,6248.427351963898
15698,12558,12996,17920,9073.272409301362,4465.992316871556,2383.32891052124,5309.431567905163,1102.6922721483077,3734.6811125659906,9261.296930969022,8141.73193753198
16842,14850,11799,16533,10649.569023608417,2712.949325062479,2792.7829928019073,5036.841712106721,1407.6026011290664,3387.9763197161387,8410.995188860994,8772.38058017391
16078,17016,14235,12960,12443.442416721071,2216.561676453096,3257.767105000713,4315.504468451093,1314.7652001577603,4077.7414788348356,10157.241535363017,6432.521939633878
13665,17091,12383,16633,12334.295157671213,4191.890726036243,3224.5820328700734,4449.755453552636,1532.5419885131118,3553.1158924125066,8829.906224683431,7984.219394525428
13326,14571,13696,15816,10602.706074743452,4718.922363140482,2785.3060082940647,4356.2936586549895,1181.6359742891852,3931.8603814744374,9764.17460265406,6743.450753121843
14468,12586,13380,18509,9120.201727941796,5419.69310257461,2393.9891878670833,5239.504551065322,1073.0718178113198,3845.1215862378313,9534.806326524882,7854.352330298627
12688,17200,13650,16820,12531.364709709558,5019.395121017677,3268.3935927566254,4469.434983350391,1400.2063327384699,3914.7660144940064,9735.284556390137,7323.730119113365
15790,13568,14340,16401,9908.252914507235,4036.7815779563425,2596.1733011688366,5166.407644410212,1064.339311769853,4115.062522675097,10224.932696143838,7201.635342955068
16608,14559,13515,14262,10575.521871958843,2622.2390528773903,2779.5406376874353,4629.861647606078,1203.7762774979358,3876.9543689911984,9638.056459476757,7009.8016356231155
15365,14718,15901,14223,10881.200755040178,3666.623302238479,2847.8740997378827,4736.584459706008,989.7878243944008,4556.839493659729,11344.167941352836,5823.844731622111
14187,13668,16354,15897,10134.527137595987,5142.0071155355445,2650.0511204572094,4968.020014246595,885.4625722671758,4688.703541279099,11665.332349233959,5785.977725850393
13715,15266,14658,14350,11192.39787059791,4126.802856698742,2936.4290956304144,4194.2033185727205,1136.337619034982,4203.548450683479,10454.458473582068,6028.431040183595
12568,13702,16566,15096,10179.401209891086,5542.934455721239,2667.6734313837733,4414.352598065047,854.1482592579238,4749.749953838968,11816.232046611694,5141.333325917114
16426,15043,11232,16085,10746.49679904331,2719.4843298083247,2824.7473380346287,4716.7055026361595,1471.9225301617619,3226.075560131392,8005.776092519,8637.200865862289
12546,15122,16492,16560,11235.175547567957,6033.558348020285,2927.809187394467,4787.723352525516,959.2759657379354,4726.895345523953,11765.103446537621,5736.343041188224
16761,13720,13293,16491,9941.517676518408,3264.49389597439,2606.093659872993,5256.057458312899,1172.5738080473097,3815.9879563401346,9477.063757760736,7975.43188281058
13067,13590,14172,16253,9917.462251183397,5233.900771640976,2607.0547899268704,4476.640995960424,1064.0715744640802,4069.414305794244,10102.562940344415,6538.463425668508
12496,15704,17600,14861,11766.25718953219,5526.15306719457,3064.832956510706,4513.076494120185,871.6056561634323,5040.608243456401,12559.348112424519,4822.196679986885
12911,14753,17186,16632,11014.088228593428,6145.785056835598,2866.893343660391,5003.339351608438,873.2609993115617,4924.470715418169,12261.498625626073,5477.925640082309
14866,12754,18146,12263,9577.558981108019,3917.22834370089,2517.2886258515678,4339.6401441040325,661.9903974909107,5197.294700560369,12948.645458243152,4004.8630254950526
13728,13617,15250,15688,10015.765902049163,4988.049122113366,2628.001472444283,4629.4767557192445,972.7780184244299,4375.193567706623,10874.771794772092,6072.255510351965
16287,18306,13110,13809,13285.06993792572,1839.680772564956,3470.0862008052645,4462.675448581203,1549.0590649249546,3755.206915780688,9354.953471485189,7497.663880847416
16886,12958,12095,16628,9303.194663594866,3161.5076193938935,2449.3415726687062,5092.330334086382,1206.4652324405386,3475.828975722671,8619.184262582616,8374.543659344625
12010,16260,15722,15276,12024.030457367639,5345.242719908447,3138.4945118138176,4236.287625128832,1096.1923286568385,4506.342231601957,11215.680717509144,5692.615474369299
16297,14981,13952,13586,10920.629908917794,2601.1661668862826,2869.712543669686,4441.148794850293,1190.2952776271973,4000.606247907719,9951.366358389994,6544.605174530617
13356,13553,13953,16953,9872.682108776076,5346.880075460696,2592.911665216436,4686.182794827383,1087.0776634637111,4007.116860294427,9945.844249870366,6922.869612618891
16988,15171,13545,15862,11022.529713213084,2655.4239077007455,2880.484629489737,5234.087842978046,1267.4589269671553,3884.840152476192,9660.284655258045,7967.523859288072
15712,12294,16848,15246,9140.36506979816,4466.034293325351,2394.7092140603136,5236.330908232852,759.1381840088354,4830.207329569908,12017.916924210058,5542.651659310777
15452,12261,12809,16848,8847.094529050113,4234.625354954923,2332.9062036597034,4936.547445340552,1082.2995485609529,3681.8125174584175,9127.264374392962,7676.7168812353275
16416,13923,14303,17436,10164.137463178566,3909.46412344867,2651.913719549969,5637.702067159838,1106.09159178567,4103.654439784224,10199.421986027624,7903.717779292906
13266,16046,17456,13231,12010.518926395342,4409.80321437901,3134.9646029198466,4226.747899661857,899.6369540442047,4998.084970878798,12457.884948647363,4593.357764070573
13757,14818,13923,16554,10799.546778246218,4824.886878392324,2829.271147066178,4671.207600662927,1189.0733409458355,3995.8272778004584,9927.158359462639,7058.668410141417
13020,14360,15420,15680,10581.451408783785,5242.4204382948765,2771.9934959225902,4502.21653675487,1005.5113850716718,4422.876058818064,10997.108853446065,5936.611158817715
10154,16003,20360,13419,12241.059921203243,6500.928376574684,3177.6461403166118,4014.789495771511,573.4479941021046,5825.835461429751,14535.136139298247,2930.8629733560356
15195,16320,12351,13181,11773.0988448204,2563.9051913499784,3098.944355862075,3853.274813452358,1447.1558304237012,3542.6884549184065,8808.348853036428,6767.3748040014325
14140,14684,14401,13601,10742.049148142192,3710.7339054496138,2826.7457784296357,4031.225262061084,1112.7406046496048,4130.606291150983,10270.403731787479,5860.251237767977
16697,15471,13190,13888,11217.559927911801,2258.4422749796845,2945.822409809155,4507.7907727862475,1307.5226471400854,3782.5694427097496,9407.463446978545,7122.58026339152
13930,12434,15949,14965,9186.379212347421,4919.030675100788,2416.6794443829554,4571.118224819178,829.9891108604396,4575.309157887786,11373.61266413323,5477.54736472954
14428,18260,14845,12150,13427.605845506478,2700.543516225379,3511.152301806954,3811.5312630332483,1322.0045008109566,4250.256325856496,10594.666071158956,5636.3803618243865
14256,15084,16724,15641,11222.307554153263,4892.40018083049,2923.9453638252276,5011.408993755618,938.8467274706832,4791.46488010079,11932.476423941065,5746.942997814159
14558,17094,14818,12824,12558.641018329225,3014.9310773836905,3288.0268519662127,4005.4055222305883,1246.9781416462006,4244.683265502772,10573.252033734796,5800.0796767469255
14106,13940,16442,14247,10345.329989909944,4492.346930295653,2712.1129337409566,4506.553951430809,882.8735514966729,4712.75355179337,11729.286574903446,5250.22988771796
14652,16500,13796,13524,12028.906760727972,3097.017766045567,3155.4484429060285,4054.98696178533,1315.5134183797416,3954.898620621707,9841.119020672848,6370.985448089303
13891,13106,19101,14706,9914.285795927395,5580.621138800729,2586.665583795858,5021.360820955034,605.9476177441359,5469.932510158445,13630.98570616182,4094.474518711909
13845,15407,14091,16741,11245.841786811825,4805.456740005511,2939.8363069111483,4768.089998454982,1221.41970275754,4042.5058652708544,10048.483277792202,7166.622183869999
12921,16354,13390,16066,11887.535311184747,4683.054556364948,3111.2789963557125,4296.656677111122,1354.9530313285193,3842.006878800301,9548.027770230758,7086.969702239239
15890,13934,14172,16741,10164.317561428108,3987.0762312247675,2659.489396619032,5266.267122402196,1110.7698097494988,4066.600941166424,10105.416681811932,7494.439969912911
13685,16377,14441,15038,11994.326554208761,4191.51301820526,3136.629207634117,4349.072934309895,1245.9543525903973,4140.164005019383,10300.835095790644,6495.2535907891115
16560,14679,15823,13380,10844.195445027173,2759.3246255739114,2840.3969377991643,4788.515392763733,995.4362550774352,4533.615602797577,11289.37396842257,5833.049685731379
12297,15937,14364,16777,11664.06687376197,5547.45224701548,3047.1570677775976,4475.719747758683,1225.067532404296,4120.695711050497,10243.272049872556,6753.83973123079
16123,14824,12084,17472,10652.052415745284,3459.99147068156,2789.1801693936677,5165.402307603572,1382.9552224746215,3470.0565754576337,8613.931461998098,8846.3303619412
13832,11750,16255,16439,8696.680740042179,5753.288943842319,2283.5418900635814,4991.5872825015895,767.7874708545917,4663.9716804544705,11590.901842270161,5691.001807418724
13184,14673,15605,16700,10827.0243306999,5611.179855197343,2827.477240760566,4832.021462983106,1019.5303046929929,4475.028981321619,11129.946141375869,6256.160743422535
15029,16428,12897,13952,11896.839042466247,2905.8318021670116,3123.5516090428173,4116.099593654533,1407.0392713910642,3698.7557878307725,9198.292351194672,6930.950173715626
13839,14288,17340,13927,10675.675491418937,4648.7971206209495,2793.372301683021,4505.164349697181,819.5130845270876,4967.577253079344,12372.458852143001,4776.210811403673
13633,15549,13184,16020,11277.567459266837,4407.2550027486695,2957.2587146967544,4402.990321647306,1313.6932643617815,3784.096531027825,9399.935265413216,7211.042436355873
17028,13750,16774,13640,10223.28408070611,2909.1265785752157,2674.2984463667553,5165.355677638849,854.1883047369918,4805.669664082291,11968.443190484708,5555.983560769135
14984,12818,16884,13730,9536.65285895137,4155.102566101939,2505.377437822175,4612.056569285579,777.5595600762547,4839.33049145227,12044.75336634531,4964.2608454284755
13437,17725,13592,12380,12922.003970331974,3062.3018397839837,3389.335939707088,3480.870846344539,1416.344997368576,3895.244989786544,9696.808719896355,5841.750615320587
16917,13936,15787,13888,10288.137951363507,2839.9432193863163,2695.266600528863,5013.602067641134,954.0721544474883,4524.619917142121,11262.411701116773,6032.94047755389
14546,12707,15750,15060,9374.912318864324,4615.155908697368,2464.0480686788414,4709.484674849311,867.9883006935174,4517.970056914361,11232.007691705814,5737.69548041633
16596,16788,12529,13697,12123.700321955452,1918.5267949923725,3179.961593323471,4346.614935085737,1484.102795848682,3591.9134143292176,8937.15398605457,7435.379515145883
14074,13585,16683,14699,10097.663141744853,4793.3919638212055,2645.708259883666,4659.957539190652,842.6951076275194,4782.013060724095,11901.029242162107,5247.603791277466
15027,14756,15184,12849,10855.010605842666,3221.274786379268,2853.885074696174,4122.78033145942,1046.3209594435593,4352.261729999553,10831.706455194897,5500.351826068667
14109,12951,18000,15865,9716.96116492894,5713.158478420696,2535.820442820253,5209.052959220401,699.0936393329807,5157.599740307676,12842.374212307075,4929.98556406741
13424,16716,15720,13074,12361.909315852135,3815.7909237730682,3233.6355624669695,3957.938265798981,1119.8264745086187,4503.044888628386,11216.921238374049,5295.87066012761
14934,13888,15414,16058,10226.206071821636,4566.328305204621,2675.4010935123297,5046.364173453068,987.2991589430054,4420.589909143943,10993.41474040419,6449.469481317852
14472,16259,15174,14561,11968.414631317304,3826.3283755069815,3126.9793314107665,4518.770958750066,1163.5652198007047,4348.160409406597,10825.793250142986,6218.214639571212
14859,15693,13150,14652,11379.54990839273,3353.188962212445,2987.8673053548837,4299.974847413889,1324.9849052906845,3772.5714599801663,9377.479031207016,6999.8052835152075
14832,15326,13893,13831,11172.49946230862,3304.7884233093046,2936.1457971876803,4176.167246001669,1216.1177788350724,3984.4708718612474,9908.543257428384,6350.258420491191
16822,14080,12402,14169,10142.540031181527,2411.8412389494156,2675.1705181578836,4447.423946359811,1261.6891530236055,3560.2239521091005,8841.812413721404,7307.611359621508
14883,14756,14976,15688,10835.900412749914,4212.25979759298,2834.3315374015174,4872.0200556622385,1086.8234749792596,4294.426325608945,10681.564368658612,6607.327613354138
13236,14464,15184,15633,10639.845725910418,5057.683400508858,2787.8886400259507,4502.944666401687,1035.2982156400171,4355.403779105524,10828.582261168844,6073.758635667242
14996,13984,15504,14546,10305.392551300296,3985.4220404475655,2703.367069215744,4650.501606060327,975.9418120163986,4445.460512884281,11058.55339197134,5909.888834461712
15768,12768,16159,15147,9446.887646256626,4161.4922071802375,2476.5327291112317,5108.4966444792135,844.2367877962143,4633.496392512453,11525.587892537762,5879.486816388081
14128,15540,14611,16566,11386.496539278785,4705.246416263901,2972.5133909191236,4874.758195984551,1181.2905357019688,4189.94778880352,10421.03178594814,6989.409050806383
18128,16188,14016,12915,11809.92043301088,1102.524674711616,3091.307202631871,4800.036156954471,1286.6678332975698,4015.479226069568,10000.595003728293,7013.392525286025
13514,13585,14105,16139,9908.122348181912,4984.136400777428,2604.7925464937807,4533.358861136907,1071.0278353458389,4049.9148393073037,10055.072579508575,6623.0047700505
12588,13332,14718,18976,9764.14160065867,6812.53277001736,2552.932335889739,5129.395623016055,1015.8163545696921,4226.059865182853,10491.757554333628,7040.823211423694
15975,15190,13568,17024,11038.238076080943,3636.86464397964,2881.2741083887518,5289.647205636733,1270.291782473693,3892.2806937882424,9675.83366767978,8111.309032488553
13919,14285,15107,15076,10500.248684782993,4541.376200884347,2754.455497824135,4491.784721833572,1029.3790246722356,4333.046069549906,10773.94639748699,6044.144785286913
14606,15399,14869,14788,11304.862874708659,3908.383766201127,2959.478463832261,4547.317041790246,1134.9651882734802,4262.807941608395,10606.177580917081,6333.204260281302
12896,15428,14982,14698,11340.76993024113,4655.089597006001,2971.718868520539,4163.454289488436,1114.3842239812088,4296.319576352527,10685.69211938691,5879.947140128736
16016,16206,14450,12614,11865.365060064676,2351.270657254095,3112.922517970738,4203.130360528772,1227.7721476377424,4140.124326406185,10309.79781978492,6064.730669295424
16572,14981,15005,12103,11004.9226469334,2240.2312234125725,2893.5930744176126,4235.419588447917,1082.7044503243908,4299.426533368676,10705.455396718025,5630.327753926384
16501,14904,14961,13939,10942.720454995768,2759.4781181850703,2866.8562589606477,4786.895436435721,1095.2132797192003,4288.152589789048,10672.81382507873,6393.683300123625
14631,15827,15498,12688,11676.803474803382,3246.035109172873,3062.166702141717,4060.793401347084,1087.2963052381183,4440.1555946259,11057.796893258539,5375.747817800604
17411,16614,13104,11286,12048.778991341707,1147.5255017832778,3170.6424968911733,3895.0209475085608,1394.735158663707,3754.0671027533444,9349.93463509469,6242.828069817063
15785,16233,15033,14697,11933.099996033323,3123.0360998426595,3113.9250492384053,4882.717015440168,1186.1795505844339,4307.161081148909,10725.80770338266,6692.553558883207
14430,14454,15754,13520,10675.856078838458,3854.3923177529437,2802.861477569236,4270.977429918829,974.6818533441246,4515.734465233996,11238.275726750177,5390.887638097074
15246,11984,14391,15554,8748.469010367797,4272.061690097297,2307.014530418155,4785.2915395584805,928.6379921135344,4132.325119137806,10258.63980462508,6501.494923169564
12254,17250,18132,13325,12984.791860935191,4896.848979310859,3376.9924877312214,4150.025016053409,888.6332177416862,5189.350700434993,12942.53572104895,4277.918194806964
16796,14840,13475,14078,10778.090093118157,2413.6985380646024,2831.52522073217,4622.568494247018,1230.2433092779622,3864.868540176175,9610.144266675074,7041.6137387088975
15745,13748,14403,16247,10045.616638348016,3991.746183682933,2631.6512840899895,5126.711450285379,1071.4091543645395,4132.663348003527,10270.334993049397,7132.581074833955
16938,13680,13923,14683,9960.718350154943,2786.4406517903453,2617.6899885340554,4889.648053134455,1101.619316553899,3994.661660689925,9928.333916812788,7008.489963910282
14937,13802,15477,14913,10168.082853444685,4167.470450076878,2666.802639427682,4733.377415179443,967.8421486413304,4438.269160355398,11038.743747050845,6012.955802726511
14824,16906,13760,13349,12324.10846121045,2897.844791349624,3230.9047287567746,4044.8127495918907,1350.929600456659,3943.744951258567,9816.271486249327,6406.584412177856
15407,15075,14008,14423,10994.819691135757,3277.814151236022,2885.8193325996335,4486.074344949658,1193.9209152264184,4017.484917599847,9990.521704811523,6660.009674607148
15764,15549,11654,16264,11146.441405690422,3104.6347809414415,2924.999655804945,4690.940452842281,1477.832468157296,3346.1252652090425,8307.765642563518,8456.651230466308
15466,13177,15024,13418,9672.723762800957,3403.5657028120613,2549.975646551627,4332.558363794322,953.0510883123364,4309.216297048033,10714.772245944525,5678.656134943856
15912,15732,13441,16268,11426.406791876221,3310.2387687288806,2984.93999770299,5049.554265782508,1320.556030517357,3855.035913776037,9586.06949811563,7909.788647153999
17643,16800,13966,12526,12257.19065742413,1204.740170548109,3209.486320248787,4549.754918370256,1333.4177889475507,4000.282507866329,9965.781737441452,6774.00975334544
13906,13664,16564,14967,10148.162648844529,4938.182746937334,2658.072180181893,4677.53886317231,858.7897650623582,4748.276226645112,11815.757366642436,5352.786257609718
14045,17175,14458,13201,12588.03354882864,3284.9822751072747,3295.961808353597,3944.75052643677,1290.8491633641709,4142.660224707937,10315.318312937463,5967.219235525944
15076,15580,15678,12406,11506.946276198747,3028.905836955993,3019.014710534014,4101.76451430196,1053.5126725745458,4491.303665260874,11186.64693666104,5271.3428174284245
12129,17775,13685,14885,12967.489573033463,4464.276052939832,3388.420674819964,3889.4173047707127,1421.1760906767993,3923.992663006906,9761.077970428447,6540.991906424503
14296,17556,17217,12678,13123.250465519179,3472.0378344347087,3418.1851776365947,4330.69227695721,1010.4812169947427,4926.883600761143,12289.817556748394,4882.059505123858
14295,17140,14700,12622,12583.74702659785,3041.52829762804,3296.5287497558847,3871.1991601328964,1259.5698856066315,4211.119615705986,10488.823404362432,5704.346033367461
15672,11275,14648,16016,8242.53766279211,4399.845723169872,2173.071663507056,5046.713109595054,857.772447794099,4206.5458853471755,10441.383407584453,6574.836344401705
16901,15048,13869,15169,10959.630237810228,2626.150976331181,2867.7903201901117,5062.621405555201,1220.367142889819,3977.2029969254195,9891.85958568582,7474.91903766255
15910,11970,17339,14464,8930.547528134262,4237.529316450954,2342.5575242748073,5135.176301798778,697.7919674787462,4969.850605623926,12369.295427313134,5091.129788218425
14541,15975,12238,16551,11506.03684147136,3875.845096714278,3014.851985381354,4591.717664551397,1454.357876912415,3513.0225275117446,8724.949807726907,8077.913006212654
15700,15209,13135,16452,11018.821263931963,3543.40136310508,2883.705450859684,4976.031971748647,1306.7021189780805,3769.0369735585023,9366.02955670327,7935.248525389396
15918,14748,12928,12923,10672.220036981778,2499.9864435259165,2816.643002850279,3984.238859752868,1257.4680570213272,3708.93345731153,9219.08715639915,6428.9346313246915
13983,17845,13104,14137,12956.610432450572,3257.919420495257,3390.8761248692026,3993.384439843285,1497.9697775404047,3756.3126754432415,9347.743556737058,6884.999479556881
14317,15208,15519,13499,11218.384449187248,3749.1041868675193,2941.9758037273314,4216.79322838435,1046.947033694921,4447.762855948733,11071.227106037913,5530.238076200949
14820,15522,14831,15142,11391.712484642092,3898.0223237649757,2978.9621937382653,4694.399312090511,1151.8978382020312,4251.729727820852,10579.255428275686,6554.379177469328
16277,13696,14979,13168,10052.253535988588,2877.6913438456427,2646.270082890451,4451.272177110876,997.8967925695815,4294.925626008822,10684.044665434738,5839.000939256724
15023,17302,17784,11735,12982.050382864836,2939.344455640057,3383.815076668434,4339.246061719196,933.4352069813447,5087.875706184361,12695.884626428666,4467.1700136497675
15944,15209,13027,15117,11012.285085803207,3002.134732647723,2889.8787240112665,4645.459949405826,1306.853063358792,3737.673419959553,9289.373320505918,7466.7951064017425
14620,15978,14208,14918,11677.21755215525,3715.9307275443307,3056.424048155759,4488.662166201083,1244.6741420750882,4073.7059187259792,10134.305102787475,6714.457917385543
14212,13312,13640,16461,9672.455207981402,4722.424526625026,2544.2591393840958,4697.9543501645585,1095.021485164269,3917.541292026096,9722.466301285775,7044.1539093872125
17752,14196,13357,13363,10297.630106007906,1839.928080979178,2711.0369272951684,4601.974884188947,1186.7703124032157,3831.226579160695,9525.749500951308,6923.846827943538
15260,13200,16003,15417,9758.157556169317,4412.064510529356,2556.3242837308044,5036.375896476299,887.259741232911,4588.832536292345,11414.219040841443,5970.787020401673
15458,13110,16946,15160,9758.560153099234,4457.819358014041,2552.1191796674434,5184.196751502729,799.2263585160817,4856.915282263963,12089.187551301933,5520.28669569339
15258,14280,15838,14772,10550.103086268336,3968.2277117985636,2761.4945293115607,4846.639198732453,969.6121344501158,4539.910599970928,11298.113370236173,5960.215619278009
13500,13332,16464,13071,9894.201380364535,4330.951818704888,2604.09151652735,4025.145501316819,831.4928101087661,4719.65662321486,11744.33174133407,4712.165866773472
15123,16615,13104,14824,12049.134096415612,3107.8076876253053,3155.587988730469,4410.336059376605,1409.9236435732555,3757.699866288941,9346.355199155292,7300.408862296043
13543,15194,15187,15087,11181.379009021497,4610.661474951793,2927.2178776848714,4432.178218624362,1085.1430051540376,4354.593276275775,10832.403711329393,6043.653364530741
14892,14034,11984,17357,10074.691535078251,4220.334144354196,2648.7902591344955,4826.434146479754,1310.956363218886,3444.1134125797644,8539.835599231621,8303.211042921974
14490,14960,14420,16560,10941.9773789893,4563.9141810380115,2860.415012383333,4922.245333213615,1157.9738614576092,4136.362927194896,10283.626015817477,7076.983788016431
16641,14128,15111,14000,10380.010803612342,2877.0535584744275,2722.7082214686734,4843.530942395218,1026.347780669311,4332.076294825037,10778.907383626705,6281.937052528137
16362,13929,14994,13665,10224.909549519369,2945.842349826984,2686.9719233889264,4636.768715544392,1017.9558295371985,4299.077876864738,10694.899852262604,6085.45255552371
14128,17710,13054,15407,12848.65430340782,3591.8517273218804,3356.44687699082,4345.474858964684,1504.9999389414647,3742.4904835757848,9311.572116061658,7458.962826974725
12033,16140,13885,16950,11773.825511357776,5584.1446791063245,3076.9718690895406,4395.337926368524,1288.90385797083,3984.352884003737,9900.63985419214,6970.534964989199
12810,16536,14740,14729,12142.01670149696,4508.813988491133,3175.3317627576876,4126.346617589834,1218.1742928966712,4225.684803157622,10514.321703028265,6091.914841872214
16999,12060,14228,15109,8792.720697956758,3227.39156703846,2316.2755595588187,5047.177906424096,951.1831365399698,4084.409789627999,10143.585217991746,6838.981053026252
13200,16739,15870,13238,12392.97387540158,3997.2490795046037,3240.013189203138,3978.2965927727264,1105.3124417228578,4545.938307988289,11324.036147585066,5257.554999090338
13422,14806,14628,16483,10847.608802608303,5133.223043432668,2838.7078970014754,4683.369939646438,1119.502510668163,4196.728704310382,10431.237727071844,6667.158856316235
14805,14079,13659,16976,10233.79779856186,4511.046566513712,2682.4028036734617,4972.9752518475925,1163.4257305890067,3921.198556939586,9737.788323474979,7491.582038919121
14398,14981,13583,16463,10890.785667305721,4372.8353590391425,2853.046711218892,4740.045578561963,1237.272432989834,3898.1492383971513,9684.862171559163,7347.868339454204
14688,14295,15925,14946,10569.050180330156,4330.346046107465,2766.38377989349,4766.618242996289,960.6182893508075,4565.071630837474,11359.95314576554,5851.19777012399
15600,12347,16760,13206,9175.153606434425,3725.4112287108965,2415.3088238719515,4567.12207939792,758.3675989992531,4804.1316995315065,11955.959131966272,4912.6352060124445
13440,13784,18540,14480,10388.006501987235,5434.69530773754,2711.996197086845,4757.2377855403465,685.9342602087504,5309.779972561035,13230.156022909168,4287.595723878147
13159,15770,16797,14490,11746.22394104195,4856.466133037988,3065.072805591419,4441.285327739803,957.7570035906564,4811.609580618742,11985.373394743116,5191.588595879837
12360,15335,15048,15812,11277.054905193774,5364.874975051375,2950.4917653466578,4345.95103117925,1106.0189987320841,4316.085500426798,10731.911864969812,6100.7618944079395
14450,15194,15151,12958,11178.530636145437,3437.1576778283957,2936.5564760484317,4032.122816695348,1077.7819736138185,4342.670391920834,10808.302639950405,5485.563743386699
11403,17404,13910,17706,12709.58342756196,6030.707526249958,3309.097083960195,4441.656383148698,1386.1753965771943,3989.8033768382684,9920.280630972022,7231.844599062596
15097,15255,13508,16132,11084.574347909605,3845.764078581211,2902.2114057221925,4805.811840740634,1268.364246301278,3875.621084073723,9632.418914076272,7483.920320283742
15663,13148,16954,14091,9787.706658915291,3949.5585658902987,2565.0619638630847,4919.347168741688,797.0875689541298,4858.611052470634,12095.513585841167,5224.620871575185
12969,14283,15125,18358,10498.263190234287,6343.315847177962,2738.7558040945537,5127.781006867095,1047.030796817768,4339.581718737922,10785.311148347826,6888.15405356493
14185,15048,15187,13332,11073.440830464115,3702.0721761391687,2908.1218628175566,4086.0648896187527,1065.2622180417313,4353.557014435538,10833.429234341478,5542.272161360435
12354,16539,17325,12559,12375.438471525627,4402.2173895080605,3231.8807738729265,3824.100137311254,933.3513908796712,4960.46025388996,12364.60584194686,4335.497864269842
14888,14350,13664,14485,10436.691015639015,3590.517595516978,2747.0345594964274,4323.151458734928,1164.9802445689895,3921.161291931867,9742.87817716867,6576.927634587498
16461,14827,15426,13315,10923.141770496699,2703.3444277648587,2863.3885407299476,4667.911250058889,1041.2654169341704,4420.379901566786,11005.581405627116,5946.0111127586415
13911,15464,14972,14241,11364.110697252061,4042.3187828212253,2978.4656148436725,4255.178123292257,1120.8356906407535,4292.359284852508,10679.63429163101,5940.392543129257
13890,15852,13576,14733,11534.164172002058,3887.2432273632344,3026.310228029182,4181.986552511673,1290.526836770282,3894.5389523918384,9681.513231258516,6671.484297853405
11968,16112,12363,18571,11620.031504776918,5882.577142612185,3038.161834939547,4556.424754883491,1455.3439452464654,3551.433462623766,8811.67558738829,8134.459846556431
14261,14651,12710,17625,10578.698616802512,4701.09389311474,2772.9721787889775,4870.743229097041,1299.8627675456216,3650.4778069364684,9059.502778651677,8049.479725572335
16355,14884,14711,14667,10907.589925092092,3005.838041405534,2855.276548954029,4919.554886547976,1121.9904297728453,4217.419198026361,10493.573376838292,6743.777312142253
15572,12461,15470,17750,9169.923623419403,5111.533057922818,2395.8297929540367,5668.726995689419,894.0241437472122,4438.926616803753,11031.073313013016,6969.637751425791
13552,13257,12356,20410,9534.10723081068,6265.254112073277,2497.1306490046754,5346.520023236502,1226.0268768277328,3553.32179978026,8802.737400157901,8817.60316740429
13773,16690,16023,14208,12366.09087627626,4152.586773309351,3226.134090081827,4400.235955504793,1096.9484741570172,4589.417639118303,11433.487404398495,5651.405535689893
16238,15696,12598,15056,11332.13274290498,2657.634313575223,2972.392319164398,4634.248385828349,1391.566949114517,3614.2894344162396,8983.754539737247,7757.0473297277795
14534,15823,14355,16457,11573.031539291042,4341.080351508743,3020.375016215632,4908.839200943765,1230.3274207836362,4116.227543905762,10238.782978120846,7211.873946555641
13877,15756,13664,15766,11468.861945841343,4278.903978059715,3003.818715197513,4460.655692237117,1282.8705901015967,3920.1111606154054,9743.916256335848,7024.388177107686
16370,14874,16118,13927,11012.673133735647,3034.3988190248665,2878.3614645686876,4976.287045485598,983.931252269584,4617.617975956476,11500.371518828444,5916.1446037517735
14620,11997,16872,16371,8920.764257864561,5502.404583161832,2335.9539826419905,5267.068640198609,739.8238104131309,4838.401824895771,12033.623515392734,5587.5901571596705
13816,13120,13340,17498,9509.87217504126,5256.483256978702,2500.1397782448053,4833.578161372746,1110.2848184814525,3833.1453538778824,9506.84401774417,7413.370794061296
13748,15428,13975,15912,11253.51828877402,4512.165274742378,2947.222786131899,4514.606452813845,1226.774337321219,4009.3882531313843,9965.620588633212,6884.203379505471
12448,16058,14733,15340,11787.387889940888,4964.73716661651,3083.274589339254,4203.780006976428,1186.7182030338533,4225.039206247679,10507.971579066654,6171.423182668848
16492,13696,13955,15540,9974.219019243024,3279.7398067750282,2617.526762128072,5034.182398367675,1104.545840072262,4004.4411925822774,9950.570143606263,7231.675172388231
15082,16316,14396,13808,11942.936461676818,3115.685476403136,3127.9142452166398,4324.276516289085,1245.2020497009287,4125.866923189085,10270.114186008308,6366.916310978694
15888,16498,14244,13783,12061.749534016435,2628.685806904978,3156.6414877659827,4496.861935507714,1279.890931248594,4081.6762895907577,10162.321386577796,6657.522240525753
15450,14702,14950,13668,10794.926094884751,3257.953105019655,2834.3371094694885,4425.955484773291,1072.9044086634149,4285.906260303927,10664.067119043488,5984.729296571239
14104,14271,13275,18778,10343.191288986876,5415.9063815395775,2704.3828088599303,5214.212525032101,1224.4426475408955,3812.33778542118,9462.636798160278,8152.854929470548
15768,16502,16092,11180,12227.983925038687,2280.740638295696,3205.22570660801,3990.749767017228,1069.0807048304705,4606.542490912803,11485.331217627747,4913.13898304193
13534,16481,12180,18028,11868.901610766607,4789.836066570718,3101.009571678702,4733.8324252972225,1512.2264928853479,3496.7360231937905,8683.30508232126,8492.496225799321
11832,14212,17601,14461,10643.152186765448,5757.373245545214,2783.925715330495,4242.285665380048,783.1676405834642,5043.334551440777,12557.690970031339,4467.888424285023
17198,14950,14272,13280,10921.685113381422,2088.576573612067,2867.04686503263,4637.55599074452,1161.8926990356908,4091.0731861548784,10180.871441597124,6554.755178096296
17292,12807,14873,13425,9386.874192701805,2580.067914811516,2472.7209745173272,4742.10580969737,947.9388361447678,4265.70913986734,10607.26671119984,6107.358140151085
13200,15525,14420,16040,11362.995706475198,4908.424460465288,2972.952064609557,4493.633445994191,1188.3335320106194,4136.381581203612,10283.605991982258,6637.698686510332
14252,16117,15405,13295,11885.113771427921,3558.1281012437576,3112.543309002128,4143.262604893096,1118.6665359041235,4413.816479553959,10991.14165329633,5589.668579040184
14507,14419,16393,14490,10698.534811800952,4333.920823143432,2799.646640731291,4673.457876250386,921.6681052893855,4697.924780953577,11695.112479293424,5484.594992472492
13736,15504,13535,13936,11277.502818814113,3725.019244491588,2965.8984493888556,3928.6589901124853,1258.7040210138605,3883.219086106717,9651.860013846726,6292.067145806814
15491,12852,15321,14610,9451.79878679034,3902.084568807894,2485.9264768715707,4735.194641222532,914.4237276346195,4394.917066148863,10926.089596353424,5973.799288003755
15547,17020,13712,15410,12397.105307795537,3058.5917582856086,3234.741164363205,4796.929865278269,1388.1010414781933,3929.9787445228108,9782.115806747035,7547.4568669462815
13653,15258,13334,18136,11072.293337853662,5262.179654191022,2893.077851578935,4961.01865347791,1293.286276509658,3827.62799273356,9506.383402460064,7913.46351114973
14965,13367,15694,16747,9859.63038569002,4966.046899807232,2577.0369888084106,5284.984723187565,930.0378086291613,4501.254244431537,11192.759870642705,6498.8258546656325
14005,14982,15514,14246,11050.058055343943,4186.403826255016,2895.853432980295,4353.644760370023,1035.6494190930525,4447.275807311329,11066.725684364837,5703.813190451351
15111,14965,15361,14104,11022.584629992432,3602.678900608344,2888.0691766752516,4548.021470599495,1054.7194359614116,4402.901379806813,10958.083527840594,5956.657504829161
13083,16276,17098,13506,12153.258790388725,4486.239244117188,3171.630886709888,4208.8210785785595,949.9124703937468,4896.150925815658,12201.81867981299,4807.625279473341
17388,11480,13578,16927,8325.661594191082,3529.5069210751603,2189.1939526236197,5550.643912172733,963.99305342608,3900.8859082712834,9677.106978660988,7851.345369793225
14128,15720,15458,15828,11591.768766015848,4608.469632292428,3023.7045654404137,4820.783965693776,1105.0132213001107,4430.458403532568,11027.49100595876,6403.648990422413
14528,12834,17680,15629,9605.159841136434,5338.962059905879,2509.4201100486994,5193.475056498204,720.0977582753895,5066.566056407529,12613.46065667582,5088.516110219924
13888,14792,15692,13836,10923.61371879488,4145.391741358788,2865.274985247105,4237.517327386882,1002.2100994432867,4498.115252051224,11193.890788822122,5451.592638319053
15150,10772,17455,14694,8039.875426121092,4865.7107105281075,2115.4436205112797,4994.538956929989,617.0009801046124,5004.8271621530275,12450.127547183629,4831.002274444529
12899,17054,16085,12704,12650.004788490432,3923.2189923302667,3306.6739309345057,3804.272451141634,1098.1649070181038,4606.621864139642,11478.366011077353,4973.745558287483
14374,14144,14225,16235,10326.383528975939,4581.2688756370535,2707.9746602672476,4768.047188242634,1109.7435370529183,4082.367019658397,10142.617054167908,6886.251083650637
12600,14832,15914,14345,10974.083155702867,4914.641681649495,2876.1059643192193,4136.513617207362,979.9718910397844,4562.40796585355,11351.603314785167,5293.633154189736
15563,17175,14583,12840,12593.703405342665,2482.402806013174,3295.959063640352,4215.246037381006,1285.0693150875495,4176.894727351579,10406.052620958191,6146.354617606367
17934,12693,14024,14921,9242.724681528558,2483.9507496862775,2429.3389634628766,5220.849416400321,1020.9652076904763,4024.607560414237,9999.385536282258,7215.528833338708
17444,15478,11875,13975,11115.082761864072,1694.809197159488,2923.418423395701,4478.119965726657,1439.3223331396607,3407.1277108414774,8467.919780088416,7805.400950622073
16207,13363,14125,14084,9744.428942997805,3087.018891388622,2567.4772691619355,4558.344542583862,1050.6351139982453,4052.8644252081267,10072.127631277632,6440.416592900148
11781,17784,14910,14702,13089.551328993963,4810.603550469266,3413.8157143741573,3939.5449028835965,1281.6870441060155,4272.88705119032,10637.121967338422,5948.438514146402
14747,13512,16577,13374,10034.58158947771,3962.9044569139546,2635.903746298334,4413.120067927219,841.9963949558638,4750.967769968995,11826.097523005452,4997.557487991984
13359,15042,17658,14741,11269.620434905788,5194.815098871217,2938.2865392210024,4688.032150583804,834.3982282877331,5057.465920777838,12600.48171503024,4861.265749831866
13098,15300,16612,13345,11379.657035955453,4416.076269388536,2979.6277748709927,4075.5207971493455,939.2588565001812,4759.327733995053,11852.710242848374,4853.507141117942
12603,15213,15801,16808,11245.947925588165,5909.7499808083085,2932.9377656350766,4758.501430027614,1034.4252107030538,4530.30993842199,11270.659267115167,6138.629209235393
16304,13159,14626,14982,9628.5393515613,3436.242305767816,2530.080416693754,4931.332352666121,1000.8091538324338,4196.285760181255,10429.709232617606,6616.998840458048
17089,13944,13976,15042,10157.513956050097,2745.584415339883,2664.472891502607,5057.198939572849,1121.9824780776116,4009.399432076829,9966.61470691133,7238.129786422338
16805,14894,14170,13455,10872.992216069582,2348.5429448335763,2855.610152040237,4565.884347716756,1166.0268836369444,4062.4444609109833,10107.509480583194,6542.493896604119
14528,15702,13303,15768,11397.37565699859,3899.043379179318,2986.1122373947333,4549.110210632889,1318.3299304325053,3816.818783731451,9486.220593398466,7321.028974817839
13398,13006,15504,19712,9577.668042885416,7008.131092164576,2495.319621353895,5630.652108629689,932.210701089416,4449.2585182337625,11054.620298260823,7060.669175796097
17031,14980,14616,15300,10968.710025544078,2706.0184628116754,2864.0940207666054,5293.411310187319,1147.4374103963264,4190.013064021105,10426.0339811594,7297.1201101881
13472,17120,15249,13937,12619.147760686375,3958.2176103889474,3296.262872161774,4139.545614027233,1203.9810021820808,4368.662189949719,10880.284795340776,5834.244860302284
15473,14341,14766,14766,10512.542912986344,3622.581162228024,2757.366200991886,4713.019652122988,1071.0339691449262,4234.628350669007,10531.363798960963,6434.338506701658
17680,16034,14175,13545,11710.160353836876,1564.8034889558849,3062.873627791107,4895.564081111581,1261.0253148548336,4061.5781841242124,10113.471639012572,7078.769631336238
14311,15863,14332,12085,11608.594088973847,2986.9701241707885,3054.6212475615594,3639.2961518413904,1198.6293373259953,4107.983950847272,10223.97726553975,5449.373133691794
16083,14872,14023,14170,10845.701773015848,2899.846939869938,2847.5101526499616,4572.434375650488,1178.5692673150395,4021.478606424157,10001.51413236412,6698.609885492743
15069,13000,16408,15011,9638.509642003755,4477.0746595944165,2526.6278619788936,4935.691376595927,836.4283628307783,4704.26766514356,11703.801813837443,5599.333924329623
12789,15602,16126,14372,11565.495204475355,4817.07036323753,3024.266908872826,4221.697815562547,1010.8535271744285,4621.336701190188,11504.69026497459,5333.09268835844
13940,15238,12996,15540,11034.944594847184,4105.052092577531,2898.7370649468758,4315.9782119591855,1303.4521205021974,3730.6619129991204,9265.390877421913,7124.647799258647
14240,15038,16206,13603,11147.269453683886,3985.4623907177497,2919.845295827938,4335.546315057364,970.5056011733903,4643.579851079428,11562.43763345286,5278.006187951518
14349,12192,14555,17082,8911.96601429412,5279.305341501721,2342.501064831703,5023.9190898510915,937.9373683753685,4179.935483581453,10374.96286889711,6781.10276312262
9796,18823,18286,13509,14209.209220548924,5817.411279423976,3680.500089691938,3702.3484544439084,940.8949058310851,5233.021980487445,13053.38054457233,3971.469910644013
14099,13390,14552,16228,9795.750742727289,4893.634967064634,2572.266192222291,4748.961258076921,1021.9571152715571,4176.951591848717,10375.008220768836,6587.589748112878
15895,12420,15222,15849,9123.705434441905,4187.141284872342,2395.1464296405816,5169.517573748344,899.6276252229377,4367.753800233148,10854.2478354704,6493.675056276343
13112,15111,16458,14168,11224.81852597752,4738.050203811432,2936.973799264292,4280.806880660659,948.1001395460776,4716.169003368617,11741.862515252598,5150.439286797251
14273,15180,14235,17906,11087.51782541665,5093.7107522747065,2890.9570787826674,5199.246294730727,1202.1053709748194,4083.595962186082,10151.408427531504,7625.449457127749
12634,16466,17175,15322,12302.624834582835,5459.318709848712,3199.4329441966984,4612.445203780015,962.348999698677,4918.5664433168295,12256.269177849032,5250.56384422066
14548,14644,15359,13498,10786.114106754598,3691.8627133003333,2832.8218818264913,4232.668467236396,1024.3596050660237,4402.9578285077605,10956.034783406987,5570.162177108662
16213,14214,14642,14728,10407.990718353825,3224.3084152827955,2729.464747448839,4864.362854293797,1076.7095217197111,4199.020377973673,10442.97027305642,6644.687667345636
17449,15120,13260,12511,10967.351855338844,1647.3542385369692,2887.9166339595604,4270.142444665283,1264.131281179281,3801.699284411082,9458.25822331134,6598.970013631647
12805,11930,17479,15038,8913.006560555794,5847.248780346151,2340.858539971391,4567.59308293548,673.6936888236888,5011.355427907638,12467.437022743678,4625.112849863544
16654,13511,13550,17555,9805.930816159611,3727.9670705062927,2564.177895596085,5575.3428743523145,1140.4957371469875,3889.897281688913,9660.172819929943,8260.041471120276
13182,16994,13856,15754,12398.61433169557,4463.2254093541205,3238.747159900555,4341.033804110927,1356.9711063427146,3973.1756559902756,9882.849839297834,6945.12984056702
17813,11787,13960,13330,8577.65181883425,2340.219493860573,2269.3332735000135,4641.597007470018,941.2470074645172,4006.787804930731,9953.194092045102,6355.373322312971
13962,17408,15414,15322,12843.687450458587,4214.488673640168,3342.6869545972468,4668.962700379948,1220.6759131940876,4414.989545007017,10998.862339645686,6444.603962247753
15288,15142,17946,13068,11364.271362004443,3655.2245903021258,2965.7541765402275,4768.950899131326,809.3922863516726,5137.611719677017,12808.357837877604,4646.539850359002
13359,16410,15144,14768,12081.27705758321,4392.169661086136,3156.816028020514,4311.902736622224,1171.3473623982002,4340.347177721073,10803.626140642504,6058.150270274672
14145,14198,13728,18501,10324.997576782276,5420.896255465713,2698.6312173073397,5225.889879251507,1175.4592940893624,3941.359600853615,9786.594450433853,7859.867574225609
14770,16794,15075,11406,12360.231626190814,2589.41175099147,3244.385276888575,3662.7844209239274,1189.793954997041,4317.319572787072,10757.557270788755,5145.2258499988475
16895,13999,14065,15276,10204.468522887468,2927.378972708482,2675.2091585381468,5093.808299570603,1119.3792236195447,4034.8782467425444,10030.140208273806,7255.762952717296
14968,15407,13876,14587,11229.048618610483,3463.8120652773,2946.0127493688096,4415.631548157251,1231.3586805326433,3979.7495711171155,9896.271557358947,6708.509324871197
15566,14340,14382,16027,10480.55597208097,3905.4986271712564,2743.70346735787,5028.093151475848,1116.175273557353,4125.707228243799,10256.299653389866,7097.758331694044
14372,14832,13992,14421,10817.310683763248,3792.691885489793,2843.3265660791435,4250.523350017582,1169.9121461058864,4014.166047935879,9977.861830756494,6382.190140018838
15984,15714,13404,13894,11414.409013603516,2624.614385804412,2996.7427271185916,4381.3259441881,1302.5603828878118,3843.662661234343,9560.362455179946,6888.397238845647
14616,16354,16532,12339,12158.396308322655,3255.3354151827925,3180.382874490366,4140.31423128142,1014.8838445434437,4733.447208816067,11798.490956148653,4943.258962897194
16091,14416,13721,15494,10485.480477696598,3307.102486643989,2750.0438119161117,4893.528625409482,1180.6489126323397,3936.814863175455,9784.21363956808,7297.453062687365
17026,14131,13233,14764,10239.7307984734,2556.883029055184,2691.368414594456,4820.58078505266,1199.7704792288134,3797.2878192487933,9435.742404261458,7385.11800604121
11440,17676,14490,18101,12962.662775634142,6309.915175463687,3367.239531095217,4624.091334570516,1346.6707304783397,4154.131597546959,10335.90159749069,7165.024499554725
17602,15887,15642,10900,11727.187151997481,1315.6301695422967,3077.519329166052,4284.492072642401,1082.2633273042989,4478.084496385982,11163.756647792692,5299.564273978331
11810,13682,13794,20061,9952.488156751322,7346.354954423717,2601.9648240930346,5080.473384451558,1126.9584112357127,3963.5199814189973,9830.299180001412,7652.085978288859
12328,14490,14682,17775,10619.01244210142,6237.742550968838,2776.340710299356,4771.360378799579,1094.5461205870183,4213.866823086446,10468.031173939853,6769.251652271493
15512,14688,15200,13314,10804.317596797067,3165.3669692814683,2837.2654730086874,4376.7230625507,1046.5128064786372,4356.8630061549175,10843.10895530201,5771.65191954088
13595,16287,15618,14673,12030.194351916396,4375.956748352637,3141.397503196354,4412.171921491561,1114.8254751896138,4475.165640416796,11142.789200286355,5879.645388060911
13601,12502,15540,16478,9208.894524578618,5586.245228672464,2417.7552191575464,4846.056300427607,875.6654090088656,4459.816461339297,11080.0693975026,6045.717487079806
14632,13888,15640,14976,10244.67918960958,4359.255347052203,2685.7555833035485,4706.193823569707,958.4381802153878,4484.726324384141,11155.289120055872,5911.423987547087
15634,17114,13163,14422,12418.735301128789,2640.3201489374014,3249.480739126573,4440.954025437244,1445.9588547666137,3773.086804458706,9389.985114605512,7334.829313212406
12076,14885,18544,16972,11226.062772563688,7083.010848043996,2912.807436328987,5112.607578756393,744.2271943003836,5310.876593557913,13232.973331712592,4753.884698593527
13367,15809,16416,13569,11743.54731212762,4291.282374083835,3071.1678153470257,4175.040806092574,993.112684841003,4702.719572089536,11713.288965779779,5098.260774372557
10255,15504,17427,15930,11608.014064628507,6910.9900462648,3022.8367981455726,4262.349865287431,870.4617466163984,4993.861188468247,12433.41155813682,4758.921959544272
15476,17094,14803,12432,12554.371719847552,2468.0011629027344,3287.593135396949,4105.516437039543,1251.7363744002773,4239.521161568387,10563.39264324633,5862.725308733376
16259,15164,14982,12055,11139.19132776087,2344.635251442481,2928.915381045512,4144.410727526502,1095.8344261507868,4292.753328781724,10689.130147276494,5566.7064319449
15126,15708,14741,12760,11524.114938987266,2935.5660114749585,3026.199874008301,4070.6459920015714,1157.1516251509388,4224.509989977023,10516.426802156571,5749.244965062836
15407,15050,14458,14732,11011.886109173749,3465.8891951244455,2885.8448433687236,4649.718268997798,1152.886900466179,4145.791151930657,10312.203824588905,6620.4934844802
13965,15403,14558,13398,11286.284891104202,3651.4483643961235,2965.3304460250274,3971.0563336887444,1150.097564206414,4174.181220454284,10383.818237427866,5777.837718316044
15793,15879,14844,13144,11656.871296493016,2720.7779801801485,3055.3603085949253,4368.514079125096,1166.9288874821123,4253.309011625389,10590.624822967045,6056.907528148377
15075,13380,16942,13831,9961.681511683828,4092.3214267728786,2612.3095721727445,4690.205695771028,807.8427106080323,4855.0201617834055,12087.074880149608,5050.339841431773
13216,15866,15048,15364,11668.869867544916,4741.788852447056,3050.3077176767456,4417.455524494851,1146.4832117987992,4314.2618744387255,10733.723183709386,6202.6247790851885
12053,13571,16653,15960,10088.418078370065,6186.924291538334,2640.7833770003253,4539.715523437296,841.5190888015871,4775.3639197660705,11877.614071954436,5235.583943286178
15101,17100,14137,13345,12499.271754221545,2795.332097813136,3272.5601703330385,4171.509410307135,1328.0119845712914,4050.5855056271976,10086.407491848728,6379.155713435559
13664,16302,16653,13783,12131.887370176239,4237.2281003593425,3166.2376185546823,4351.514330858829,1002.9350145304376,4769.214407982506,11883.719417004562,5189.329192587184
18055,11183,17226,13923,8333.115940870855,2995.1269077989214,2185.9183030096365,5550.463744767652,666.5286527282312,4937.865887729989,12288.405306012479,5356.739194223886
12154,15028,16034,14442,11131.258922442561,5134.456565252776,2915.280159433807,4088.591761423324,979.3559064443925,4596.627446641606,11437.399779211602,5216.218092701304
14478,14490,13454,17893,10518.139123594794,4895.239686115172,2751.3409456368627,5106.296969065721,1221.2899995923058,3862.47973260882,9591.511445879669,7893.393576307385
13463,18345,14094,14916,13417.505872209316,3873.595253215889,3498.0778364864605,4234.862380728242,1428.952378244927,4038.0464547649153,10055.957874078973,6797.167790782881
16155,13804,14058,15222,10062.033028708542,3368.397752959151,2642.307457062353,4877.565968178421,1099.8535409942688,4033.685547287001,10024.3177763085,6981.419604235086
13608,14074,17384,13608,10518.671645215156,4645.61576866229,2755.452564081964,4361.885712404697,799.9452839956352,4980.37851616405,12403.66009233949,4604.807249023922
14085,13482,15190,16568,9909.849321651873,5183.945791152362,2596.0940060210396,4934.297720653278,976.9157732231668,4358.354104799291,10831.607931904291,6449.394506521331
13157,14819,14076,15422,10815.9237196865,4695.670198172622,2839.6017067948355,4274.316517961439,1161.8609220355281,4039.6090580128075,10036.417737651034,6453.630586823682
15512,11890,18670,15801,8959.318821764115,5324.555438923518,2335.894180287435,5686.546189249015,597.2193467933755,5348.862966243469,13321.166285438449,4760.209264682775
14736,15372,18091,12523,11551.332642762694,3721.656786046903,3017.0395573596447,4477.96087051407,800.6900586099947,5178.5547135468205,12912.436192620058,4329.450641094131
14740,16926,12076,14404,12188.918839530346,2951.6185181816027,3199.627675243058,4060.679620939364,1537.2320110228402,3464.2810741512258,8611.693186000854,7393.552448575735
13568,15739,17183,15584,11753.722388871085,5234.680996737033,3057.512531332452,4910.545448956907,927.7716596924402,4921.369880155336,12261.460459509712,5447.597027025524
16983,13459,16798,14187,10007.207217518215,3161.484609660315,2616.0994962719687,5319.946809265791,835.1714775411227,4813.21326957063,11984.919287039414,5692.78148412696
15223,13039,15790,16729,9622.410139200769,4900.935636867751,2515.734256477617,5358.7802335135275,899.5216989747685,4528.9391514973395,11261.088712977045,6470.929864368366
14746,14560,12845,17037,10523.061532047468,4293.990592541944,2759.9542877331714,4848.799154456165,1277.3649101104857,3688.5548628405177,9156.443500677731,7889.14532255048
15430,15539,14062,13098,11342.457214223323,2810.774434269775,2981.1631220573654,4126.571216514464,1215.124069593132,4031.3736520829502,10030.592800630307,6157.9448249947
14910,12492,13900,17985,9086.813173883202,5141.18513214499,2384.2737886342134,5289.065764604469,1020.8757944791269,3992.8329704696393,9907.081258333315,7554.929162138953
13953,14352,16236,15296,10637.011882471405,4880.702785135838,2781.747085332443,4737.090912992013,934.2043667504904,4654.037430683441,11581.989470085431,5679.357060482224
15255,15631,11962,16143,11232.432388918745,3386.0379862194777,2947.470633978939,4596.341693880189,1451.2645052897913,3434.2230714174784,8527.71328214099,8152.84924591018
12292,18853,12451,14280,13644.167518971668,3785.9134685779636,3567.885455972193,3617.513029292234,1643.9077707356198,3570.2239949588,8880.826223884127,6893.510638947744
16200,15291,15000,13560,11233.196549471118,2754.598381404822,2943.529238488652,4610.184392919684,1114.8428114895496,4298.62698541968,10701.32283888826,6197.426201952762
12710,14470,13917,16304,10546.337832247034,5237.3661181867465,2768.5298314493994,4381.640862264244,1153.7247193122919,3995.687687645189,9921.318230893194,6681.857208514612
12474,14207,15549,18584,10475.554668094865,6820.56214910631,2730.758452050235,5131.1997258030415,1001.6689633441555,4460.686441734808,11088.212753640983,6630.511617880666
14746,16016,15495,14552,11814.692130846299,3794.0860308868696,3085.6914381435936,4635.418107192767,1115.7559897814986,4439.700324099601,11055.24368161682,6127.9635887424665
14792,18904,15816,12303,13997.826021197488,2603.1750102106544,3647.7957534018583,4141.103296980052,1258.5145703965131,4525.444676788966,11290.330322422129,5553.762351330673
13293,15252,15142,15733,11220.538020787099,4960.790746654905,2934.4231871809316,4540.183533514593,1097.0630358354153,4342.0883991878145,10799.89804456099,6231.630739485279
14085,16584,14473,14016,12150.563157046854,3626.3291689504895,3180.838994904976,4170.880379367952,1252.3209828467686,4148.2303575992355,10324.761060006202,6216.2572026157995
14073,16524,14680,14539,12123.28962592278,3864.1104893603665,3169.8741702132165,4341.643440972613,1230.650029348902,4207.4447810302245,10472.53610867611,6331.9545420892255
15927,16432,14255,10130,12019.225299104794,1754.1654230764666,3167.773137153924,3370.783675496475,1245.5917996858818,4082.312309826246,10172.446621351364,4970.102110123289
12887,13467,15618,16294,9932.625855576413,5720.762860143799,2603.57209728741,4656.235385847942,930.4222011846441,4480.920798866989,11137.013103746613,5917.143526701366
15506,13923,17520,12630,10411.94656409417,3497.351686183153,2729.268264067459,4550.906269733464,783.994891611051,5017.8044229039915,12502.280309728603,4581.42738583457
15549,12648,16140,15007,9356.557245512682,4232.825649095082,2455.164452181481,5002.614204209753,835.6573519388426,4628.342885577069,11511.727738211368,5773.280210847573
16748,15572,13322,13872,11302.061004523799,2223.1083060707065,2966.3977718692086,4543.354957780924,1303.456614962936,3819.985483444605,9502.04765315443,7105.895601979886
13589,13940,17148,13384,10400.10227138206,4517.669681373341,2727.744693161186,4252.693591732497,811.6841762493166,4913.378328859271,12234.663445031872,4618.048064541288
12644,14570,13604,18802,10590.66063078372,6216.6813354049855,2769.116650329729,4937.03798488848,1210.5956004965603,3906.847286123886,9697.084536273516,7658.261206444505
17995,13382,14407,11514,9779.64044385523,1621.6925906605602,2583.721938230196,4222.676303400326,1018.4350960438691,4130.150170958626,10276.686740253303,5663.17844177559
14720,14416,14956,16555,10582.14134513367,4663.840205308532,2765.7655571047,5060.277141028997,1068.8264225735497,4289.656281573281,10666.325998022463,6837.051470621184
16389,13779,15295,14544,10135.289065895537,3276.782619530707,2657.2368189228046,4965.084325188385,987.8067335304223,4385.433816429313,10909.578407030118,6308.027107489441
17893,15225,13425,11123,11058.350217982557,1174.2454562818393,2917.15761134639,3959.15390885091,1249.1970314089435,3847.1655618647737,9577.696760114792,5975.206585840626
16720,15117,12896,13398,10936.439882273575,2167.1115425702355,2879.054563754545,4304.2301355939635,1301.0664196611096,3699.008398505874,9197.00596509625,6929.029223975661
13733,16522,12622,15708,11942.209512691708,3992.433277436312,3129.4677555990984,4267.1740795759915,1450.2940268120901,3622.043257028332,8999.978435185036,7452.924134431454
12430,18000,15107,15430,13262.13992231222,4841.958486701287,3451.9933338856817,4284.145771206456,1285.3720423302796,4327.982271885677,10778.914386657056,6292.867463293725
17416,13894,13841,13279,10112.989763456146,2128.026172317369,2663.373990963626,4569.820591319136,1117.2347157121062,3969.793770776451,9871.146049716997,6583.189968852213
11928,16100,16030,15540,11930.877862464535,5596.541996219475,3112.1376125660768,4328.270039095154,1055.540042060261,4594.3058605529,11435.72261323209,5613.619094338342
14428,14208,15063,16593,10437.105622477982,4887.6983240756035,2729.194984902517,5011.730550592554,1042.5233568807384,4320.698765461962,10742.277707954207,6696.540916769419
15836,14111,15185,14553,10373.87823374455,3492.7447282230187,2720.082775910958,4810.513379790232,1018.0900088713281,4353.926898144373,10831.073466297057,6255.449190201268
16396,16845,14841,10955,12372.250663998735,1712.4111473998316,3248.435084361736,3862.6440404138375,1224.3877770325385,4249.1348496491355,10591.686034558245,5383.974958522442
13357,14756,18253,14459,11101.894368675094,5267.235018510703,2894.3089999989243,4704.018185114484,760.591279013199,5226.946062519513,13025.982601970121,4491.4227367343465
17002,14582,17804,11556,10927.427843445068,2331.9989764013703,2860.436366828665,4718.344985506805,793.1131937501974,5096.4724544496175,12707.602072463003,4497.726442033416
14195,15448,14354,16291,11297.56664625114,4520.9930336723355,2952.967526698799,4774.56136290151,1197.4689972167992,4116.895989265427,10237.097053539628,6995.559424341278
14718,16696,16235,12629,12387.74610190991,3197.4281571207043,3237.9806406119405,4213.473223018791,1069.8127518650585,4648.451462739602,11586.445295026022,5218.042460688759
14904,12840,13597,16824,9322.384963326109,4584.91530124079,2451.874885953259,4936.129001389618,1066.456118309924,3905.666263970416,9691.322402733178,7303.52643262846
16699,11968,16207,14649,8853.830814155715,3648.845331377264,2325.28360670495,5197.052368423274,787.9588661342265,4647.722377136033,11559.412104894956,5805.8943272509
14306,15392,14998,14490,11311.435879957395,3971.2284566476587,2962.837267706047,4415.039297816839,1117.6474208674747,4299.65637876125,10698.330540126772,6101.190113431538
13785,15478,12449,16276,11164.579021223039,4276.335338128503,2930.9187614879193,4393.565771940983,1382.1886188857222,3574.7550269140493,8874.246467381938,7608.735323671809
15904,13330,14955,14552,9779.130789779236,3536.327078321277,2570.25981950999,4766.437756961504,980.7826889737796,4289.705449429057,10665.295195075269,6249.588279672565
13981,16222,12189,17630,11680.656647322161,4464.0539818026355,3054.5854978000307,4734.594083523063,1487.5718271037679,3499.2962547329926,8689.705447760647,8419.7899649599
17535,14484,11882,14274,10395.302550572364,1910.639094098401,2738.8105400220593,4562.747940168016,1349.4245634386536,3410.844379727859,8471.193015557496,7801.795513567958
11711,13155,14988,17928,9655.957868186362,6814.329836526724,2530.7081311330867,4715.078889409877,967.4809148019717,4303.875072622181,10683.958184067385,6387.962193753638
12794,17170,14012,13235,12551.637631439677,3737.5700268331866,3289.781197359567,3639.133075081287,1330.1086610256202,4016.8490776949075,9995.21360326268,5867.594259632528
15352,14388,13820,17270,10471.078141039148,4304.5043613001035,2737.893284296104,5218.138004575065,1179.593157516779,3966.0618426674628,9853.96385689245,7754.552044136855
14488,15264,14145,14880,11146.416804664124,3864.4565105059396,2923.1554638914313,4428.714094757672,1193.7111536216123,4057.099145339338,10087.914300513305,6589.157950518039
12994,10290,18857,17608,7763.921769813702,7630.431186560457,2026.8135995882817,5500.099228407642,500.7172191687981,5405.292552371837,13451.168139991583,4426.383219845395
13878,13209,18387,14983,9940.340555104554,5499.7907084897215,2595.739295194146,4972.576969272643,673.2294678216119,5267.032893330714,13119.905337766842,4504.713538247865
14472,14137,16631,13725,10506.510669559084,4146.435708515374,2754.0883372168373,4476.144055905709,876.8589866006876,4765.74103445561,11865.31561667921,5102.8431974443865
15629,14484,14594,14073,10605.41553538579,3267.5573532176445,2785.4118736280534,4523.111964286441,1092.79427303268,4184.994509305829,10408.98596402031,6284.3680265167395
12879,15614,13144,17903,11319.934490012456,5456.740989061735,2959.9527362528816,4702.898694296224,1334.5934365016346,3773.6426504293872,9370.366455314721,7744.618970192422
14526,12738,15589,16364,9386.054561535639,5099.123764156559,2461.0457415811693,5039.994717914389,891.1982139056029,4472.665380426715,11116.305078169913,6222.381718246968
16200,14911,16357,12181,11060.760452464023,2656.7770619934367,2900.969706582936,4413.420612639011,950.0334956249801,4684.8023935975825,11672.19261623071,5115.08606109929
14495,16720,13718,15768,12179.823657193028,3830.3994789654653,3181.2003067024025,4620.462931247903,1359.365460156383,3933.1756289078153,9784.875704680559,7315.90865150633
18785,15975,10539,13355,11364.193552451316,580.2522675170036,2991.3651025508116,4390.958336270689,1618.5912547009436,3024.187786503543,7515.242663944073,8394.074451026692
16754,16720,10231,17933,11863.7487850676,2370.577660553451,3098.217062824967,5153.007040107133,1757.1917803935485,2937.431367989848,7293.190567080889,10404.599125610945
14430,13634,15254,16588,10026.479351183001,5020.086385621023,2624.262823918547,5034.309417774535,984.3578492571924,4376.028417192203,10877.950154622686,6533.987696388868
16042,13696,17706,12287,10254.37612250238,3201.3432699997625,2688.893099194666,4611.440612058477,755.9216419929919,5070.593128173559,12635.497937742723,4476.605627183004
18748,14944,11300,12890,10684.271795790355,855.4394514321834,2818.5617614050648,4339.643814283526,1440.0546833041224,3242.5138561789013,8057.730837070258,7698.008442111684
16352,12319,15694,15401,9080.432028018087,3916.201316387495,2382.581031527494,5243.381575455211,854.3901872596923,4501.746100753885,11192.315673511373,6243.820114738871
12513,15572,15410,18292,11478.630721314597,6436.871303545924,2985.88249448863,5054.198844261387,1108.1457084427943,4418.566070465324,10991.3208998135,6803.113346101297
15369,15481,12060,16623,11130.161330959747,3512.007956435168,2917.9683408536566,4762.359445686141,1433.1879799503674,3462.4601099947627,8597.495241303914,8340.935428306208
12409,15396,17143,15556,11495.692642141377,5789.781349285314,2995.5560420253946,4600.323076877582,903.9527517878431,4911.411144550886,12231.593936753117,5164.80655953252
12373,12522,17523,16302,9362.430153821026,6588.260132971494,2449.887795339203,4820.577332426135,708.3025111287836,5023.818551100922,12499.083627121763,4894.924438292421
14345,14772,14981,15537,10849.55353684681,4422.47035793196,2840.1342892687917,4699.942918944325,1082.6208583938978,4296.196249501618,10684.793872771852,6414.828393479624
13668,17006,17657,11450,12752.439050864974,3479.01892103967,3330.4725158725523,3854.5717729530024,923.0999044723166,5052.813431150816,12604.155124876816,4127.300901457789
13052,14980,15870,15184,11078.682866902729,5059.745247236697,2897.9506493768886,4450.193509748777,1002.8820664133757,4549.610890504732,11320.40454963606,5674.975967779517
16168,14058,16587,12688,10441.372093758837,3007.914426298063,2739.643594346155,4577.252306514675,878.5974205149196,4751.872383490336,11835.198195866713,5107.407112516894
13380,15260,16977,13715,11378.37534845981,4545.342862538404,2975.059717891246,4297.64510083562,905.6998508445901,4863.1424057948925,12113.88168443427,4872.273250920949
16490,12627,14910,13634,9257.111242871228,3072.8222919827213,2440.8689219446437,4606.357871775138,929.1225984903504,4277.119930641152,10632.874905164299,5958.680054520843
13497,13802,15464,16931,10168.255585841485,5641.202786506631,2659.626855030636,4936.869133973056,975.0642776369175,4436.249100307846,11027.712196330449,6351.803166473328
15919,16093,12198,15568,11587.232769398033,2820.6368234906354,3036.952429544342,4638.570026002488,1468.9300699032176,3499.944189781094,8698.05543186757,8096.821819010073
15208,14954,14173,15663,10917.504345070913,3827.163470202783,2858.6682838241977,4812.107504894838,1177.9268756691545,4065.296015123562,10107.71754958131,7028.75669432665
16804,12240,16664,14543,9086.874127782565,3601.229472284271,2382.272465316225,5294.777761179454,771.1082071962254,4777.203851001784,11886.97993126066,5644.182930595803
17166,16946,12324,14966,12216.422546678488,1726.6229484644039,3193.6589077866265,4838.954137428145,1535.028763430029,3533.2492050418905,8790.899703909476,8384.842344055867
16099,15466,14855,13514,11351.138328546655,2739.743509205166,2974.777608039023,4548.398773704059,1140.5658765855633,4257.098418999387,10597.849681977223,6228.053166403643
15708,15008,13892,13540,10937.04838303008,2862.6056778837205,2876.0960894293084,4279.707467448129,1194.0254283408995,3983.8588587400172,9908.125767594447,6395.7848045233295
15199,14098,14986,14040,10350.964281303946,3591.9087808972886,2720.018921189416,4468.916689293041,1026.3869781411604,4297.499266961202,10688.49296689604,5978.777112281615
13520,17714,15456,12434,13083.103094676768,3364.7153459438437,3420.244749188154,3776.668843350546,1212.0259827594832,4425.946551313351,11029.977605082753,5284.544186545098
13914,15923,15392,16070,11737.240343329595,4760.853747359425,3059.9211895804283,4824.836392572354,1126.1878055040065,4411.531223157151,10980.405792353486,6489.327022334969
13545,14472,15114,16430,10638.650738941902,5226.021207989119,2783.151812667209,4768.832590652539,1050.3225670930437,4335.427324752313,10778.543184409213,6435.498696307528
16711,13072,14456,13568,9553.758728825786,2798.360970723566,2518.528617867436,4571.52150195561,999.532719385406,4146.952276341461,10309.020107552384,6199.486605281245
13783,16198,15348,14975,11939.666791778996,4353.234542402729,3117.953614086825,4493.58225824806,1140.1153058850962,4398.437574638074,10949.51925477769,6124.241600730548
15038,15613,14528,14162,11434.70449862884,3387.564279067531,2996.7577405483644,4421.610589436132,1181.7230473403208,4164.8105782334715,10363.172795877648,6353.056045394274
14904,13826,14763,15405,10132.336169957256,4196.021098009216,2658.977856117151,4747.216642515587,1034.694500622655,4235.314611607792,10527.677144457368,6462.060579054849
16188,17292,16344,11236,12839.326953388652,1958.316027394635,3356.706897713012,4216.259942060045,1092.4839325236662,4676.89737867107,11666.923276325488,5060.406960086901
16466,15260,14362,15840,11155.035360175261,3113.4576310136276,2911.5115090225336,5247.24859120472,1193.89423117451,4117.698963653706,10244.369467572727,7483.258312126912
17681,13053,12150,16528,9374.836650040439,2653.8138864436664,2464.6887160163496,5276.166518835218,1213.9932192089966,3490.7497480166667,8659.290864974211,8597.508715687825
18053,12219,14975,13283,8959.707302812663,2262.2085902172557,2361.2870478803193,4900.994965845888,899.0058944785228,4295.188079596368,10679.791402118875,6126.93781305186
16290,12651,14283,15730,9230.179445241833,3696.5066378944007,2426.491494320702,5073.125633732641,995.0269020753982,4099.840410527262,10183.148389487633,6960.811033080868
13394,16796,13532,14834,12225.7847234168,3999.1449629195886,3201.477348189949,4105.4295033989365,1368.323893909197,3880.864790819065,9651.190476527978,6735.936894203132
17009,11571,14630,16014,8458.15035944196,3666.312560427876,2223.952255638413,5383.1582324025,887.407811930657,4200.120553779125,10429.864309888633,6968.452982451039
14070,14592,18373,14427,10985.80192618773,4985.33222079837,2862.828523870199,4900.846213554105,745.1649326586784,5260.915190093603,13112.00001809486,4548.531442703393
14623,14941,15701,16437,11030.94637441284,4769.101292074313,2875.638617443731,5145.726119232513,1035.696781582277,4500.664125878478,11200.302569657277,6534.96963867942
13039,18857,13640,16592,13748.62717478539,4491.798890021922,3574.8477351008833,4500.59176407155,1532.3947995383526,3908.341096718171,9731.766283369581,7592.407576135553
14203,14076,16702,13472,10466.94944705455,4186.31175272151,2745.5613456632955,4348.958174385614,863.4442849156842,4786.059279419209,11915.994362694182,4937.53941590832
14669,12996,17078,14300,9684.050316440827,4541.568680159988,2539.5275157150613,4742.397746972004,774.2362473675913,4894.665023898162,12183.40721677737,5017.62870120164
16249,13237,13894,14708,9634.740168507193,3231.310884974378,2537.2205184934096,4710.440799019341,1064.9253195674678,3987.606105347164,9906.398236934747,6769.999201334127
16673,15375,11593,14114,11019.242363008878,2132.241946103797,2902.5738548955414,4289.198823406726,1452.9591100864736,3327.424360497176,8265.555243861878,7693.722294274801
16186,17747,15252,10888,13078.92977951789,1672.4455340443171,3425.6689473290253,3904.8969617691455,1243.0728822786791,4364.95699209034,10886.893173280496,5313.864653343866
12852,16449,14342,13462,12046.283895640569,3947.03075135233,3159.4917831192793,3747.3378805176435,1243.0958111299685,4112.033779694568,10230.01029276114,5774.306231097012
12715,16425,15243,14777,12103.528857164838,4700.2667828476115,3162.815258393589,4189.909652454589,1157.8113395126675,4369.065110712925,10873.930705589333,5883.905105113102
12949,17091,13317,15938,12422.619900457816,4502.35290807959,3247.0797181662588,4261.226149134876,1421.378220792141,3819.8096109541684,9497.238114137072,7173.166799077778
13104,14490,16929,16189,10795.953160310033,5818.94582333959,2815.258536660825,4887.285034158351,880.1221026054999,4851.637290601204,12077.377395090492,5479.98806954245
14284,13312,15862,15373,9833.080974520864,4805.021439856928,2578.8625193161297,4761.682610018171,900.3561773726483,4549.1683957192145,11312.83436291037,5806.960613743983
15857,14334,16100,13616,10610.112430269259,3321.9826530998193,2780.398162216004,4706.908549959309,944.6316453405774,4613.51951686882,11486.517057034058,5592.761507052189
15209,13786,16248,16498,10212.305419868997,4809.571031448075,2663.507724769266,5395.252896749541,909.9343683369214,4657.84447351509,11590.188846227906,6301.60550377613
15540,15594,14151,14512,11387.813814531968,3174.445047321727,2983.509099699335,4578.8472333130685,1223.2555238117538,4057.2712078780864,10093.736090464532,6759.630195204862
16493,16428,14616,13993,12040.39791670056,2390.180313018441,3145.5259601332855,4797.392125323967,1242.2248171283231,4187.413338544741,10428.585542598708,6800.105956338331
14079,16796,12901,15631,12165.548499827539,3812.6160633236473,3183.992049322089,4361.840970482762,1446.277999546731,3700.6824952702204,9200.359200916251,7453.018522324486
14624,12852,15115,16858,9436.958983462991,5109.363243250844,2473.5950900728967,5122.039372154801,942.2256562028218,4337.779020868682,10777.170625672174,6624.855773164866
14419,17195,13596,14362,12521.391031360983,3314.4493041825663,3276.50594591566,4212.759607997372,1397.1830504482832,3897.2988114752325,9698.745912939656,6830.618895988427
10822,17757,14614,13148,13053.439650027196,4451.81338008972,3413.122678137661,3326.584547905303,1297.4828523550225,4189.255276925635,10424.908335907365,5344.106496683308
15257,14768,16443,11636,10963.132087978684,2952.89856252316,2881.111503193032,4005.8629815447916,923.7263632449398,4709.651202332885,11733.349918837215,4673.236473531308
12084,13537,16488,15448,10050.97756590914,5885.873509634522,2634.444497907877,4389.976329768171,850.3437608661068,4728.335154236702,11759.611537660137,5169.818805975789
15901,15696,10991,15785,11199.645313425179,2767.2767761865152,2944.199504500254,4488.3555785458875,1552.3505280632755,3156.4710255691634,7834.311883649427,8517.713550448854
15096,13066,14606,17237,9557.96559486875,4852.394128521708,2503.5645672709306,5258.699165747346,1005.3356355547179,4192.365852434416,10413.584429741968,7127.23258340744
12145,17085,13224,15941,12414.33465298788,4840.914757982299,3246.4800240202985,4086.058080637949,1425.1676358472323,3794.2037538833647,9429.856804089175,7016.670696104015
15877,13726,14447,14774,10034.274587072206,3460.510364265654,2636.6081367355137,4745.769226505681,1055.1194256446447,4144.56828530969,10302.4247742794,6571.805117714574
13824,16045,15640,14835,11850.992524988453,4372.111691692221,3094.6575434113165,4510.085682127516,1099.0603727091607,4481.692224572713,11158.264271275733,5949.738277542319
15781,13320,14076,16046,9707.408743923184,3907.3894519659802,2548.796450321093,5013.099891931586,1064.3906129752008,4040.240308599458,10035.753583102913,7125.4706773666485
18160,13510,18357,10779,10160.570411293851,1757.775777111821,2663.336937212007,4863.02647614552,687.4156680231873,5254.5726795559485,13102.791692375326,4132.014501252598
13941,15114,14695,16638,11079.039524967478,4915.813751850038,2894.6131142199774,4856.496089157516,1140.5662893283925,4214.795414889761,10480.173286656012,6867.366218859156
14357,14552,13952,15494,10606.640554544469,4198.404464043352,2784.482309780017,4528.8063723478335,1160.2526053895908,4003.7234984586794,9948.292208794417,6767.094508041342
15248,12464,15022,15888,9143.534413918602,4467.996135292876,2402.9523034984054,4986.329683668728,917.9933729056047,4311.220860299613,10710.744749347483,6433.993062935495
15065,12323,16723,17248,9153.87507286491,5554.693029818602,2389.5751425177436,5614.234915246952,779.4032935293775,4795.543450676788,11927.536533739443,6064.422368351079
10816,15230,14645,16036,11172.158859419316,5952.87657063184,2926.560671669232,4020.2985343498326,1129.2018046247726,4203.321928732296,10441.700478508505,6012.557105403867
13938,16502,13782,13726,12031.557556387374,3475.8953674328754,3156.239365946174,3958.7286356592986,1314.0143147391395,3951.6232959059234,9830.416505869482,6294.920220590928
13380,16001,14886,16312,11753.095080197221,4979.448408876825,3066.872879422557,4677.093849942752,1181.2806641387483,4267.958430597579,10617.998006467078,6654.301890940142
12599,16585,14944,13502,12200.056804947777,4159.9682970965605,3195.201194727213,3792.4456800746,1189.5683532872356,4283.3877137527725,10660.636287012803,5549.079927868224
14090,17201,12818,15518,12454.635422082953,3685.990218214077,3257.9075035651886,4325.364416015176,1488.2050537054463,3676.251160071454,9141.791083350008,7499.76762301671
16974,13380,16134,13623,9900.360630789104,2904.6102607164894,2596.4916362693375,4990.422751851731,885.2432073959695,4624.113057680903,11509.976419049111,5728.412255328943
13370,12640,16310,16841,9364.92945985053,6045.10436192983,2452.2308328820372,5005.694366051654,821.8405531398674,4678.660418689578,11631.290381272942,5784.554270502424
16459,13794,14560,13303,10093.522917348875,2744.0168875588424,2657.6819499149165,4466.878593212437,1042.3758270720618,4175.417377867071,10384.538360817349,6091.877773950504
14390,14806,15686,14208,10931.948861366183,4063.0258962252647,2864.447724859273,4455.310286046829,1009.5942026310809,4496.186523749004,11189.819833937636,5687.287479005579
15180,16644,15816,12845,12310.309358684328,2973.5831522519284,3218.43376054142,4321.224284487591,1114.9058724114786,4529.058847543012,11286.834399728954,5551.297245624732
12908,14688,15505,15175,10832.663040308787,5059.247715574722,2837.913078003541,4360.912738831514,1016.5997846150434,4446.429757274431,11058.569445051962,5756.076313546749
15041,15011,14544,15096,10990.335089391834,3793.3982477987156,2878.823257791799,4677.160347582476,1141.9112062364663,4170.7486019270245,10373.248049062986,6629.403214273637
14091,17402,14392,16372,12742.982140381117,4279.511371807537,3316.44568152114,4810.151034110806,1342.0487837020698,4124.160528617667,10267.84246523902,7291.425250482415
17207,15630,16883,11976,11639.143538327364,1958.2401517538028,3042.076130745467,4796.989784286702,945.4490354408716,4832.864289096862,12050.067226501105,5206.121509960678
13577,12462,17252,15058,9296.784664020885,5436.906389335762,2438.5521556947806,4718.730955811023,726.3809172696926,4945.7620551476475,12306.19299077743,4903.4998679273185
16350,13790,17083,11867,10278.262505606523,2795.792784150786,2699.9179602488803,4437.386724659037,814.2934451336454,4892.791329132922,12190.280082730755,4638.311931577498
14499,17072,15610,14120,12611.53549998027,3614.8600946651186,3289.2181261714404,4497.043525531274,1170.6319998523466,4470.68631243919,11139.193536402921,6008.548958896061
14355,14697,15579,13972,10842.739767503543,3982.9824214316463,2843.8000919060905,4361.121406619719,1010.1325318285926,4465.843407285605,11113.160675402345,5624.912083828629
14912,13115,15629,16190,9668.24879607945,4799.587121284393,2532.279573010064,5099.669938747683,915.3333933248764,4483.097406403811,11145.911479348308,6290.54788633397
14735,15111,15120,14021,11112.552678133763,3679.59460517864,2913.551654277103,4396.853504030515,1084.8324002854513,4334.314325479988,10785.668557969948,5945.3499817700695
15762,16488,13694,15841,12003.485364331875,3159.558924473886,3132.0894895098904,4958.736447460918,1352.7179336126324,3925.738948472047,9768.36895025218,7719.980925956133
13585,15282,17862,13522,11467.229834310827,4591.954453312075,2993.5025849403914,4437.52844911907,821.1034297468871,5114.571200069701,12747.40109786592,4496.274879866767
13611,14088,13804,16042,10255.308969974103,4768.901551890287,2694.9092105994237,4487.911383983093,1136.7500484364189,3963.2590338439795,9840.756459827746,6788.374174172772
15670,13375,14149,15620,9753.746368921627,3829.430929062722,2562.8860510383784,4880.175528858532,1058.6786645149232,4060.844138907774,10088.152256848072,6909.6353502928205
13556,15812,14012,15043,11541.549236860115,4236.34845862385,3024.83609847751,4255.641889936441,1244.576436460178,4019.1670636810604,9992.862103358864,6551.666557958293
15052,13098,17617,15515,9798.577188517535,4978.059758623835,2557.7347382035205,5301.975714823074,742.2776373466564,5047.998282021015,12569.05287129087,5232.876487685631
14137,15168,16478,12383,11267.503228622441,3617.7737085018143,2955.75605172684,3998.9462840062524,943.899519837872,4720.20100599362,11757.822942889954,4761.373285618127
13822,17777,13284,13585,12925.864447063057,3206.5242113172285,3385.393730385422,3840.4021455199954,1466.5380587563125,3807.661193603748,9476.401290961072,6542.36532726326
13080,15816,15554,12508,11679.286502645902,3815.103346292127,3065.1405034059626,3689.490998961951,1070.737460308616,4457.2040133681285,11096.794114093107,5000.311541082703
14647,14688,15982,15264,10866.098702306925,4425.0473736199,2839.4300128216946,4865.23980294345,983.5982041253786,4580.760940854012,11401.245088081885,5978.572090233863
12798,12064,15593,17452,8887.920691180934,6433.9331723492905,2332.5472043823797,4923.294657242586,841.8767790600415,4476.504858860335,11116.290765147824,6092.04166657603
16914,14539,13725,15194,10574.948620397488,2719.0135797133335,2771.275752068652,5026.253914416584,1192.701839978346,3937.062618111351,9787.982132527213,7445.835789659193
12237,14606,18368,14672,11000.152057852652,5883.436361831306,2868.814850516855,4507.373221103735,736.6292290099601,5260.551786194303,13107.42445962143,4286.2331024552805
14440,16985,11622,14602,12192.841867920819,3064.9311391658784,3202.3704370824057,3987.9767029456098,1589.8866210754804,3335.0542646785316,8286.838312371277,7554.754698223314
13088,13629,16800,14421,10141.330565665707,5106.587160975424,2659.3470514449104,4378.349359574368,827.7112692137039,4815.706022982633,11984.296399652234,4940.643907504971
18017,12505,14941,13977,9167.469774981815,2383.4583754431233,2410.4587792868815,5124.88087095591,926.6307867466452,4285.536876645005,10655.46001065729,6468.155878008096
15330,16492,13980,15116,12033.794301326718,3264.7739914413214,3144.362421234481,4690.144463427947,1314.2300141259857,4007.3713215826238,9972.673164316166,7159.344610333061
12479,12586,17615,14886,9416.796208617712,5874.908527616537,2469.7115132476392,4482.025810252429,698.9923692485123,5049.233554296855,12565.623820629842,4533.618542775455
11006,17176,16093,14552,12748.930706565594,5414.016243400798,3322.749075196321,3905.3239667457156,1104.6483433311942,4611.094074208445,11482.026078575196,5227.442397370741
13890,13568,13903,15600,9880.919741454774,4569.496910938077,2600.839386310703,4442.505534872055,1084.7662323544075,3991.9106787387555,9911.113904252677,6590.461265067785
15939,15655,11926,16479,11244.504494912337,3090.355980309241,2946.330490098352,4837.041875648765,1464.4238734455657,3423.3998738382006,8502.556566262496,8539.899359249463
12911,16344,14016,16860,11932.222811219868,5147.987667743579,3114.967487384397,4579.9453983756575,1296.5243482209844,4020.3147663036457,9995.681141275802,7128.794222018161
15208,15096,15751,13452,11151.545050010263,3395.1059304708683,2922.172555895309,4449.7385382540815,1022.4662923015675,4513.312332979396,11237.673244209516,5609.235709765622
12369,14544,13669,18049,10578.880248542384,6046.340234811614,2770.2286940624854,4703.720126738215,1194.6973535339262,3925.648513906398,9743.283586264966,7303.635449372561
13725,14016,14946,15980,10288.270891763921,4979.96917416627,2697.2746545164437,4663.42521940902,1030.188210922478,4288.177037813148,10657.796271779556,6338.036647856273
16212,14352,18000,10706,10771.05128235443,2569.1164257556247,2827.4672084816757,4208.221614228998,753.5757666372884,5152.23086427841,12847.828207528924,3943.4298889013276
16426,12831,15552,14972,9450.759671274018,3611.5265428044013,2479.5649479856243,5122.978684511551,900.3877801954699,4460.293914648758,11091.758005454938,6239.25809312494
13450,15093,15873,14624,11162.652594208637,4644.532619229663,2921.411296519922,4390.193299544104,1008.3842274770949,4549.775357227322,11323.237769913658,5589.320130264037
15870,14560,14450,15653,10647.798411989828,3594.875077512547,2786.7554443017834,5018.966170302144,1125.7160571431027,4144.348919308557,10305.663360968378,7048.12266995974
14523,14517,13157,17466,10515.497911830975,4639.106925939383,2754.6144252557833,4958.440083867234,1247.5100227754676,3777.7775248204844,9379.215206483375,7866.2568652278915
14034,14908,14188,16421,10886.383888899234,4692.402404035225,2849.7779295378423,4739.704999566083,1171.8875252012192,4070.80361816585,10117.182100978862,6988.7033908252615
15743,13419,15170,12881,9862.278663018153,3107.1457182477443,2599.7721318659133,4260.172914400453,955.9590652275562,4349.869460637816,10820.111297085954,5510.064954394577
11838,12688,17037,16807,9454.091912897253,6889.1608838075,2474.085421356999,4759.136965555656,759.0234699675896,4886.144270317238,12150.776214642174,5161.01916855082
11717,17082,15788,16644,12641.76944522668,5992.455878757153,3286.858812791521,4523.145401224319,1152.219439655763,4524.062442329423,11263.815224199465,6124.125184115651
14412,14652,17331,14431,10947.270717379452,4549.685777781067,2857.9516102019616,4803.408010579427,848.0750348693407,4964.345715178677,12366.64894926126,5084.164640889081
15592,12656,17854,15042,9481.817941639161,4639.994407253552,2477.263408935155,5346.489552187497,698.0826770970441,5115.633626603932,12738.461262034814,5051.026899557168
17433,12864,14672,14256,9413.924525170089,2679.24956826972,2475.3294112613626,5008.050476406339,975.2112545968047,4208.813923107995,10463.171539467396,6571.407957789391
12450,17371,13054,15096,12610.357202297979,4325.430285917215,3300.5057514024647,3919.6641264276877,1461.4040169869668,3744.746421660504,9309.330837919584,6865.644887960972
15732,14735,16322,13530,10926.817036332619,3332.4198965924074,2860.2171272171354,4703.1184164092865,948.9402856532208,4676.090985564225,11645.930239878515,5500.254925086228
13759,17849,12685,15300,12918.624761046478,3645.333122883982,3377.375747652447,4183.711437555967,1552.803662102205,3637.4313842612455,9047.604431037746,7463.167394995418
14546,17050,13216,15620,12377.628023658937,3591.265523050258,3234.5984153147087,4515.266856161175,1437.3866822830955,3789.519584035999,9426.546752234775,7506.134335934145
11948,16576,17877,13064,12453.079154087176,4908.600152266021,3246.118626577059,3958.5931950999093,877.7745099978798,5117.900484556869,12759.166443049122,4202.60839934493
14254,17252,16352,13440,12814.888859511673,3629.2798196098693,3340.942955771959,4374.766647833575,1095.3155892684845,4681.491981461852,11670.321401380403,5436.459707644168
14031,16093,14960,14627,11828.26329458455,4039.139526569892,3093.457035753163,4393.7489136807135,1171.0929232276687,4287.926815034524,10672.049324327349,6192.610567539489
13041,13674,15372,16932,10067.291028741296,5842.375633404815,2635.5764249450644,4818.302749097378,971.5677610000585,4410.699592773199,10961.237702674729,6271.646803940639
16901,16352,13806,12758,11915.638676562343,1796.225557052694,3125.481580552966,4361.443338459165,1311.330723652062,3955.9365850114855,9850.055638177628,6606.860216157712
14145,14460,13662,14790,10518.380632647968,3999.704455723069,2767.7061061277973,4251.288998453305,1172.1891163653966,3921.1957305592423,9740.86076342921,6542.257424444705
14832,12419,15708,16147,9157.01587464657,4941.94733216277,2402.6040156797917,5069.935201834196,858.022125219307,4506.739810547206,11201.23856494618,6132.538193894679
14832,18518,14165,12462,13550.948602730608,2451.3259529599536,3543.5587552413176,3892.572377941249,1423.1844221702247,4056.023623638844,10108.977065326897,6123.289877939294
12875,13305,16432,16811,9871.156086007599,6207.2999513295,2581.2338257028973,4906.4237565006915,853.6689197522693,4712.618019568918,11719.371431666663,5694.109200554987
13088,12060,15225,16952,8860.547483726888,5977.7252010175125,2329.1507442442894,4806.199169320283,869.9446242148101,4371.568738606202,10853.232648736232,6164.374964569305
14755,12677,14214,16682,9245.585431753012,4776.463336500896,2430.2522089828853,4960.4242673893,1001.9183880098976,4081.642630413048,10132.310106733814,6946.245115078957
13126,15732,15493,17009,11604.762731449391,5587.795371847861,3022.7147784455283,4890.716773648889,1104.8903973928757,4441.3426752145,11051.573833319413,6532.983191790216
15065,15610,15630,15410,11522.509293566027,4014.229021342715,3004.831858109662,4981.801257353585,1083.2847416905665,4478.796733553227,11151.149964002754,6422.681266182941
13843,16873,14539,13339,12372.43941755711,3476.8513758043214,3240.618081680106,3947.370323189004,1259.6499369104588,4166.454475229137,10372.529021624901,5911.808965125966
14675,14879,14649,13578,10904.068720825975,3497.983503216051,2865.8122256908805,4178.334157875387,1108.3500630434153,4200.454976090361,10448.530869716344,5901.95692127044
17676,13020,17253,10832,9712.899393512636,2013.2971808186428,2557.1074653839805,4445.127587638706,751.2748911405187,4941.042706480317,12312.138348725692,4379.147465015816
16681,11964,17794,12249,8956.615801405387,3166.144778393283,2356.6932920706,4715.050229764418,653.1227473345635,5097.5923925145435,12696.470810615683,4363.674613637004
12994,14160,16123,15199,10487.211688713302,5252.137761984172,2746.8622388769736,4472.509099907897,925.5857826925669,4622.888181642671,11500.116739614994,5476.771174568814
15343,15769,12549,13459,11387.00220379397,2681.4902179469564,2998.3395289875198,3982.040466747645,1382.6831598809038,3600.0914015417275,8948.953408341175,6796.609384580917
12922,15863,15028,16263,11664.37772050178,5233.703464945837,3045.039572136304,4579.977398306601,1153.5498831058471,4309.0108082033385,10718.94926539081,6447.714055376914
16457,15048,16464,14983,11169.458429988405,3308.758124696892,2908.057561491645,5418.948969004011,970.7976103052584,4716.083585848442,11747.845682881309,6253.538670819115
14700,15336,13877,14813,11177.24477660116,3677.0576576932103,2932.2808741112603,4416.977070117231,1225.8307296760536,3980.4679505702366,9896.556552238551,6721.69755699741
14756,15883,14702,14137,11649.50670071238,3506.495958586319,3050.932106238173,4381.8369845529305,1182.582663219991,4214.097194218828,10487.87994475221,6248.285960508297
12280,16166,16118,14430,11988.251279245236,4980.378491016417,3131.3073448949463,4132.785743708598,1044.8862873935943,4618.61042400411,11499.427122256118,5315.367879539417
12685,15477,14440,15048,11332.788185894136,4748.308359002244,2971.0984781490615,4134.907203546038,1171.3283589739162,4142.373249245563,10297.654005058092,6164.74896665299
14872,13312,16320,13109,9866.45092242322,3782.7443982207647,2595.586719978459,4314.870226767998,849.9836165112692,4677.9389673486985,11642.10898240199,5008.90691226087
13241,12586,16052,16795,9306.974962679726,6014.943610157943,2439.3054858510723,4924.578358856225,839.6276938657364,4605.530046692489,11446.380493768853,5852.927739876709
17326,14070,13174,13367,10192.723874695726,2077.4465275559946,2686.8982349932094,4457.351304175094,1189.7235609262957,3779.497550646115,9394.48490413203,6833.199682900064
13400,13735,14258,15656,10030.607664106992,4858.971888351349,2637.6888226773967,4405.6745860033725,1065.0380820366,4093.109022471256,10164.88338783334,6390.833538721911
15514,15531,14960,15732,11406.573158750276,3736.197378266799,2975.9245196472893,5070.954889861919,1149.2012931643596,4288.054993001366,10671.94088354045,6937.415449275147
15878,16335,15562,12543,12056.374581024304,2542.0652842616255,3155.8696585677417,4354.128986193945,1122.6898057152573,4456.637829904026,11105.259654349724,5649.908457249861
14876,15960,11556,16859,11436.414366927016,3658.080154867693,2998.16617200411,4636.868040256381,1525.8751957297266,3318.353020538827,8237.499803540417,8552.33211078022
13456,16281,15520,12340,12021.46836601234,3553.813126691535,3152.523859769364,3720.579764026669,1106.7513586835692,4446.418653863526,11073.559491646989,5063.120398872252
15645,15824,15355,14482,11657.892723885467,3288.592141858763,3044.600202204094,4825.731464949637,1121.9284267234284,4399.53478033891,10955.417602321075,6371.963505959137
15974,14233,15202,15890,10463.888668759508,3824.844698326792,2734.020792144046,5249.699187690805,1036.4043896501225,4358.928180386209,10843.083652022266,6822.36370659966
13050,14036,16036,16767,10386.748214331663,5905.652798719464,2713.750434381724,4879.766899778002,936.6592167688001,4598.756941225087,11437.240189605152,5979.350735480316
14546,16724,14370,14352,12242.671101395852,3476.415524829649,3201.74787028998,4354.345197989222,1279.5369908500472,4118.408714253958,10251.586864393646,6518.56360039539
14528,14148,15641,14325,10438.730100704797,4125.848280116645,2738.7481498014695,4501.883902965368,970.6800900261829,4484.392064932725,11156.620564121915,5696.830595267015
17297,13481,13176,15329,9759.933796569565,2665.4381471578636,2565.498868681934,5029.696349733232,1155.548991422489,3782.2438546470216,9393.791139171452,7633.398618330403
12951,12896,15504,15987,9500.32379143228,5589.206445999849,2495.5795872817866,4570.626327665748,898.9773308210288,4449.274209883107,11054.59933359977,5823.810420976865
15062,16280,15708,12948,12030.066749843105,3105.148941904177,3147.9342895575787,4290.020136011851,1101.6793712387775,4499.032584884473,11208.888237618592,5552.854957129311
14828,16732,13062,16167,12129.027931596294,3636.3761325976693,3168.6719627551465,4698.0226647837435,1434.0709045718024,3746.0761981511896,9316.004487091894,7827.044007009048
14934,16719,11256,16520,11960.6991912837,3329.8367152507517,3133.680608284024,4520.271248565357,1624.9829321376938,3231.2316306953862,8024.550544254879,8651.327227422851
14022,15053,16692,15180,11197.320438212133,4819.8651337187475,2921.2705010373074,4812.6820087085325,935.1680863879058,4782.474970677742,11909.506106681438,5552.505811677735
12392,15123,17674,13889,11334.981275535534,5209.260922253797,2960.8136022197227,4230.434390322561,825.7999569629637,5062.223996498282,12611.814147465251,4455.514324286895
11849,16926,16883,13396,12629.396201489917,4806.881353563305,3294.062643855691,3887.83183623756,1003.1074363373123,4834.946235583715,12048.123887530986,4700.419881305585
13797,17556,13420,15584,12770.31639511964,3920.762389742043,3334.424784117208,4371.771168989114,1451.4466324033829,3847.3751619929235,9572.682482580647,7284.122726970478
14310,13023,15732,16910,9607.843125535,5423.481951787809,2514.203276930358,5161.833541077878,900.8548479375584,4513.140683494198,11218.843421353526,6320.342445161255
14369,14559,16593,14742,10819.052346937144,4525.695155668535,2827.9283542295325,4748.6406698099,913.0290608633193,4754.756449184425,11838.271075596364,5471.14385738598
15164,12785,15456,16937,9410.259289354395,4966.263198293321,2462.909670962611,5336.152485853532,910.4926188559396,4434.495241184868,11021.497286081538,6633.882418059332
15307,17803,15534,12035,13148.4872441646,2426.503542687071,3436.2644917396537,4097.712755152611,1218.061464131615,4446.447245204077,11087.410945578595,5512.255001613804
12623,19116,15570,11828,14147.147321949455,3362.510357146503,3690.610363608537,3463.710383715681,1286.7604184539075,4456.657931213009,11113.283219776175,4992.245144205124
13055,14049,15052,17546,10320.307563853705,5964.122707169565,2698.241143387205,4930.8798045814965,1031.1858662190882,4319.155658809885,10732.760303875168,6652.2093039953315
18183,12521,12612,14155,9024.579432871054,2016.3905737729774,2384.7930702297067,4766.83039604399,1112.3672380869366,3621.7101487770706,8990.335715861658,7379.084699444262
15678,13908,16956,13474,10357.474107600494,3600.1522887284837,2713.054994628967,4759.328481099947,839.4304450393747,4857.754836177732,12098.341548640072,5115.3044387071
15466,16160,11397,14765,11571.952175734186,2718.007021897317,3043.388092932586,4194.680653733125,1544.553478505809,3271.4539363618696,8125.417594200897,7850.29606722599
16570,14690,14434,16322,10740.00900332689,3329.492092801313,2802.820877462235,5412.915250168126,1146.719155488446,4139.257270661412,10294.815868438347,7589.835277709705
15453,17004,12220,13530,12257.930188906901,2399.9705185194416,3219.7669557323397,3993.628039510505,1525.8633634874807,3504.201381130414,8715.80858310908,7143.6046937622605
12958,15362,15987,15692,11372.708784371964,5297.90992712503,2969.1048814051496,4582.925420370537,1019.9450420357522,4582.449477252572,11404.551175600187,5810.564100555815
15186,16188,12064,15706,11646.504483767403,3214.7995150595634,3054.1934206703463,4487.608238913125,1487.37274366579,3462.223952537008,8601.73161322502,7994.129977570262
16293,13860,14086,16435,10103.275399590335,3651.6166227800845,2644.802496669974,5269.266054407059,1112.3320929845434,4041.8935131105527,10044.13426215903,7519.83982260304
10750,16720,17100,14650,12497.158162934393,5877.199425616607,3253.7450708100123,4011.3553507279366,968.0782766322168,4898.327974628979,12201.868182997667,4761.306457338104
14137,15589,17083,12900,11632.544351306118,3880.350497936387,3042.0506185803747,4264.053333980481,914.0089176005425,4891.963910038292,12191.036179355178,4751.84071100148
17429,13902,14289,13824,10150.988630490638,2302.0049381579265,2667.2666196853716,4833.640004013496,1083.638166974265,4097.787630768165,10191.169781275432,6687.631010518771
13673,13828,16622,14774,10275.758787519499,4952.280238014436,2691.601486885615,4581.633260374323,861.1893803177365,4764.589811173411,11857.44069268354,5242.624139412878
15949,14049,12811,15231,10149.508714418329,3200.881509048095,2671.7710714339537,4623.152227959688,1227.5115476759092,3678.150671855441,9132.89089199629,7407.649865292821
14372,16872,11014,17591,12049.117639118482,3871.251736640002,3152.6047917663227,4630.69598151305,1671.3025547020088,3162.6897380173114,7851.07689134164,9070.00054321943
15388,13794,16513,13766,10239.302086729325,3767.9254750646687,2684.5928415970047,4686.669787733096,871.5539348781587,4732.195524803847,11780.885634143793,5311.956893586235
14058,13356,14076,17536,9734.790790504687,5311.045464550329,2552.700225295581,5007.776538626194,1069.4781749616716,4041.960317699147,10033.96209008721,7220.061238627442
13783,15841,15275,12960,11671.142775798273,3652.38565793223,3061.6248820200544,3921.0877816664333,1107.0693134338262,4377.465134101995,10897.514427339209,5384.939141685573
14551,13708,17673,13266,10263.19804928328,4225.952767123773,2689.2841742236633,4524.37812769457,757.229074998845,5062.389193226753,12610.668187559371,4518.039267420682
16570,10920,16322,14863,8081.496455113054,3987.6770068114015,2127.063633910235,5218.682399883968,711.7047029828746,4682.173011180432,11639.933212764143,5663.984325779597
12091,13834,17865,13183,10377.680669511828,5161.768389329953,2720.950063099639,3978.188298951737,733.8410283791392,5118.052938215658,12746.927483757421,4050.039460568652
15392,10436,13696,18669,7572.454586765312,5427.485700896083,1992.9346735662944,5539.142428812798,871.4324442119479,3938.3142151512684,9757.6644044068,7709.99073118269
13767,15856,15601,13738,11708.587753741653,4001.299522334306,3065.1949283158056,4185.663599333685,1081.3532616355133,4470.583043936309,11130.402150333293,5545.56172812366
15552,14364,14756,16614,10526.374712598506,4188.512645630168,2749.5493206177625,5259.7676898611035,1088.5895965437685,4232.240959421284,10523.7689343686,7176.881090770066
13413,18012,15768,12982,13333.656746107083,3621.9254782619396,3478.7561982820807,3960.6701043236753,1200.0606141623787,4514.5713316128185,11253.309034562802,5390.708350636356
16112,17710,12028,14053,12750.201555787542,2008.078525372125,3340.1940925947647,4268.759719154493,1618.463739763308,3447.9434836958903,8580.066748039324,7775.344958164971
17212,13325,11183,16995,9503.636477270233,2834.3474499866984,2501.6533416607167,5117.880166024197,1320.6923664091798,3214.923435899512,7968.012029120964,9038.178286337437
16762,13124,13098,16085,9493.717568202577,3234.232735090484,2496.0479995095257,5089.965519404348,1134.7260812090321,3761.3303853136763,9336.69766385913,7764.613625144171
16568,14521,14148,13312,10597.619788900382,2504.4191931879454,2787.5572089569164,4445.042870682253,1135.398753027566,4056.8334145441004,10091.112829974209,6363.485612788793
14601,14212,12258,16997,10225.506193721212,4278.811768723675,2688.348340935872,4714.957700198569,1298.238820703595,3522.0601664536707,8735.919133935664,8000.028445292696
12491,14365,14179,17990,10486.844351215374,6131.164233888441,2744.202429848421,4788.242039661756,1133.9775965869096,4070.9223578416295,10107.975143807102,7075.804650686775
16196,17636,12616,14162,12749.437036390817,2066.838672276145,3335.7868467054614,4423.983284910051,1550.396149142536,3615.7301244543005,9000.361368517144,7664.1096856696395
14532,15912,13647,15799,11580.025738478938,3946.3721192621356,3030.120312875089,4614.790033973326,1301.684048595439,3914.4118488672307,9732.625539177614,7239.261789030767
12331,14283,17252,15406,10667.948272795878,5910.811915190706,2786.811039071169,4550.119377422778,828.0586643741145,4944.085174061185,12307.949159815067,4948.837706777014
13624,16272,13041,15105,11797.275597566706,3964.6119189984765,3094.101021337585,4150.5607972792905,1380.1147933478962,3741.8046380925534,9299.254842839257,7000.138514649562
15168,16068,12718,15192,11615.55267069337,3218.1740330574466,3045.9300797160186,4449.827533549138,1406.3813851857956,3648.747438321813,9069.288074291113,7519.107587112982
12822,15543,13477,17176,11297.228889385053,5292.377808441393,2956.360483782731,4560.861718798973,1289.3262534215535,3868.5570004091305,9608.432524496995,7324.446491083211
15556,16796,14590,14380,12311.960346766009,2972.4760022982396,3214.9169456970358,4659.693570053132,1269.1125270171403,4180.147681301269,10409.842980273337,6745.911819093231
13872,17238,14161,13585,12607.983792786508,3421.6180622366933,3300.654988413489,3970.143641553039,1329.3688209721502,4058.3146830698474,10102.695325486182,6190.923750246268
14444,13457,15388,15773,9905.788548847606,4752.849662775822,2597.326346315211,4835.717453239134,954.3365734724632,4414.1906616549,10973.798427490794,6184.739973519691
12768,17592,14564,13897,12911.511440930166,4039.394177883779,3374.424712173568,3886.030772094552,1306.7680371575254,4173.570406192184,10390.438446758424,5973.3800124396075
14697,16236,13960,13992,11847.625530770254,3289.49105426166,3106.0061869863894,4215.837681099931,1282.3517456656773,4002.2327079780866,9957.782070251158,6484.940518467612
11711,14770,15246,16785,10874.135514573663,6183.6577978916275,2843.7943099558825,4475.980335078502,1050.5738103193405,4374.184869767112,10871.779092544597,6122.390359992209
13470,17802,15975,12128,13197.60311458938,3367.7200232306254,3448.022055870849,3759.73178423473,1158.9020554186911,4573.406961250498,11401.502237940706,4993.158625138869
14212,15850,12750,14145,11464.536112799691,3400.4803315951463,3015.4571851608243,3973.7790044843987,1368.8668747887314,3658.6436794672427,9091.437007481174,6781.865960241514
16443,14145,11450,16582,10114.578499638796,3050.342192810896,2660.6636494613904,4880.70267131159,1370.0807538565055,3290.0519000478334,8159.8505910791155,8643.774509718427
15023,14667,15549,15603,10815.051835044229,4257.402645805746,2825.8362813996964,4983.129141318112,1027.3732335362747,4457.464821934196,11091.530322555976,6369.488298443103
14496,15707,13412,15410,11410.888486017895,3818.611346159275,2991.030526483207,4464.386523992376,1304.7104353177858,3847.7810269528895,9564.260316362244,7129.007019477165
16765,11284,17036,14484,8396.700231911678,3854.302815643449,2205.265472009787,5302.65421950094,683.6540829071165,4884.38545818719,12151.809629434618,5329.161237005041
17329,13098,12896,15399,9461.249075811293,2699.705337263156,2490.6190543121784,4996.281432442634,1146.3667264982041,3703.0908654609657,9192.94598104622,7704.665322241377
14915,16125,14007,12734,11771.412307128712,2839.6772391908644,3093.1876173943015,3911.601673057874,1259.8528839429334,4014.9452104178768,9992.025811834763,5979.12588968112
11424,14538,16317,16560,10787.26806246721,6531.187896096282,2817.614522317651,4509.700353740805,932.2431664862454,4679.117719615728,11637.925212835897,5520.617306577745
14973,16790,15715,14311,12409.232839510438,3494.5239166549804,3235.088734509606,4691.160120987279,1145.3138585612862,4500.749336317514,11214.125017650935,6128.489935906665
15779,15249,15578,14903,11248.662447047967,3500.768020221624,2936.856831715318,5011.7059134124065,1064.2369470797985,4464.014643542167,11113.955329946919,6398.57423394799
15856,15572,13332,13607,11305.35231675363,2628.0943528909784,2971.5880552436083,4253.098674006813,1294.5182136160947,3823.3113620952054,9508.705634794449,6725.9299775912095
17232,14856,14490,14365,10868.149103950738,2360.764030597214,2844.9743453812775,5030.404866408935,1143.4255283469952,4153.876451869635,10336.125549145218,6967.13635867132
11819,19053,12829,15359,13826.343081453895,4415.539541731142,3606.6355942439077,3831.6716152386025,1622.3920033588402,3678.3461923508075,9150.751195449855,7119.806275132487
16443,10606,11308,19491,7564.575532715448,4534.4760983200495,1993.629453909387,5608.008311280613,1055.5230555190005,3257.0339466889454,8051.406316374311,9355.538649636037
16109,15436,14227,14561,11276.320074627643,2921.623845232234,2952.7558714168413,4747.831651529648,1207.666786655594,4078.7950551911317,10148.214141182172,6891.991253703397
16871,15640,13425,12624,11362.023122300478,1890.7523127857191,2988.38732905679,4213.079378348356,1289.9663612372728,3848.379337957553,9576.58586642049,6527.124426560407
15542,17732,12896,14527,12846.548408715906,2549.6393451840972,3358.461237761964,4416.456009564746,1526.4980183128885,3695.9908630473265,9200.091071380913,7551.1030912533215
15651,15218,14820,14149,11165.221263068306,3198.637967115735,2925.390695867758,4609.047114083773,1127.9440508304608,4248.143430098271,10571.82908639323,6344.300741432207
14070,12465,16516,15904,9247.63445191675,5398.610785828389,2424.5851063975947,4950.427912727671,791.3450779529304,4736.699153573956,11779.28592180109,5550.935673237155
13408,15802,13892,16069,11522.552885024,4656.239556958669,3015.5383288751377,4470.38452232458,1263.4111581275176,3985.4398800623267,9906.570036382142,6941.027759037959
13818,16662,12131,14965,12003.844960453294,3597.68536901253,3151.2805103723845,4028.6903056817655,1506.9472452051166,3481.5256664995522,8649.467146090688,7350.975974622377
15569,15753,15732,13225,11638.14236459633,3032.036285588671,3045.7707601667107,4492.253063296651,1069.248038145401,4506.50353542847,11225.435707424596,5703.381344866603
15921,12312,16976,13993,9162.826152121243,3920.597197692933,2406.0746830594453,4934.819682576563,743.2221441797003,4865.92217276786,12110.221207205159,5139.5414341287305
14892,14598,14832,14715,10708.84104126887,3857.767466345548,2808.5815683685423,4574.741298212943,1080.4624576898655,4253.385436349061,10578.607587577677,6281.294878748452
14592,10349,17156,17583,7706.200796661946,6349.167753596464,2018.6103067661504,5617.324678559478,625.1277340643561,4921.878458007573,12234.016285477788,5579.2325524598045
15592,13923,12185,17391,10007.926796028385,3927.886737850034,2628.355546351596,5021.554385147779,1287.4026052128543,3500.9990051175832,8683.964591740123,8433.027077285353
14950,16509,14271,10736,12080.283820465105,2271.27583908728,3181.0098223299497,3366.217009564828,1248.5246902704166,4088.0383298863485,10182.8098416028,5072.849364287793
13459,13888,13031,17323,10049.165657260866,5171.198275965163,2640.5857323238592,4668.865871246797,1197.960688232892,3744.0567014142043,9286.948323830651,7487.50320440398
13861,16137,14052,17028,11779.48827999142,4777.465284175255,3072.8420985162,4847.253424356353,1284.644020188791,4030.0449757086058,10021.973703492216,7404.121324625352
16398,12815,14656,15678,9376.262399572948,3671.6935743238446,2461.531611584468,5157.12147182081,977.700705915831,4205.6486238011485,10450.34686651062,6850.879013510862
15795,13375,17223,13423,9977.465665919788,3665.4650592764233,2615.2369558909613,4805.525670360928,784.9455422394079,4934.40373569597,12288.720979710637,4952.813554322729
13561,15540,14453,18249,11372.075089134818,5609.416842250747,2961.7072281948417,5149.749731607413,1206.6546209590056,4145.54102558242,10307.434343830168,7500.587522013028
17094,13486,14217,14670,9839.340560877936,2781.877852024259,2584.7511637026323,4976.917195827005,1062.0300137561894,4078.625759764699,10138.361943876042,6912.791674997368
17834,12846,12914,16416,9276.963286575734,2699.1777949100274,2435.6383788820362,5428.592250536867,1133.4226535767393,3708.806033817753,9205.257633496258,8289.365149456604
14031,16354,15312,14523,12052.312150440117,4040.6736531448028,3148.6347548837666,4425.774860619697,1152.7243221473814,4387.6019029016215,10924.350093780336,6055.551611091392
13875,12549,16265,16724,9293.145110629346,5762.094247802616,2433.6916530963886,5086.273866495943,820.997733617667,4665.641033968774,11599.33122575191,5867.941255933484
14162,15705,15264,14649,11565.737761141314,4107.511632491781,3025.0609388941702,4472.751584957012,1114.146488313024,4374.983069210202,10888.993413925828,6065.405625524914
14490,13925,16283,16946,10319.820808667802,5361.060386375486,2690.3116070202805,5330.8386573149,915.8246683736832,4668.10145934097,11614.912068399582,6258.762630820679
18091,13488,14504,14542,9860.269425150262,2173.972814226187,2584.7865842920805,5281.392699506967,1042.4548097266816,4159.751049221979,10344.24534852788,7075.484304484121
14382,12312,21080,12297,9446.336619227352,4893.651609615948,2468.2055834900534,4749.548188421966,395.72863273092213,6031.5939631063775,15048.665680444648,2642.3955781111626
18665,15340,14490,10282,11226.97899739259,658.9290427949759,2956.9825913336354,4091.354654793159,1156.1919221346457,4149.621461491119,10340.229357064421,5510.772553917273
15835,14670,16306,13534,10876.817063509157,3288.38349704941,2847.321221254241,4727.186589138829,946.9140457602866,4671.583880532987,11634.440444946002,5524.01775213823
14922,14904,13112,16284,10796.143435746215,3958.3042828855737,2831.219308670785,4736.449401882373,1276.747618455725,3763.651993841816,9348.37369969157,7588.1172509374655
11554,14740,16742,18102,10970.415614695994,7325.793789507161,2853.710343792466,4978.836323671432,916.4922658644161,4799.549518901718,11942.461621768776,5791.428997580316
17356,12712,14936,12864,9321.721033144371,2427.2976813822793,2458.6973617044027,4584.90833557019,932.1186038791362,4283.360957394244,10652.59676628714,5855.229350034676
13945,14280,15180,15872,10501.248132956222,4858.98114806147,2750.0424866069216,4722.42586191366,1028.6997483411358,4354.063940872011,10825.923112876273,6291.097545922997
13938,15242,17696,11449,11423.030591932878,3581.048112069445,2994.13392867888,3868.0313887533466,826.8564432806917,5066.1367090980875,12629.90230629045,4004.586808378892
13128,15802,13390,17004,11479.43511123723,5021.410193038216,3003.0374942459202,4571.679394597981,1319.5568474892002,3842.970093423799,9547.036772901494,7409.901756611326
14239,10918,16180,18318,8071.730547882498,6481.158272666745,2114.406649906995,5569.897313597894,731.2805910285718,4644.274465433971,11535.599990833958,6242.358380818905
16490,16929,14855,11503,12434.74613718776,1762.7517948318987,3260.411691479556,4075.2017619543612,1233.7935768728244,4253.346339151645,10601.52147035889,5672.088663393349
15710,14620,12929,15823,10573.827394005879,3420.1036011004567,2776.1426737030815,4759.705931750377,1270.1435123035717,3711.2271676999317,9217.807458577583,7643.556524812
13248,15905,14037,14711,11613.974338300053,4242.587246094278,3045.224541860309,4109.448553670163,1244.4924011601172,4026.2929523682437,10010.74801320018,6361.664122936846
15279,15203,17402,11131,11366.140930487538,2888.481561156684,2981.1788017007516,4032.800495956887,853.4859562253126,4981.620345176454,12420.389132014727,4218.369697362325
15106,14212,16847,12704,10578.342055821591,3524.9829317302033,2775.5545527403265,4359.112004159194,858.8310212362956,4826.181975093885,12020.886220369437,4816.42057857297
14183,14300,17466,13988,10693.731916584835,4555.247874132903,2796.232676404468,4628.717896005412,811.2041573592885,5003.217787357815,12462.812281633553,4807.842499577927
14980,13419,17947,13910,10064.861917785636,4399.757898363904,2632.918465757456,4873.4632130589025,723.0837165353206,5140.803815093195,12806.254499115284,4640.675992844856
14989,14947,16259,14366,11081.223678953924,3943.585717728836,2896.6202963403057,4751.495801983528,969.9589657606444,4658.61038715484,11600.390647816064,5673.500670560193
15403,17544,13601,12228,12778.982409078846,2210.0603117529718,3352.1382597296406,3837.4645893704146,1412.773523394615,3896.3320608086515,9704.668863902254,6190.240158732433
11458,15618,15975,17804,11564.228998803426,6883.6020291848745,3009.3277031154253,4771.605598539083,1043.8915448996481,4580.146103088715,11394.801504399657,6148.864871372002
16346,15688,11089,16778,11198.179971752335,2772.8231259302097,2935.6858775825453,4870.319227092994,1554.3728231420644,3184.3290385721557,7904.467988154551,9116.894334480101
14465,13926,11764,17583,9980.567216243944,4479.971716707807,2626.0186155964184,4759.454317407659,1319.7134471945155,3382.06687382902,8381.891665064566,8341.10458220132
14074,13542,17306,12876,10111.995712274851,4199.7281828325395,2655.634807954645,4227.114438586951,774.5043484291854,4958.29173815528,12347.75150530137,4451.794458018279
13628,16224,13942,14075,11840.983824916835,3797.3942197806837,3105.8397623541387,4008.792841001456,1276.799699870479,3998.092480445798,9943.948524809346,6275.657762597556
16198,13338,16228,12212,9877.968418277793,2893.152279715628,2600.9513387249353,4334.301205245337,860.4463434366352,4650.412723205734,11577.625173535253,4983.068193460649
15195,15253,14981,13719,11205.717700178451,3314.6536772035697,2938.561977030074,4398.390106978526,1108.801057466984,4294.041012778354,10686.92607017446,6006.136162542472
17479,11742,17166,14070,8747.553378045908,3257.0187987652303,2293.3577041020676,5430.571163508583,702.623303308904,4920.253541312158,12245.994600776068,5368.301295086854
16473,15620,15870,13109,11548.492215143862,2548.869138858168,3020.198640093426,4730.802092986769,1051.7448570476886,4545.399389846735,11324.53363304339,5827.508904432954
13662,13536,16368,14358,10038.741199891723,4753.77645938011,2634.8886430105968,4419.984446346908,862.0443506302876,4692.655714181528,11675.350281860814,5187.945179506209
15477,14197,17012,14082,10578.48990432822,3882.676780910955,2765.588087458605,4914.546921471685,854.7969296490671,4873.6129708980225,12138.44824355382,5287.849409578876
15763,18199,13050,13170,13204.720814136399,2045.5710378961694,3456.0094894308577,4123.696064376978,1537.2878641641564,3738.445065475923,9311.646234017513,7008.13112974288
14725,14848,12425,15504,10703.443260612778,3678.7211124755618,2816.1746298957705,4382.7119361713385,1327.6774535632221,3567.8915498778024,8857.143195035896,7450.118599763081
12817,16872,15466,13690,12457.552394854769,4221.750645319479,3256.3871967719515,3962.60093666789,1157.507445801474,4431.302177057825,11034.688306802775,5500.285550132639
12577,12992,14519,16348,9502.63987063958,5621.186992781263,2499.9056836881496,4440.514380361387,987.385117501602,4169.586712290199,10349.321668176894,6263.91570105125
14859,15400,14877,14401,11306.098561477325,3657.194117449748,2961.3627288995986,4500.345247168157,1132.781698357388,4264.744477134474,10612.235857364783,6245.960218062148
13782,14352,15377,13751,10572.348579687354,4143.796526913642,2778.380533137505,4137.010386772745,999.7255486217131,4409.232507738417,10967.756053217985,5469.802698746793
16554,15142,14040,12772,11046.521895895941,2253.037627057918,2905.272204298034,4275.178817924397,1190.4528330464136,4024.733249390737,10015.191416601128,6246.5559077410235
14032,15207,12760,17402,10988.990201033736,4660.454643336529,2878.2465667369365,4773.335840497823,1340.2007400503155,3663.8510222368327,9096.145622647955,7963.312654589267
12896,15580,15902,14221,11530.309907371244,4659.345576318795,3017.201952137005,4171.006128471632,1031.1077783202047,4557.534995284748,11344.48575106274,5390.2719748069685
16046,13804,15259,15202,10151.067407026621,3656.2372879787326,2658.65167612569,5063.4854657611595,995.4939140424985,4375.622990670725,10883.39081380946,6485.659919657601
12882,15762,14334,18239,11527.647699265812,5891.194651050805,3003.7330066002114,4963.21517305625,1230.7974728127654,4111.926607763179,10222.039261621007,7388.223642468122
13607,14208,14553,15083,10401.723232603817,4560.5336417192675,2732.922819400799,4343.852057129765,1071.685329246104,4175.833895949432,10377.162978445376,6180.605865003461
14210,17074,13655,14885,12437.362345530706,3613.3566187688393,3252.410178184853,4313.207598405712,1384.3830337366353,3914.656272653492,9740.386995503282,6953.780502569381
15265,15038,13513,13332,10930.535585213313,2940.3636866303873,2878.569451973227,4063.335392246353,1227.3662189563913,3876.033755911204,9636.98401780327,6325.370495689432
13996,14552,13986,15730,10609.739308554843,4458.264423676224,2784.653367049512,4517.870324514261,1156.9084997680932,4013.797738573773,9972.212845430713,6755.651437667904
12312,18731,14795,14697,13778.439130660727,4433.754603326307,3587.372595768712,4034.135745472012,1365.7853414798074,4237.941232629589,10556.992471070189,6220.933999156104
12975,15392,16878,13085,11471.084876677876,4407.251846895899,3002.8407477993032,4017.3826689044845,916.7627219430998,4834.7955977374495,12043.251533963441,4661.327867101475
14198,15106,17316,13101,11288.395149432203,4047.9952930636987,2952.5044545354704,4365.473248253349,865.1313788808494,4959.007106475232,12357.012738573772,4686.654394028785
16554,15503,12574,13564,11192.104136481015,2176.067015456665,2945.0501641617575,4270.165654999051,1365.5558233761656,3606.7977845995515,8967.231901594512,7121.015542449051
15878,14718,14553,15069,10773.095191504559,3399.857302329783,2821.395159904663,4875.237188407404,1123.8225112380503,4173.1936203941195,10379.806265533089,6800.547275626381
16930,13956,13467,14105,10130.415211253208,2517.568592943428,2666.650933800547,4636.810116769152,1158.6339507747539,3863.9519943527525,9603.046207364852,6950.902795852899
15138,14576,13921,16062,10619.276528608203,4001.8049592901266,2782.5997456817768,4855.752468880259,1174.3653224487396,3994.3941530409193,9926.6189261359,7204.549843107237
12600,16929,13571,16970,12324.927669118186,5140.617475820073,3216.278130540063,4475.597087328772,1387.9183534701106,3892.9010614930885,9678.144118706843,7348.527659752042
13320,12841,16036,18136,9494.917815859273,6541.8254670562355,2480.1341499761547,5288.362019263086,865.2651561101815,4600.782900369868,11435.172321978556,6293.693871485344
16168,13534,12444,16751,9745.20656908194,3550.161161936043,2561.8486684707827,5023.431316613684,1227.5628167996565,3574.8942419891737,8869.110945951277,8176.309184863814
13325,14372,16335,13860,10662.047545178611,4580.320531168699,2796.316105345987,4213.451553870562,912.3807714031067,4682.026859120668,11652.994135323293,5068.950849449004
13680,15890,14046,17283,11597.15239529073,5006.197104696156,3026.0283657996406,4866.206062355093,1266.9477072242837,4028.987113930673,10017.018161675496,7411.327495538395
15430,16264,11928,15482,11690.082340339068,2986.817128648273,3066.4891194455777,4461.0292088523165,1507.4958563062912,3423.0229708515517,8504.914757073539,8023.627784750562
16952,12595,14338,16976,9190.531895369135,3730.3345353906034,2406.161000934537,5620.970829866251,995.5577210335069,4115.606123533498,10222.403038272805,7627.642158922628
15163,14076,14076,13895,10266.8065970477,3394.701902038522,2704.2427957000255,4274.277211605954,1103.433650512408,4038.4004795496066,10037.609673687832,6228.4121989752
15539,13114,16724,14200,9745.89684081937,4003.3478124634044,2555.4232332332144,4875.820467322098,814.7203942931304,4793.360315103191,11930.751802835379,5323.292638350795
17921,13983,13510,12932,10153.682417824066,1723.8045397682608,2675.6147424802834,4528.805291794483,1153.0577547175249,3874.760363563146,9635.175970503427,6682.771421783439
13736,14342,15940,14074,10608.008702043306,4412.928774038646,2782.9384373926514,4302.446686599245,950.2565747680186,4569.5683376392935,11370.44326805447,5360.230015662871
15535,16036,15610,11715,11839.806987235772,2539.7943999686895,3106.845863187622,3999.8770754536267,1089.0410961032067,4470.500179832543,11139.394099851423,5175.046948319823
13096,13307,17103,14559,9921.910693498949,5276.797911115282,2601.4206979582455,4460.051003251508,783.5856931673454,4902.3180620325675,12200.669849927359,4827.17800985869
15092,15450,15342,12989,11382.164240824284,3165.7805914650367,2985.7855679862746,4222.6289605660695,1081.7069676853575,4396.182171139941,10945.772255306947,5597.86421765285
10962,19669,15130,13380,14520.457161550177,4432.142768918781,3778.624704292811,3494.616240564581,1375.4377975964364,4332.7795385554655,10797.273043077814,5451.550118126954
14070,13869,13780,15720,10092.3042970246,4468.65564484135,2654.3110315954714,4496.671608778097,1121.3455505979762,3956.2758217641576,9823.75005819421,6758.170858260477
15772,14472,17406,12619,10815.41246290184,3264.8183412337735,2831.4955800334255,4622.6059448633005,826.8664895564548,4984.479677688647,12421.585095021133,4737.655685521045
11930,17036,17333,14139,12750.724126488778,5208.502108446919,3318.4740485666416,4167.508099533992,965.4553746019894,4962.9100164679685,12370.050619064252,4760.235700622953
15081,16991,12300,14759,12253.568127898623,2904.91484175629,3211.9845262524905,4260.051563892354,1525.1367577828905,3527.8671583872692,8772.12881367965,7587.781180341355
16666,15191,15955,11610,11236.69968003435,2159.624080949796,2950.0050477477316,4286.464750520656,1004.8629984550006,4569.283459768951,11385.633946245656,5169.260544287248
16963,14490,16242,13425,10735.41630445651,2640.597861128011,2808.618849299887,5000.143638558204,947.2320414993412,4653.004586067364,11589.016721253392,5777.480218200319
15129,20292,11050,13900,14530.858440804994,1872.9220283518146,3798.816271535153,3890.633218075316,1953.176799475387,3165.0787139157183,7884.692290192408,8132.084938142051
15992,15028,15706,14495,11094.675645652991,3319.7096407919234,2899.1492360768652,4965.865758356695,1035.0315797441178,4500.545803841194,11205.432026629936,6214.734641620664
17408,13413,12266,16156,9644.365775899063,2671.321951354741,2535.7398949413014,5127.716070827068,1233.1026383296655,3523.2284326317695,8742.806973163704,8354.744797738957
17112,16209,13800,13334,11808.738244828528,1812.459743966995,3093.8882571101785,4592.439524964213,1306.8881962800845,3954.657486712409,9845.373578649236,6928.551243468997
17555,15060,13980,13888,10977.969589623557,1936.4283610752643,2877.4244605009862,4876.639673781595,1205.0578627872019,4007.8482988789337,9972.16220269514,7069.183750962725
15480,10928,15436,17830,8033.451537794098,5439.121938023727,2107.280267764014,5630.521324789168,786.523796040172,4431.994328859337,11003.896193250635,6748.380354078885
16335,15688,13623,13804,11412.694268355783,2454.9418318061157,2994.5816453997872,4477.825510729295,1281.359338641454,3905.8150547373725,9717.199251351141,6872.329014197809
13620,15120,17797,14836,11339.171739835834,5145.225319116241,2953.907185070325,4808.11818989003,827.5420384097063,5096.738352713076,12700.159575196572,4888.638813293697
14892,14608,12850,14640,10562.986890782668,3450.1220728921066,2782.4802511817243,4247.128641442723,1261.2290664277423,3688.882950063909,9161.192193948336,6950.38652449746
14922,14620,16539,14866,10859.104529628099,4279.768040991992,2836.0693251281937,4921.798511385861,926.1725363251012,4738.991399390774,11800.021626887388,5670.817045955232
16475,13369,13740,16741,9717.290024192662,3664.3064938363786,2546.514196223807,5326.901160133117,1105.6954943661754,3944.212709502637,9795.809873346614,7752.709560733374
13992,11517,16239,18223,8521.373763466572,6494.036250308729,2229.784386790797,5497.842124582339,765.4068144892838,4660.199498006164,11578.725588607793,6207.6556723989615
12904,17514,14238,15562,12818.51125063401,4534.942967750651,3343.8731398224854,4290.261840426196,1351.69679266458,4081.1877503018086,10156.810268992636,6730.23629878922
13725,14184,14835,16528,10403.421364466867,5148.689490277351,2724.1940392958722,4791.1195431569595,1056.6307190904467,4256.459260921747,10578.502907451293,6589.103980695043
14649,13986,13427,15631,10150.82863104016,4079.749936755925,2670.2275449586923,4544.886868334153,1164.2581250724566,3855.018313794155,9572.021148972934,7007.683326422921
12759,14579,14698,16991,10686.274462810528,5695.72396237638,2796.3334612722165,4674.826722367223,1096.0886608102796,4217.747699173595,10480.19126887972,6622.258239856131
17238,14245,16490,13335,10571.422091028982,2539.855083298976,2765.1437346385055,5095.879003260619,909.9791971695385,4723.818561472115,11766.234108876704,5686.791849190251
13338,15448,15249,16691,11373.27833749083,5328.5034803819635,2967.0260790148627,4817.336891574416,1108.342622000554,4372.280394590116,10876.66668057517,6545.980867544907
15225,15261,12728,14845,11028.447772571195,3228.686017533938,2899.2454242498766,4360.75992657521,1332.8125268518543,3652.8227651881634,9075.221163436408,7256.21950499928
14979,14710,15762,15422,10864.145657014471,4257.639706178995,2838.2397414921743,4959.174197477849,1008.8357872875195,4517.962430271424,11244.034502936707,6211.964019970208
14876,16366,15056,12638,12038.892095287618,2965.8676383724755,3155.979921016165,4044.4355531044002,1170.6255582871058,4313.268630740411,10742.654825656087,5623.835352149253
13779,16925,14795,14570,12431.324885386963,3977.2586617463844,3247.333013485566,4306.254129362864,1245.978194030413,4239.738088653772,10555.230019724087,6283.761310097435
10971,16100,15797,17136,11911.833354592341,6671.014835617376,3101.8726485603156,4479.298731822999,1085.207514380591,4529.202227608681,11267.802201973678,5986.267522832935
15530,14180,14288,15535,10356.319707752362,3770.8512759400865,2715.8253626122296,4860.493792628553,1108.0772375507756,4099.099903867728,10188.901921402246,6905.497977754209
13664,15048,17748,13888,11280.979709433752,4714.553258732576,2944.8555600427558,4537.778088536335,822.3335649202915,5082.579364957117,12665.3940725231,4639.729233541064
16054,17538,12202,15264,12638.17221761554,2351.3762876776195,3303.2855300109823,4621.611861710715,1595.3403528436559,3498.2409588712962,8703.809071208883,8270.636650798606
15597,16170,12240,14074,11651.166538526537,2606.60920708415,3062.7397835386546,4164.488789350415,1455.7858602305266,3511.4615495716,8728.550322330051,7303.869357132315
15256,15833,14902,13285,11628.95744197775,3043.1977767148055,3048.506661876145,4286.552146707594,1155.4459496097488,4270.346929636076,10631.598228355218,5954.298603498221
13780,16560,14278,14960,12115.14353116979,4058.6016646169414,3168.2406144074203,4326.716093107139,1276.5851176021365,4093.3451413992643,10184.66227094271,6574.493235273703
16467,14740,16576,14148,10948.783280300748,3150.033318145113,2857.6183020372328,5165.437365647862,934.673115315528,4748.211908551735,11827.78229024024,5828.402396566121
12780,16929,13571,15363,12328.541761344655,4447.581257071964,3225.2763612442864,4119.382823982665,1375.0818041401608,3892.486705689215,9678.564251427802,6799.371246839182
11144,16851,14819,15120,12390.731995701313,5317.5670043496375,3236.7576206259864,3900.2559501814094,1224.2542174328032,4249.410993479747,10569.66096886278,5891.660529130352
15792,14057,14338,15662,10268.90686150709,3706.6947936701004,2691.816668638635,4968.177040275648,1096.6443601975182,4113.401190892708,10224.601828563962,6990.727099535331
16406,12469,14892,14916,9138.011666191202,3530.9319756632863,2403.955667432933,4968.715741164597,927.60344038489,4273.0456064547625,10618.957562954114,6418.03770815444
13969,16638,15217,13082,12257.49465387627,3497.604369953942,3209.2680316602555,4000.4911986272773,1170.6173904757045,4359.595019890654,10857.35592815154,5578.199921901913
16306,13872,15351,13601,10209.387830154294,3028.213864927055,2681.648871819978,4666.060906694666,981.9823105100522,4400.804778946478,10950.194774527725,5910.71313330784
14269,14560,17394,14028,10883.509623775517,4480.92678796378,2844.20617489945,4656.60598652786,833.3214832044349,4982.334678151444,12411.682883281439,4894.740771327454
13107,16188,13760,16830,11794.727186922146,4999.840146777831,3081.4711043826646,4577.970789093347,1311.6705325309238,3947.5605081837707,9812.448029317064,7248.916088729603
14513,16140,14441,14070,11818.210336728185,3507.55471709022,3095.924201490706,4269.756034775612,1225.7360003308822,4139.534513586373,10301.455529215877,6290.987440608307
14118,13298,15672,16502,9808.489889368786,5293.596717661285,2568.0721717268866,4998.8997840365955,922.6373605839458,4495.660007920651,11176.324202006039,6207.25713304184
16934,15123,13947,13617,11023.218319327643,2236.870347069579,2893.38077991093,4616.025726584179,1207.0734996051442,3998.558250462185,9948.42089426015,6764.918128799712
14448,13384,15399,14007,9853.83968138711,4089.90980323348,2593.1908843759184,4342.647832556353,935.3188755596778,4416.640125055722,10982.342578268692,5575.716083887949
13696,13174,15080,16458,9674.67585982627,5330.989912869174,2538.4487497513865,4797.26431922498,961.1303920623934,4327.87738215232,10752.05287693423,6330.953489790618
12441,13080,16109,18320,9679.426158731723,7032.988806110782,2527.6984598415015,5138.4435771408625,872.0679420663716,4621.839267042724,11487.098174291645,6142.517549672519
15897,10404,13991,16640,7566.596963009236,4496.713603199094,1998.6910172501423,5159.282185691961,839.5232746845451,4021.166608143225,9969.821601622149,6997.3108686514615
15078,13940,13301,16148,10106.155235623566,4028.139751426967,2655.734623258606,4756.745697398368,1178.166674560903,3819.0458710319044,9481.974539492563,7360.7559392831545
16488,17840,13325,13730,12963.678910284314,1834.810832142726,3387.612309854524,4517.683042206305,1487.8116853731378,3817.136623012314,9508.005557146378,7370.3131864051575
15368,15548,12050,16708,11177.764507876072,3522.999596551588,2929.535891873864,4783.573264504065,1441.0420949986851,3459.501330620249,8590.45482671665,8393.398086560646
16056,14268,12960,15860,10318.836492763152,3316.292909590185,2710.023129626445,4851.131717003769,1239.3285791621454,3720.427555579602,9239.60762388231,7693.516778291309
13698,14055,16930,14960,10469.06050684263,5071.910953676766,2737.9206237061303,4691.630921442937,849.0737064159066,4851.847835186814,12078.187387078748,5198.003748295765
16545,14630,12551,14815,10552.522782697797,2631.7918975887515,2775.769768819868,4607.834363232056,1301.5859197676698,3602.3883463335605,8948.645825716629,7572.62090825779
12257,17178,15892,13398,12727.642669659635,4387.200903384253,3323.9162514321915,3834.6073869707916,1127.0538284604918,4552.373770358296,11339.645933919932,5170.893808022868
12060,16872,17021,13909,12598.882475477869,4990.107484936095,3283.078657337808,4087.1784337023532,988.9250774502644,4874.26920211974,12146.73842687038,4828.998716179796
16188,13416,18830,13156,10126.093688050772,3695.5333607969624,2644.2710331810217,5166.7009963904875,643.7938577952336,5391.140272691297,13439.035348621233,4278.661817263439
13545,17826,13657,16259,12990.006848243493,4290.06431975194,3385.006579918212,4527.172636825866,1450.8339919300845,3914.6574829539586,9742.41216899531,7436.747767569284
15464,13568,18481,12322,10216.392766227636,3656.0373093024564,2676.4207574082156,4608.474768401355,675.3385804988004,5291.411727808896,13189.645699780973,4058.6069340228405
14696,16170,14613,14774,11853.353399616084,3682.3301494649254,3099.2637852095336,4537.176647762253,1217.6084488684628,4188.550864480407,10424.435870315237,6556.197837541638
12964,13008,16416,17098,9647.787369507654,6329.918641590906,2523.0488710412833,4996.584242578422,837.3788110615135,4708.548035506505,11707.427567076385,5765.996646881194
10175,15009,17394,17935,11229.610916159092,8023.943736487986,2918.5865447564565,4720.66216734106,859.2858984636308,4985.621858802726,12408.532479396508,5193.570910575743
12953,17876,15022,11665,13169.630653605323,3233.671862001553,3448.236850220943,3387.5633154218895,1264.556622670504,4302.245064532796,10719.724440183323,5042.45868311867
14885,15948,11562,16976,11427.900850122918,3691.796712874875,2995.2836858512783,4669.466695496047,1525.314522096236,3320.100348261717,8241.75593528341,8602.769433371133
15511,16103,13283,13807,11690.620122722607,2751.357251888992,3069.074996290158,4235.872370995423,1342.8016986682107,3808.848936145693,9474.185609756172,6819.898301544591
13195,15842,14170,15784,11576.578177060104,4706.861676003628,3029.610946000268,4392.490128434857,1235.0087618658517,4064.627570609815,10105.378183498284,6684.168582642826
16218,14146,12220,14889,10176.508974935372,2854.836562088682,2682.6878251174994,4491.888687264464,1286.3856788228345,3509.093589776635,8710.9402984105,7540.898654159784
13821,14840,14261,16575,10842.386529710857,4882.256083056726,2837.959520945167,4741.951875345312,1159.7135832205477,4091.9177389105644,10169.057460147635,6951.115081839323
15722,16206,16953,11562,12080.758811325133,2585.745785891401,3160.8882087705015,4255.912353667703,960.8855280634033,4852.42556920155,12100.495357847522,4726.791183687292
11681,17459,13855,15730,12749.808714669549,5057.605684950321,3328.9896536978445,4026.721178512733,1382.0797066768414,3973.608633356417,9881.444620590373,6646.147745118847
15289,16259,17100,12007,12134.341956861954,2951.221727106017,3171.7797275783078,4312.967719879,949.1919945850864,4894.684090247172,12205.232454059154,4749.441620374651
12080,12154,13940,19498,8843.176002878965,7191.297541089108,2320.7743130693493,5027.998221941081,989.073850168655,4007.669288854514,9932.207550282272,7277.855272795334
14138,14145,15627,15145,10435.600156915018,4612.510687247475,2734.4494634961366,4638.670525347727,975.5292841980379,4481.026156866119,11145.98157879704,5894.61899328697
12060,11628,15075,19869,8529.566292874813,7794.001445851952,2233.6736378463097,5278.500814374584,861.3615076153615,4331.1769930430855,10743.492663243142,6799.068564469976
14788,15172,13383,17100,11012.563376815368,4313.912818402748,2880.0723210729566,4968.438687913467,1279.8090055500702,3840.6118840665367,9542.425454787375,7817.080342300627
14146,17240,13900,15663,12579.97691932943,3926.627748319379,3282.533192683477,4546.17601413378,1377.4768000731217,3984.3268941421857,9915.711463541411,7187.21179208473
14910,13737,15719,15025,10137.7663073569,4287.305646015618,2657.254610856604,4797.913664423789,943.1898415283176,4507.27132982084,11211.753745149803,5941.266766660983
14218,17412,13339,13764,12660.143042892025,3146.9783748212026,3316.619327330249,3973.257613817088,1435.5210594910818,3823.666155042629,9515.387964099433,6644.841057662578
15182,16133,15576,13561,11908.40518525982,3239.0503537434274,3113.8510838638867,4476.652736503163,1110.7028300775196,4461.8899671927775,11114.039391472048,5847.107602943305
13181,15916,17929,14134,11952.717139232955,4968.561383422003,3112.850147581671,4539.690654797125,849.5127465876399,5133.170155453363,12795.700935784553,4630.688322490101
14070,14641,15162,14254,10768.892632516774,4129.352450846304,2826.319011737186,4311.821605079898,1045.1538676627688,4347.643538450169,10814.3530832308,5811.961920312209
15747,18012,12627,13879,13026.914316537896,2190.216981325426,3408.9887536583624,4244.255645313375,1575.2990323262136,3618.4524697591414,9008.617901037785,7443.711604337435
15011,11395,15582,16446,8388.765291999478,5087.317943823502,2205.6557383041572,5162.824648093716,799.152643867257,4472.558858956456,11109.340479214741,6194.334240354676
14431,13049,14058,17133,9507.958667402485,5012.02864186073,2496.3103751137805,4983.848533926973,1045.6000430084005,4036.9903718266355,10020.952954884575,7138.788533248857
17300,11550,17112,13601,8600.780245995267,3239.383204923134,2259.8117258234247,5198.91073613285,691.3264590473142,4904.943049260801,12207.264316318984,5160.642576325189
14407,13495,15956,14008,9976.780216031042,4214.585079686235,2621.7110806078426,4421.976928701289,896.3331719315684,4574.924215159293,11381.090747692426,5373.133969834284
17289,16210,15224,12595,11930.947810094423,1710.0869101366688,3120.8835003391087,4703.548294416663,1158.2664077483937,4359.802003092299,10864.12266403007,6176.32173576554
16638,12896,12958,16133,9318.19240805353,3331.8380110932712,2452.354918867931,5043.946831548939,1126.1431534087858,3721.9374702465157,9236.091747882401,7760.010173790295
13151,17496,15103,13696,12887.622944418868,3927.0550162215804,3366.3646284615497,3988.3029537469192,1241.9046713538175,4326.688556939514,10776.270094856845,5775.328993424535
17002,13260,15108,13979,9737.41819083407,2839.0614736330667,2558.5096402525687,4902.548315912861,964.6276554631521,4332.412449893052,10775.588555845778,6240.836767795416
15394,16364,13071,14559,11862.445282389872,2933.0785728237925,3109.475147782872,4390.145598679973,1391.7937889686798,3748.4200338278415,9322.63170962877,7232.04518039952
12444,14874,16465,14973,11049.16957588146,5386.461258525707,2889.360438723049,4349.912819180755,934.2612198340656,4719.330573661688,11745.71044594068,5239.037035574005
15495,16571,12007,17175,11915.316233501322,3364.2035536962226,3112.1242258517286,4946.2544901030415,1543.5713956863442,3445.221650697643,8561.772312277068,8855.207675269885
16188,12312,17250,13242,9181.497374691102,3581.0300185714073,2412.7654717967343,4819.2958611564945,718.4735379110037,4943.300776184269,12306.837825875686,4841.685387557252
17554,14512,15390,11706,10686.325934449438,1773.1668647279953,2809.9378509225126,4418.674052441211,1016.7357264410699,4408.982069548894,10980.893892311371,5517.735307831783
14626,14342,15584,14322,10578.344833284518,4040.894079714158,2774.25855640095,4518.124926773953,989.6341705789798,4467.7985294442315,11116.211967298124,5761.71579400069
13383,18828,15975,12933,13963.317920328958,3544.4309164959036,3636.2746211571366,3991.5272952012137,1229.7492567597003,4572.137721103956,11402.643557788339,5389.2044068191535
14394,13612,15862,14335,10056.822934684715,4309.615089505762,2640.865707739084,4500.167893050935,914.425330427942,4548.182394707965,11313.830848116093,5526.8864618453035
15147,15558,11987,14103,11186.920770446588,2890.431357967468,2947.3614558754507,4034.614547388241,1422.7869755205852,3440.7182271672164,8546.305197098633,7182.693782740999
16686,13908,14715,13596,10188.281517658652,2716.697378357999,2678.5458717466163,4646.520439411757,1041.3233829347378,4219.423830861731,10495.536744639365,6235.116420256233
16816,14484,13858,13736,10547.236128981327,2445.3971070632206,2772.9715488488673,4583.20150469235,1163.5479755566348,3974.3719073971292,9883.600996004163,6708.504452615576
12111,15540,12060,19563,11174.608855273704,6221.525978036754,2922.0414661991654,4778.076276265421,1444.5365113498237,3466.1796002764354,8593.984652843925,8574.024579193068
14740,16032,15402,13269,11820.14002481111,3341.3711531771933,3095.358039674021,4246.824712571365,1116.1115448616595,4412.719927568574,10989.226074201955,5678.297127671317
14892,14212,15260,12968,10457.757463721136,3406.6080709367698,2752.146946356106,4128.233993927804,1001.0560224086205,4374.900756455914,10885.081791281802,5430.454378255872
14039,13663,15144,17187,10039.973284527447,5418.9035475831,2626.1143348864653,5081.4339281244975,998.2059663040966,4345.120947255352,10798.828654059209,6686.4767226201175
13065,15247,17610,14793,11420.940891711365,5308.338197518899,2977.051687561568,4625.606833951722,848.7669219998778,5043.720074853814,12566.230600821284,4860.975511745013
14398,15462,13860,14350,11270.12788975011,3642.3275055154845,2959.0925601974395,4223.951075284053,1231.639121449532,3975.467589946156,9884.562787781158,6487.721068941684
16588,14956,13496,14283,10864.719316063482,2558.5190427416132,2852.831387816427,4638.867794092495,1238.3645807247551,3870.910325556959,9625.111019263564,7084.941060690827
14919,16416,14484,14697,12023.427847558542,3473.0341826149684,3142.7487595388557,4554.172518914736,1250.0342146389967,4151.205846339068,10332.78824195427,6670.254196667557
14656,15483,16800,11079,11528.9195337689,2982.892460154766,3026.8698311776216,3773.9087215749196,928.3838255636156,4810.201549620906,11989.792010333314,4322.662599643834
19140,14746,11501,14240,10553.178895730602,794.3254554983663,2773.981955192439,4910.005002319197,1417.4932174003372,3300.9063932492068,8200.365130743974,8546.432147217114
17193,14144,12210,15292,10171.93165154356,2430.513470093701,2675.7970908493526,4830.086248728943,1296.1328723946544,3505.7511314855637,8704.278244792371,8027.015218579722
13579,16241,11913,16615,11675.027341880268,4262.631276034798,3061.254361958354,4359.666952806954,1505.1902629933527,3420.8677678309073,8492.057150940771,7995.725326686068
14490,14532,12505,18050,10474.75354661866,4702.794703477004,2744.7751252954995,4996.969657851971,1313.1919261905034,3592.144148827466,8912.830948975494,8345.279605314001
13308,15176,16170,16370,11247.390366699412,5498.328559877042,2931.8988056390635,4870.832701173482,997.4247916640318,4634.618998931775,11535.350156503257,6001.85154423833
15486,13841,14336,15833,10110.09848665152,3958.802784011465,2651.6242983785314,4935.2288921356085,1079.6930404493198,4113.488359280368,10222.507559287158,6940.016719703736
14071,17516,13774,15180,12773.053250647039,3729.408587312236,3334.9209820806072,4383.745874937358,1407.915895384483,3947.9352154593835,9826.105027952573,7060.017601679731
11830,15987,13889,17451,11660.99381526598,5907.400205350696,3046.3472897962365,4473.095825557672,1279.4624452871071,3986.042079578302,9902.938230336487,7071.023998765205
12780,15762,12036,16704,11339.860943972037,4752.09633821911,2977.11429902968,4236.890987658873,1445.216267480737,3457.7091332407927,8578.275562516686,7716.921948477311
13963,15403,15532,13396,11365.581889365985,3838.3148468474906,2980.3378291613735,4114.583519848946,1056.037069279821,4451.3681131790145,11080.62326229077,5438.957822616523
16531,15042,13828,15032,10952.912537978713,2816.3222858232375,2868.7875977262274,4911.161017707536,1220.2984128998128,3965.727391388439,9862.314694885621,7302.64700846099
13632,15319,16959,14021,11420.305063079035,4553.1578804401925,2983.63919189184,4441.057126854792,914.6213791691887,4857.884539291099,12101.118258984146,5027.171004305562
14965,13108,15154,16026,9629.241805885355,4593.657991279954,2525.7001587958684,4987.457403373166,953.9046726545474,4347.939005869066,10806.044634238358,6445.07095002486
14145,12571,12210,20855,9025.731014035087,6193.655792615597,2364.351533436532,5567.590918615184,1178.9409041256938,3512.507722851603,8697.5774828112,9110.881208212828
12522,16863,15121,14833,12419.206797726598,4719.704242057255,3242.9586186570973,4148.795221266662,1200.2458599489512,4333.804506301703,10787.184266826753,5960.370077907826
14017,15288,13304,16014,11095.139696980568,4289.906279723778,2909.6679476049676,4499.211615902669,1282.804883398449,3818.3793200335995,9485.648799596047,7224.1742027361815
15703,16272,13993,14273,11873.478176065211,2864.4159645083446,3108.005082989088,4540.4782361741845,1290.972548346416,4010.9055318392684,9982.116632966925,6866.898137000822
14422,14843,13760,16090,10804.213424939775,4291.480688968679,2832.1726680267425,4674.057102444927,1206.5157330665677,3948.681727698245,9811.329689345264,7122.960091408669
14380,15058,16400,13950,11177.264864470828,4095.2553579257715,2924.1202564622386,4502.195611778292,956.7318106642497,4698.783957642169,11701.229808761895,5351.294658095032
16544,14600,17094,12335,10885.62935342015,2695.017057935877,2850.4329300331306,4695.627404907698,865.4608555939245,4894.992213284875,12199.058226345664,4944.648965812361
14705,14124,15102,13570,10380.42137510236,3667.8060477405143,2730.454730030574,4239.04418631624,1012.2050562628855,4330.564715230883,10771.42434678281,5659.860236813066
15359,15806,15300,12758,11642.4496173027,2909.380266631058,3052.674408800434,4220.299049386376,1110.6377247720495,4383.346394343154,10916.582477618427,5627.574930635116
15504,16980,12238,13295,12242.476503203885,2327.781838026181,3217.0095615789933,3941.099779001538,1520.0384681493047,3509.208388033944,8728.807698622228,7034.634212310296
14625,19840,12648,13603,14370.084278384591,2378.2390988337024,3751.959767110366,3947.857328560618,1713.8741587426657,3622.0375716316184,9026.030716152221,7275.747746135602
14003,15052,12981,15408,10897.92518722002,4055.3864377140326,2864.6632652640615,4291.652349804063,1288.3471022376116,3726.6072637900925,9254.454869308865,7067.57931343466
15757,14214,14697,13619,10414.295677660062,3127.5221729240725,2738.615750832765,4429.891405855394,1060.5217980311913,4214.423184829677,10482.55016852673,6061.752474837459
13770,14180,16581,16060,10535.18935131545,5398.166525076207,2750.325914355134,4955.0713304025885,896.3185522056423,4752.725662848792,11828.299997011316,5706.05839470324
18001,16742,13157,11105,12145.769194041612,762.6094814210071,3194.0413532989214,4001.902452502275,1402.3781299943969,3768.5779341907532,9388.501996796294,6334.718677012473
14716,14982,13636,18549,10891.295098262806,4958.672303958083,2839.55029348519,5377.153598464763,1251.8156728923602,3913.1258376055093,9722.928765263736,8231.678884280154
14762,15857,14283,15318,11593.28398223497,3814.0264825309546,3032.065728050032,4642.727234805448,1232.1895492448557,4095.270590455996,10187.739782138995,6865.018190784138
15225,16016,16361,11605,11889.356877963859,2767.850373511801,3116.6012122083694,4019.335175139183,1010.0511456325981,4684.482768322931,11676.45944995607,4818.795960266843
15812,12726,13887,15638,9259.033993169072,3813.065341845291,2437.9057936669515,4865.0981664322335,1029.4320165325398,3987.2547854305312,9899.749474734512,6958.826351778676
16431,13982,16008,13482,10340.046445386371,3025.5028941462833,2711.493703625395,4790.964717267156,931.9676389335193,4587.507467715073,11420.538197991338,5669.617073698799
14239,14905,17064,13309,11116.810265940683,4081.6142912414866,2909.181636849351,4388.805884443442,879.0702786902649,4887.695104886903,12176.338361484333,4837.534668821914
16415,15915,11799,16295,11421.836121501103,2677.4686389682815,2990.9463432366947,4886.431096273849,1502.288818327666,3386.26344676148,8412.69935251885,8714.234047675134
15295,13925,16536,12352,10339.857594459434,3302.38905246707,2718.1652615406565,4231.254763898501,867.4228957308368,4737.7906745081145,11798.260928373322,4814.868184422887
14905,11429,13242,20884,8264.559945702298,6267.304037573105,2162.4062293046313,5920.266126959865,999.0794300814275,3807.83021728512,9434.121141051895,8700.961819213368
12978,17138,14093,15703,12527.002104541372,4572.846067673455,3270.4241698017845,4319.039123962631,1340.7740591131803,4040.55939184157,10052.451008825119,6804.835522532211
13293,15820,14140,16578,11555.962875384466,4962.892402584198,3020.1129915154547,4610.67766390816,1243.625272603039,4056.1761017694707,10083.80999783602,7002.504465888449
15456,16151,14537,11256,11835.55688136051,2282.478031610952,3114.171984491113,3663.028970941911,1200.7152965851794,4164.421709343709,10372.42618221464,5297.7221525044715
14760,18117,13620,13384,13202.08559658734,2715.8488889833347,3453.147804198755,4041.5214255907877,1461.2963170310338,3901.900237315117,9718.144501602175,6628.695773095115
15898,14778,12220,17141,10630.507477125262,3535.2257078777393,2785.944435868363,5043.2655628508755,1361.9208258441454,3509.0500240685424,8710.94153571231,8560.507630300974
13539,12383,16644,17305,9195.586893839394,6304.745802142496,2404.788424591435,5217.587166252428,781.980854204506,4773.945922684346,11870.037533963916,5767.367093485518
13642,13298,14616,16848,9732.688614404324,5379.50883760396,2553.777716832103,4818.131174370434,1011.8397769126808,4195.881365744569,10420.045531172374,6652.734110922794
15245,15042,15129,14350,11060.54676099484,3559.933683329844,2897.144201629725,4615.034947552677,1084.8318254222786,4336.758917352025,10792.221420950926,6179.66691815548
14192,13802,18481,13504,10395.695798743754,4663.544411011214,2718.0570367352675,4651.845797138965,690.7186226521717,5292.250984886929,13188.75008147562,4192.689927595842
15011,13779,14662,16100,10089.158443549422,4378.253485437552,2644.44974323564,4947.377010858852,1045.9668558443768,4206.812262363946,10455.172699873567,6775.866503768009
14607,14420,13809,14554,10499.590073490604,3754.4417845611893,2762.484897430467,4305.18203703797,1156.50463912186,3962.6105701920305,9846.42598239287,6498.45810487357
13865,17274,14317,13923,12647.786961761309,3560.7418916622482,3308.009046855884,4083.2701022791143,1318.0676793915707,4102.8066817327635,10214.193162748306,6274.688863204866
11692,13919,12889,21600,10054.10857917122,7786.489288614562,2624.854039306233,5287.436186325876,1238.4714756339629,3705.7904760591928,9183.397409367,8561.95044368868
16717,16863,13886,15026,12294.743492580888,2262.7787302544652,3205.6690777608337,5048.332947228548,1362.072893522556,3978.908003521734,9907.235642391282,7707.061352401207
12588,13411,14819,17064,9832.567070785022,5974.7067808825295,2579.094552568364,4670.9396422835125,998.818743105127,4254.391472771174,10564.501862289799,6415.627829779029
15318,17714,13050,15318,12846.541076258978,2906.278378519632,3353.1714588380523,4607.482619577619,1513.6688749512186,3740.2611706686944,9309.846176496023,7789.267076556657
15492,15768,13735,13602,11483.029723953672,2833.554224678745,3015.416623550033,4239.542074003123,1269.688092993622,3938.095960628909,9796.907458538466,6528.231647279554
13046,16798,13382,17025,12209.912122410093,4916.463331629572,3187.140833106222,4558.855349077183,1401.0900509383703,3838.886643863025,9543.17022169532,7542.498784045169
9485,16984,18863,15456,12861.637463262203,7281.541742696995,3331.6610511518024,4181.807857924343,786.4948279755198,5400.43953116908,13463.080976658752,3994.2535346684144
13535,15050,14204,16047,10994.121706058122,4770.601849130974,2880.14420190707,4534.846731341557,1175.1673547849646,4075.4653043016397,10128.528526055612,6742.450560611578
11825,16128,15691,15762,11922.739580924608,5643.728219192262,3110.937698539238,4313.609448566109,1093.104365120229,4498.028058874939,11192.990519579793,5803.073362760539
14916,12116,17123,16502,9026.337503545838,5466.50370397737,2359.8105834582157,5429.061519589184,730.6649242959951,4909.424747452993,12213.640870018779,5590.135222291238
14378,15543,12352,17976,11198.368924559469,4526.180194433256,2928.9880818521506,4933.445580726573,1416.3892273918364,3546.691167189776,8805.315013396694,8507.860990276737
13773,11501,17550,16408,8594.014221503528,6162.329640967664,2251.095327958328,5170.717344161632,655.3541766870778,5032.130837810313,12517.759600723413,5057.822662136678
13797,18081,15344,12096,13345.278969299005,3067.993129440645,3488.5695005928915,3729.786959659362,1249.3259147980473,4393.085857225008,10950.818182556333,5290.800112271283
13361,16292,16493,13356,12112.06971407689,4164.8745731497265,3164.983253215373,4134.440645969283,1013.8589742670263,4723.7869911876805,11769.195199807926,5049.2591077897905
12661,14468,16275,16699,10728.494651518533,6065.0347964028115,2800.100173452694,4811.739240734043,940.3691863433266,4666.254723085829,11608.758614081358,5820.406434947853
15972,15426,14150,13936,11263.906790721645,2813.96849619514,2954.404259196793,4513.419012638906,1208.2414862040366,4056.6965233005685,10093.290178684445,6609.515157224876
18722,12862,14650,14722,9409.015663222712,1960.7681799888521,2465.3670702618215,5538.480030898549,984.0489598391739,4202.161687483571,10447.851570222374,7207.718627395035
13833,14892,15477,14788,10980.090463355897,4473.981607795591,2875.7397178026395,4457.325710251664,1036.0172720179748,4437.243545772662,11039.759107471917,5856.268581979654
14830,16226,14043,16330,11842.753259720594,3993.9975094894644,3089.901438215339,4903.953005115305,1293.9636840716082,4026.413424477011,10016.636589819374,7440.940280167686
17007,15450,13056,12102,11193.838901640043,1715.7612117876179,2950.343917390372,4009.604458468605,1304.9432616602974,3742.967881217053,9312.982854514405,6376.183984286448
15386,17407,15111,11702,12815.477980375626,2311.6868274822946,3356.545424866548,3921.8904554955543,1234.9629946296832,4326.375768356005,10784.497322153504,5471.900149224151
15549,12258,15843,14413,9046.632062085566,4003.1625629184437,2381.0021589197104,4766.4671360629945,830.6210391469822,4544.194923774812,11298.838068626672,5646.078756423486
14675,15833,14318,14835,11579.550537901667,3707.642739823326,3031.4947507869547,4494.2548577658545,1222.2647662688394,4105.199621581996,10212.804716078346,6634.682057744956
14981,14887,16208,13361,11033.019721285254,3591.766376670898,2890.737912773503,4439.093100390219,963.4587381197539,4643.787080422144,11564.23080099168,5331.030456903896
14076,16468,16589,13871,12249.267356679988,4044.3633450894276,3194.842948024663,4472.430380913967,1023.1833382644884,4750.4702657053695,11838.41065165769,5354.069481738367
17556,11715,14717,16123,8568.990861181615,3367.7464214561014,2248.8628055767604,5590.165026494516,895.1957901883534,4224.3813162024035,10492.623619123868,7164.547049279511
14260,17657,11658,16058,12679.869570629071,3456.615924059858,3317.2723729356276,4326.536441150857,1659.8448679080068,3344.6698792974616,8313.207729533959,8257.284758781057
14628,15798,14175,16116,11539.76300634151,4137.148693014868,3014.803851186757,4808.581328126702,1243.4028385629188,4064.91853989808,10110.100284665903,7173.424570574776
15745,15050,13934,13767,10970.806913700708,2909.4682120140874,2883.029522364297,4362.566689235217,1195.5441235341627,3995.8602829165247,9938.128566234254,6494.082370360134
15951,17064,14057,12966,12463.380487155806,2254.641312350231,3264.126595569748,4253.5318878793505,1336.4642427344595,4027.047844559583,10029.946208998663,6463.610309003893
15820,14447,15242,14379,10627.321554154827,3399.3941244117295,2785.029792503902,4774.700583378823,1035.5822018866943,4369.528235042234,10872.464556535728,6211.26616179544
14351,14904,13380,17025,10817.262470574584,4560.789857432998,2832.605987647453,4843.062479525439,1254.5097840141423,3840.6388483700857,9539.365373872093,7618.820675903877
14544,14563,16125,15028,10784.621346186557,4439.189290854451,2819.7078219156906,4793.765712999168,959.7192156908617,4621.638129777793,11503.381239531542,5798.374626838269
14093,11977,18108,13564,8988.733029971156,4841.82177076062,2362.1174965508085,4534.048037755245,625.0496878745778,5188.560280907483,12919.296548464747,4189.445834458085
15283,15324,13899,15264,11168.018603661294,3539.236682015617,2925.640022991854,4679.603474450163,1230.2523393458737,3986.450176693367,9912.576815120348,7048.215960964528
13870,18400,12960,16062,13344.566862560303,3792.3870651956527,3478.4728182494846,4448.212165220419,1576.2636261048376,3714.727426331877,9245.379736129757,7806.441118549759
15344,15493,12884,15750,11208.07764040152,3425.5028771478846,2938.3336788679417,4659.814499542792,1346.6442115660957,3697.115598437824,9186.92490536605,7662.085761946751
13352,15992,13608,15474,11639.922997631926,4370.13996650978,3049.949270371989,4267.364883687619,1301.403030882294,3904.160991935636,9703.879564231389,6838.166754581917
16095,14259,15313,13324,10493.943973429941,2978.3277287160367,2756.328100676953,4531.40546933656,1009.3907345658374,4389.343654394085,10923.637487380725,5816.674063696668
15758,17238,11842,13398,12393.950525402313,2133.4479620059014,3256.1167340409147,3965.646674331336,1587.466394781735,3395.6837327484022,8446.290422744452,7309.598571971872
14622,15091,15286,14452,11110.895230943415,3916.6724836812255,2910.019484622784,4519.491203625784,1070.29771928452,4381.847983592971,10904.140200588976,6013.956021269485
13804,16132,14274,14626,11799.499907034575,3991.4777830591597,3090.3903495580416,4239.062135310294,1241.900553811711,4092.8251878183783,10181.188295216212,6397.60141284436
13918,16425,11536,18398,11770.471980759838,4570.0008445461735,3076.4208057442033,4810.368016553945,1579.4972655075355,3312.954172161216,8222.979016140092,9003.042210245752
13205,17260,16919,12152,12878.811354603979,3742.2063026556343,3362.6962105401176,3843.9783637379387,1020.8275956930323,4843.09254065677,12075.859559670285,4564.784436518939
15747,15192,16107,12255,11251.31760220118,2810.760937876661,2951.3669309559027,4282.008594473598,989.505374778041,4613.506417836795,11493.46693462108,5164.379621387832
15628,12457,14978,16669,9134.256706296856,4555.914793402367,2395.472767463051,5291.271276686955,925.729115459118,4298.737180838903,10679.234078725418,6821.689089533712
17105,15215,14309,12789,11120.494140913173,1984.7840190256252,2920.675490434528,4474.1555117554435,1174.355088322586,4100.939722418776,10207.977452391566,6334.047725823881
13955,15984,15804,13684,11820.510443608971,3927.3237334324763,3092.3639549800173,4246.805837871496,1070.399605117873,4527.959060737651,11276.01397239657,5505.655225616122
14564,13662,16511,12764,10142.525407987914,3777.2345133865706,2667.2038588602572,4178.561750246301,851.831224654499,4731.726118595916,11779.319855965587,4804.784468127112
12595,16283,13367,17803,11830.401572837302,5514.977296856383,3088.5203389923636,4648.05076474347,1364.5569614243302,3836.124960684208,9530.920311317928,7638.61343082872
16509,15688,14710,12952,11502.999095547071,2308.212587958372,3016.2511731786935,4463.935619066375,1169.1681743555334,4214.883433131438,10495.041740257626,6183.2761002946145
14551,16492,14065,13688,12046.229225638763,3242.1538444841767,3157.6662012107463,4119.488343825306,1287.9450210917582,4031.6888971867784,10033.31647833285,6324.177145459559
15631,14528,15481,14730,10705.996412847835,3644.351982979713,2802.0392326785395,4875.421127116482,1021.0361682006256,4437.67021549189,11043.330446716147,6216.079813716241
13054,14560,16133,16084,10785.600715209723,5565.405906421483,2817.6823261328864,4722.600888445537,957.3812719429802,4625.304840106164,11507.709817797193,5795.491120016324
10943,14126,18215,13297,10628.481365504937,5658.682077032851,2782.680935635089,3822.9441717034406,713.9462968416346,5217.887369018684,12997.14177603398,3811.038732490784
14101,14324,15395,16041,10549.970418339057,4900.224405518114,2759.8761808836825,4838.834443903535,1014.5945617470011,4415.05231898658,10979.939595167118,6302.771214764332
14768,17380,13537,14738,12649.695850669017,3208.3467358889357,3306.124078110843,4388.538220540456,1424.1019538057217,3879.973570024623,9657.082902077447,7134.220336949028
11289,16302,14352,15580,11940.81257474731,5400.577946180141,3123.7972411589285,3975.8563703760465,1236.8809967302961,4117.502444008354,10234.55612898947,6188.057832450107
20403,11344,13113,14961,8200.52556565125,1057.2165811563896,2158.592772292467,5727.023011560119,984.6463042969061,3766.037547745923,9347.092879844438,8194.477568575943
15186,15114,14336,17336,11045.925158766091,4402.577795386528,2879.8918799034273,5304.160731619902,1188.3750182883089,4111.691783783977,10224.352778625333,7646.686560858224
14899,17570,13312,12708,12773.114567813907,2516.36173242183,3350.2023794988027,3822.9069134381843,1446.77895199385,3814.6106308615317,9497.423958301959,6375.980367381672
11184,17307,14160,16880,12664.363558441713,5851.623073747648,3300.755282758567,4237.925784759093,1343.4803104458713,4061.3411042243906,10098.686113137901,6788.234895955542
12915,19281,16348,12300,14344.083624176545,3541.741003165177,3733.4936686764354,3776.0079961708643,1209.803690920871,4677.727184460005,11670.042654264224,4970.630538924028
13527,13811,13516,18131,10027.32726937651,5594.290030219639,2628.222940833321,4955.849933746464,1156.1280490802592,3882.332544715242,9633.592987668806,7587.489975015982
14753,14892,13333,15477,10806.747909158064,3827.937387497313,2837.6380567915485,4519.10908898636,1247.1792935762949,3826.5165907935107,9506.521588686774,7133.483160446323
14028,13654,12322,16770,9826.902482624992,4570.792159901051,2589.2038604236213,4545.12694433955,1237.2310253747441,3541.7980709929725,8780.284050860768,7656.987104713307
15203,16170,12109,15246,11638.342550869142,3088.8410822055107,3054.5085464752156,4376.748672747126,1477.0892217156388,3474.9309654798885,8634.038106441223,7774.118853823385
10732,16621,17171,14159,12429.947823694496,5674.8722254397235,3238.6693868766342,3893.5510035256502,952.4819326483993,4918.51967911203,12252.705737227478,4590.370479580059
15220,14319,15191,13818,10530.320276968296,3518.0585298108035,2765.6355992198414,4446.956923817107,1023.1722255810504,4355.359809020426,10835.632477803156,5854.030507140776
12471,16416,16681,14086,12223.921012631306,4866.463349039496,3189.2861317971538,4167.770532047002,1001.224039903235,4778.019160686517,11902.990226140639,5048.951740848423
11766,15436,17768,14707,11580.532768300545,5830.843485023266,3018.864624868091,4328.601710990456,834.6584056550088,5089.23858999691,12678.816874848191,4552.770720108123
15648,17624,13198,11402,12802.159225465086,1853.962072813162,3364.4385143619,3579.704524752191,1457.6315581849065,3780.5856472360283,9417.406535603333,5971.53562785785
15554,11628,13860,16802,8452.486725678811,4503.880045154245,2226.9064890792597,5111.216037304694,947.8189293748526,3982.141353719566,9877.835448138641,7188.807016393243
12455,15032,14528,15574,11010.786464619614,5127.238557520205,2886.9090864588306,4231.687013790339,1132.4414739813783,4168.565448123823,10359.442420722136,6211.547276498649
13500,16980,16094,16100,12587.300222177644,4991.232049895082,3270.61847176612,4870.747936605008,1120.9666680233117,4609.610453377878,11484.138419868017,6250.061972041088
14079,12694,18216,14096,9538.020277234556,5031.008672962766,2498.8499281873774,4723.7426050918875,657.0638250341397,5218.658780314968,12997.290944961132,4340.4125638642845
18109,14255,14817,11110,10452.638007261452,1354.8348218461365,2755.2395972725976,4235.675267603171,1047.8611014326357,4245.33581619538,10571.47315369194,5517.757479174712
13746,14454,16618,13539,10744.513762934857,4336.379703365798,2816.8121481752523,4259.042317035725,891.9634962405994,4761.93517179439,11856.105585555755,4944.955966420192
14621,15008,14507,15409,10985.71605556488,4096.9375822427255,2877.211457077646,4657.175340125855,1144.8564119917162,4160.655532180569,10346.341775793248,6653.905836011277
17165,13550,15135,11967,9955.762425887544,2180.0925852650657,2625.0991020014976,4307.600539051969,970.0626008444323,4338.184059060457,10796.721330561893,5478.631236691886
12300,15370,15827,14552,11369.083298573049,5040.45437037603,2975.859784589051,4121.342223917232,1023.293008341497,4537.17188515439,11289.859268668102,5389.346014864508
14480,14539,15686,14714,10732.704118795073,4249.184221169793,2810.9601768061884,4614.920175543992,995.8490087942713,4496.756339060517,11189.255009907876,5849.9086681729
12271,15540,14544,15994,11387.436879320805,5325.0355559294385,2980.3194062893863,4302.773372681324,1170.8635201036789,4172.521929337242,10371.476084702621,6365.197475343977
14212,14112,14100,17230,10292.23938378794,5009.234202641508,2695.0778508743415,4972.038033963399,1125.4328474945485,4047.20889584707,10052.74461846082,7250.19117162642
12052,13511,17713,17049,10121.979710366253,7042.880417577584,2638.4673332725006,4973.736165933602,750.6313980795235,5076.810979871191,12636.220976564753,5025.436199769506
14183,16549,13794,14981,12063.44057348603,3772.203630184144,3156.8651761932824,4348.169566009539,1328.911972653683,3955.2232749058803,9838.811564739543,6859.3313410456585
15823,14144,16925,11965,10532.347721431392,2987.569950627538,2766.093424845849,4315.032034790365,846.9682259340706,4847.641664806386,12077.41436900633,4665.104879545145
15111,13585,15680,14434,10021.988110155977,3988.033875112486,2630.8571980039496,4667.006002581396,933.0001498079881,4496.041600111765,11183.984567142303,5779.283363804959
14146,15170,14740,14314,11126.840913547123,3956.834813628044,2918.815098796241,4287.992062377811,1123.8662791189893,4226.666144870254,10513.331052712978,6067.299882470228
15104,15727,12715,17147,11362.430864689726,3908.7186317335068,2970.667065153212,4951.76678394346,1394.2526570388104,3649.0017498391526,9066.055651056831,8287.403004035139
15371,15540,15691,13955,11476.143586891209,3393.4673038470337,3001.0526367665097,4645.99677273449,1063.1930552324202,4495.624015731535,11195.332592487086,5920.343422632388
15336,16416,15330,11889,12098.890078614593,2577.1453909307934,3173.2575314559513,3971.628838505139,1143.4841708285896,4390.4297797634335,10939.455631735327,5339.3819382457705
15770,16416,11970,16367,11800.833641276953,3006.0295607709036,3087.612555857706,4786.749263816594,1527.6167748040325,3434.6291802427345,8535.346763141537,8558.011638858403
13855,14626,15436,15640,10778.306532272683,4825.068750975458,2820.2277893423325,4683.04739922217,1028.1086416350006,4426.283914525995,11009.712516530362,6132.193490115121
15663,15062,14609,13944,11033.256982974806,3118.3199378734694,2894.3810350931017,4510.104616328459,1134.791212270766,4188.226374951862,10420.745277755781,6317.029541484984
15194,12871,15620,14658,9487.048959130832,4119.446945114676,2493.842332113879,4728.099425920157,890.2821100452522,4480.151933316583,11139.862182741457,5811.97625958518
12878,17657,15436,14493,13037.456096852475,4397.845673610473,3398.268398924386,4190.358785675058,1220.6031251288173,4421.619022910534,11014.291338017498,5896.083982037447
15072,16132,11859,14539,11592.032641351352,2927.232783371135,3048.388655264441,4123.997679668078,1491.2265791652069,3403.5328079682167,8455.42930367155,7490.102179377774
13454,17479,15680,13095,12927.291421829472,3699.9778563541176,3376.252890639731,3977.357522999291,1175.3262817993154,4490.4121499899875,11189.506742586313,5409.869960947519
17007,12915,12095,16506,9272.226111480195,3069.21302515755,2441.6980993712527,5086.811546320039,1202.0857029728566,3475.766129407885,8619.252897209019,8350.765260628063
14012,14543,17887,13398,10910.345569740039,4455.915418483111,2852.481581521133,4491.321965636623,781.0220432727303,5122.426237742697,12764.588577163227,4454.627339515213
15791,15095,14832,13067,11076.170230004844,2830.3707263017063,2908.912731891787,4317.801209369616,1109.9984361908969,4251.108047712465,10580.832227588346,5918.440682868958
14658,16664,14782,14490,12233.91538788507,3557.922964258802,3196.1135142390276,4487.503965221529,1233.898860480907,4235.741702980164,10546.225442944862,6444.330666506723
10792,16674,14065,17176,12189.204921463013,6193.2185151266785,3180.80780566281,4214.676007369334,1304.73083409272,4035.995026317075,10029.033094658567,6758.980323172574
16070,15934,13770,14518,11604.839636752742,2754.9472557103068,3038.6938912098894,4655.437169304552,1291.1508450913284,3947.794220260117,9822.246255189322,7105.149487763732
12651,18060,15399,12412,13341.431536269029,3652.620008153253,3485.8297188813103,3590.471212352927,1237.3381106007355,4409.926355340158,10989.048050214235,5165.700972566646
13851,17050,16001,13952,12632.971203180077,3964.5498602562766,3294.855336097982,4352.09622863981,1121.2693016460303,4582.421668912084,11418.454234003177,5633.759412787505
11706,16133,17290,13897,12067.322349106245,5271.769590925393,3148.0554986397265,4040.121210911435,916.143839209318,4952.139240678182,12337.956288784513,4588.8120588986
15538,13727,14198,15833,10015.951130752004,3920.6391582624155,2628.3641477421525,4922.281785713058,1083.0756255421852,4074.3656923766866,10123.631313614911,6990.309428041606
13999,12826,15746,16036,9463.436693154174,5237.272928900612,2482.8197494897036,4852.690949454383,880.3159935911731,4517.405770211526,11228.546910730665,5945.59580879129
11959,15120,15382,16875,11144.166172868685,6120.2518430314085,2910.49240816737,4570.5221191808905,1064.2065864338006,4411.991492432029,10969.978076718962,6184.735222751861
13336,12789,16435,14311,9485.8454937301,4956.996139510832,2494.601657911178,4335.21859977689,806.5318672066722,4712.974055996485,11721.960039498801,5018.892344599248
11759,16720,15123,14652,12317.58486387974,4972.853384804164,3218.777942866045,3947.684849505761,1183.4133034790696,4335.321947545488,10787.72450783314,5728.319363489051
16571,15531,10813,16591,11062.815786176008,2584.06510361595,2903.197471078241,4822.9417605987255,1565.1728026664512,3105.666289187703,7707.108743935914,9165.683269552184
13960,15780,15611,14819,11650.94847902338,4334.284253302876,3044.122906116837,4529.06440041594,1084.81963950668,4473.78112989554,11137.188281625367,5953.265251726446
13764,14904,16116,13447,11041.411736777169,4125.711271724925,2895.158063909762,4166.660457366963,966.3289048378908,4618.442752499909,11497.577037176441,5152.589345977267
15430,13437,14350,16677,9812.865467068963,4349.96928800772,2571.6224435535237,5150.997087263705,1053.460532304381,4118.479627769748,10231.499876926084,7178.639126661456
15575,15534,13492,14497,11289.628310155269,3043.594404437432,2962.3050875448243,4469.163396058638,1281.7903133282816,3869.6370674101718,9622.397515336113,6983.11243827718
13794,18920,11409,12748,13588.587834183749,2548.405022394762,3566.1931207404587,3371.674496871676,1766.3201146902188,3270.7538094091424,8138.134606266429,6833.70693566656
16081,13994,14907,16498,10263.789528426329,3942.6083013703505,2680.9800905441634,5391.949746423362,1049.5879964437345,4275.484431701858,10631.53722742178,7172.6871982635475
12556,14553,16796,15412,10834.395909735067,5663.855491508586,2830.9111204568026,4535.61527609447,887.390868518725,4813.9475014189065,11982.092442391564,5214.829105971106
16736,14626,14070,13074,10668.830524326862,2330.0321359293266,2806.9319581383234,4401.994595592409,1149.8694965682357,4034.178703881195,10035.75499973473,6343.703241473096
13550,11750,16883,15170,8737.907602355004,5474.747857319263,2297.455688390004,4677.804280912775,711.4975280960422,4842.00122205088,12040.86208924601,5019.035396272758
13011,17715,14793,11816,13028.211302764503,3242.452259164576,3413.00557699838,3406.68994600683,1279.1312134494053,4237.342686826074,10555.635057529726,5165.865253116417
15053,14190,16672,14153,10547.905953840585,4045.917783395696,2760.5477347620917,4756.970631420127,882.9390158157128,4777.170748529579,11894.88909565847,5353.058821210623
16574,13872,12909,15910,10025.563944366153,3110.4482399846493,2633.7738760420034,4974.626181927745,1212.8666096491586,3706.223372826811,9202.814125481,7825.729369836207
15170,15862,14158,12882,11589.248902623263,2832.826735572192,3044.967226134562,4027.8110817062343,1227.3446183464912,4058.2690704256775,10099.690702409964,6017.9548388331295
14119,14718,13601,14885,10702.851098809675,3996.6522323494682,2814.415779084763,4264.8489302617545,1199.2454897986004,3903.456224284355,9697.59858409252,6627.211938343256
14959,16632,13601,14857,12105.287468492295,3291.271662177563,3167.2729989730683,4463.352547480384,1359.7947327459667,3899.4104049583375,9701.638458516907,7098.375186789594
15059,16060,12780,15127,11615.37733780958,3267.4647115627313,3046.2339477941573,4417.982170824092,1398.1915139376001,3666.504204649139,9113.534552046982,7437.703061012092
15412,13393,17532,14874,10013.820739831503,4468.540662368261,2615.2688858671136,5208.08507013738,764.0930610199274,5023.03218680166,12509.041522738267,5199.773390749537
12603,16863,16585,12402,12553.354963108406,4043.4117033780394,3281.305274660577,3729.4408476059816,1030.454877605449,4749.247703766194,11835.786204632372,4626.414547941107
16490,11601,15426,15428,8530.936156149164,3915.933513507862,2243.5273388454516,5219.852229628271,825.1887508319803,4426.601737590849,10999.421838759143,6296.3553535621795
13115,15116,16425,16690,11223.678213896603,5806.925360618284,2923.167301196797,4948.684857654495,969.9574243786585,4707.403908681474,11717.5559288933,5934.330921275324
16030,14076,15767,13698,10392.320436330376,3240.2491004952035,2726.0426586092435,4707.448159097101,958.7722899613832,4519.10216074048,11247.92428480881,5755.610113541268
14691,14739,14784,14172,10810.436288282717,3735.3845716146634,2838.0770223533873,4369.844203834036,1090.2577969670497,4239.402923521847,10544.588322866646,6066.669775560471
15040,16488,15933,12432,12205.077254207936,2961.405172076038,3194.1026933785797,4174.071123683607,1088.4371726785575,4562.506616942821,11370.40135976102,5296.581005573156
14144,14754,15353,13908,10867.894874287122,3995.408040553411,2852.119083569215,4261.6583034912865,1033.242596757137,4401.582449574678,10951.414687679138,5648.330319374334
16404,15050,14301,15610,10995.930673216739,3129.3626827083685,2873.6266395047423,5140.354727119078,1180.7789090737367,4100.690411039998,10200.35723760953,7343.3169013244715
13635,13120,18053,14052,9849.0407984078,5103.342549159945,2579.7632169084322,4586.046954518584,692.7591198361407,5171.979001209822,12880.982782551491,4365.461298536561
15768,14910,14472,14935,10908.699735354006,3367.0085197867556,2857.3239376324636,4798.192132955906,1144.6812047365588,4149.833312269571,10322.166121142996,6775.210239409081
15120,14771,13249,16179,10709.49912858339,3875.205914264775,2808.5493747723895,4774.502038745943,1253.0974557494083,3802.72258769799,9446.306122043472,7529.832406512235
15782,18327,15078,9585,13497.630425639782,1483.2751825705286,3541.043476048867,3363.4359393102386,1294.5531610116784,4313.765602742462,10764.041591744564,4727.712021024021
14991,12976,13715,16779,9429.994989864914,4532.991136916626,2478.6520843833578,4963.316334617548,1068.1022884678287,3938.9322510452075,9776.048094189868,7282.382062568159
15099,17344,12958,14326,12570.724996779081,2826.019669668686,3291.045810390082,4257.528363187489,1482.3324483280792,3714.6594616151774,9243.395442661766,7238.419524131471
11948,12744,17459,15971,9525.794082021157,6550.752006028294,2493.9051609794165,4631.71402920784,724.2620337836139,5005.5040799627495,12453.38985617886,4793.16141173428
17455,13449,14248,15606,9812.60212942892,2817.3332094254047,2570.3705730752317,5369.139963741785,1065.739886857111,4087.730351309492,10160.296061793782,7417.138208185813
16281,16378,12026,15191,11779.668968964066,2435.2558805384433,3087.4706600918435,4596.778290851679,1510.897251718258,3449.978953629519,8576.013617102475,8145.953785643176
16240,15540,11926,16219,11161.151640714701,2869.9792520852216,2925.725749212093,4836.957193447379,1453.3205395095965,3423.3075255117215,8502.658887337846,8499.54396046375
13260,15572,13715,17285,11336.68964833023,5182.33954036506,2963.4120096892275,4717.400715420701,1272.0583742202405,3935.8052327073083,9779.183449550934,7384.507572395215
12843,17858,13541,14084,13013.498917414268,3831.458325875079,3404.3279895344326,3811.3415565893783,1441.8963884235095,3881.8694239553765,9659.203498689936,6450.859749045468
12769,15174,16422,14666,11269.566621816168,5074.558868189766,2946.410356985415,4335.442250211485,956.8827806923576,4706.282374449258,11715.753079991635,5257.5401195757595
16112,13794,13412,13852,10009.599713819256,2876.4939152621914,2640.1405066315433,4358.320242762926,1143.2465834185282,3848.938936952949,9563.081983212069,6614.706668562659
15842,13733,14413,14644,10037.156960022849,3429.361912614208,2638.3578151497613,4693.80548010929,1057.3646125153805,4134.837523643755,10278.155200254509,6524.813075798885
15907,12618,12996,17824,9116.790649011095,4309.481191811378,2394.188005546261,5334.588464917959,1108.1793645475223,3734.3809198467634,9261.602637748547,8177.380184989773
17532,15170,13789,14742,11042.22751599129,2073.203686100768,2889.0242423935315,5103.453939414005,1238.4297914813274,3953.656899888675,9835.424345535066,7555.640374119722
16354,13696,14387,15636,10005.925862080836,3468.371491779739,2623.0897145193317,5106.610921444368,1067.4106499173704,4127.578427280533,10259.42619689864,7067.118857335276
18531,15701,12039,12383,11291.075623672605,784.6402618467608,2972.698380386476,4295.105434993068,1436.3604198086912,3451.983868691161,8587.217178712513,7307.224906516638
14147,12764,16291,14982,9455.568359666075,4881.54379420772,2483.051409557725,4681.609249391955,825.4002671342832,4671.893678818506,11619.097246068684,5420.951862109681
14940,14112,15438,15400,10394.773819103866,4289.7543004993,2721.6856162451995,4871.688396714126,996.8062691851028,4426.837129040062,11011.171484706725,6241.309936134593
12710,14981,16682,14856,11146.120652811993,5271.327428368253,2912.9323659309257,4410.062919675182,921.0426206887633,4780.597456369894,11901.441691218632,5176.714489714117
15224,14768,13025,15130,10691.599724260032,3449.71425361925,2810.78686188894,4478.9184509129445,1265.1451857809923,3738.444133040634,9286.601470020307,7203.843764905047
13815,12939,17024,17772,9638.138520663762,6415.143002980334,2511.505556415649,5484.011687363924,790.4392361877002,4880.908434513972,12143.14142116768,5849.797123364872
11124,15120,15303,16081,11142.044331193927,6061.997116259032,2915.1681237429484,4188.628038397317,1060.3286584332004,4390.2263516432195,10912.783484808995,5811.363305756229
14107,15938,16522,13709,11846.615104365424,4030.047549574415,3094.5607595486626,4407.661017375404,996.3038157068507,4732.187829583266,11789.768406799016,5267.779337017788
19709,10400,15337,15796,7639.29661719476,2249.981785196483,2000.990291292068,6240.242220020847,759.5172873182712,4402.02531031163,10935.105102592563,7274.250603814899
14213,15987,16063,14074,11843.538814493293,4009.3472961078924,3093.9721909201535,4461.443351232113,1049.136679904259,4601.586608089212,11461.363852255154,5601.085898617579
11880,14865,12300,18356,10706.750704553539,5974.295843521048,2809.17648085609,4478.870735272902,1348.8235203831032,3535.972253912147,8764.110447116122,7890.603055387682
15449,16632,14727,12742,12205.428081926577,2632.7033247666127,3198.0200025079357,4164.629320141959,1228.3524599260643,4218.8053386961565,10508.119822138862,5947.1816514566935
14104,12768,16529,16708,9474.725933371705,5692.565422812654,2477.860734916402,5183.604244146927,814.5931195463438,4740.151888731817,11788.870205090097,5821.615886370004
16066,12995,15977,14177,9603.392267542295,3593.3453846445295,2521.806967752998,4868.1566754102405,871.6301510175228,4580.779789869599,11396.298701188902,5716.801621558657
17990,15251,13676,10100,11098.406099279826,986.4984111994395,2931.992571619364,3682.2530622227982,1219.9771685147766,3917.684142846617,9758.129525122098,5384.559268044704
14105,17064,12935,15117,12365.850118459217,3597.283689000493,3237.1437457797756,4242.031330084044,1460.6974499613411,3709.730728722514,9225.315635926212,7274.233399265378
15784,13224,15076,15590,9708.572444853206,3988.674951022004,2546.1996432027404,5058.162407778316,970.015063131043,4324.842665480774,10751.162677356147,6545.847834297271
14041,15675,14834,14529,11508.181320898751,4030.6652056854628,3013.821278841948,4344.170671727193,1152.7488623836412,4252.742559139293,10581.247351742451,6151.633896799606
14890,14577,14861,15578,10694.564823952507,4171.854458461078,2799.8826635895684,4820.120751918035,1082.7227733421114,4261.981289414237,10599.011383560208,6587.923536293389
15104,16282,17250,11704,12165.2859579544,2967.092604581363,3181.065645379271,4194.51955883984,932.3409135218968,4937.292581634328,12312.641728436374,4551.247096671708
16122,14427,14984,14987,10591.351815631022,3377.7964155418927,2772.629135722351,4988.191556266348,1064.1068386386737,4296.1778492872545,10687.819233356657,6628.308917479133
14910,17019,12942,13969,12333.222504674031,2877.3472389670414,3233.735401929547,4110.6461762642775,1452.0694365260388,3710.6875528929822,9231.36188451883,6981.405438407272
14910,14628,12276,17143,10527.901926256309,4106.849018731487,2763.181649192324,4823.236171290686,1337.2979491802867,3526.164350990187,8749.799607542216,8204.858613356675
12563,14902,14978,16264,10949.077643808187,5505.885241433752,2865.351787244941,4491.287658126805,1086.4754825921364,4296.845492474426,10681.129611332704,6267.239978206504
17497,13020,13376,14895,9438.138287706615,2569.8731893926106,2484.4534994693004,4976.57138877212,1097.5275097284311,3839.6563792226016,9536.35696252318,7350.624492222695
15032,14697,13938,14501,10712.158180416063,3529.4431669898804,2815.093949018855,4405.529135479962,1168.9148980032887,3998.511640927264,9939.504562599992,6569.133415021336
13650,17275,14519,12258,12671.848373635601,3146.77118250295,3322.2043290490437,3609.615167656383,1282.2311362799912,4159.711580913259,10359.256996179225,5498.261829774328
15380,15075,12788,15455,10895.97668777693,3374.0359128868936,2861.5531322091947,4567.225724873262,1317.343344441166,3670.3730005473067,9117.662006260787,7512.934628305651
16331,16049,12456,17106,11572.463577257773,3007.3084040642952,3020.07866536464,5220.622238201522,1455.8483283426785,3573.516830456401,8882.585421821439,8877.327754252216
13888,15208,16786,13301,11322.587685123117,4126.317754585247,2963.418376124068,4264.136194803297,921.3782786286489,4808.389961022188,11977.636402681794,4907.542852110517
13232,14586,16154,14926,10807.203911787605,4994.234930366481,2828.7464889307576,4460.502457449914,949.7114776267875,4630.754101676009,11523.267727459883,5473.207528975359
15271,15540,16442,13354,11539.119237193543,3395.5969133602102,3016.7320942580295,4576.259737686938,984.4364406563625,4709.157944469628,11732.805384752453,5387.167850521591
15640,13462,14047,16568,9809.099591319242,4126.236413838366,2572.264546055724,5120.983810611794,1081.4375237894196,4032.0075336257833,10014.982591498012,7322.315105504163
16549,14454,14973,13775,10610.998136100709,2779.215916018898,2783.713443092921,4734.160524516374,1060.1642480336377,4292.194078000053,10680.772259167115,6263.903105024149
13211,15011,13332,17721,10893.177686333634,5361.522603308643,2851.357498561528,4758.080381700791,1266.7877489246143,3827.951540326105,9504.021388748964,7604.059431491369
12744,15132,17702,14457,11342.77530224238,5332.64972889623,2959.2320960592965,4469.830818128574,829.2577662861956,5070.147122796172,12631.8435010237,4657.190954552579
14903,16259,13001,15709,11778.610924732271,3530.2759152601197,3083.259716796272,4576.36812591651,1397.0331435743217,3729.426863795749,9271.624619999595,7597.586518639379
13335,14520,12418,19295,10458.908450226701,5750.822367791387,2737.818979277833,5035.42803458573,1324.0124124994982,3568.6673002109237,8849.349735695369,8516.663406882602
14244,13588,15910,15006,10042.338471020717,4652.245849051369,2633.730426862896,4661.966759107012,912.6822271616581,4562.26262263421,11347.74987101134,5693.178968373008
16159,13760,15921,14675,10167.899299778157,3566.361481156779,2661.971806994058,5061.340323376795,931.8102240928034,4563.79483820902,11357.258377244274,6048.838636973971
14039,13696,16222,15301,10146.183138776794,4926.611016138834,2657.3097920142854,4746.869899661499,893.6972965155438,4651.04452668554,11570.981425715168,5628.109774922897
13919,14960,16461,13613,11110.300200748068,4194.875679422439,2909.6469354128694,4303.885861140121,939.4834943272123,4716.450609950531,11744.578400701484,5112.37220015584
15410,14076,15914,13988,10404.36852595854,3666.002199621947,2728.3455904507073,4661.333378271622,944.2324392091539,4561.442197270579,11352.595151972502,5660.4714555787195
11684,14839,16271,14625,11010.278728531885,5467.470035517926,2882.974900021171,4070.632984870036,943.2892416392241,4664.741618205611,11606.293175849678,5078.727802950534
18458,14202,12617,15029,10242.842964007865,1611.0668109041512,2687.458987314784,5173.283500204838,1270.5379131621733,3620.8421230857584,8996.288335914047,8237.34589628483
13606,14342,17323,14856,10715.205908501755,5134.9920028955075,2798.8679245137523,4710.393547290031,828.9856590599973,4963.150848907084,12359.862484766503,5012.5966428542015
14752,14484,12835,16728,10467.503126753221,4196.585133682005,2747.623671865411,4767.977653046606,1269.058810636774,3685.770454911497,9149.23353210591,7759.044584555627
16514,13936,14722,14124,10209.111101331247,2950.943720561632,2681.229845997389,4767.17224998737,1045.762257636008,4221.774354456561,10500.203399919734,6409.287493556744
16339,15875,14290,14799,11603.96886671698,2763.26178680023,3032.612593182212,4909.325494989362,1238.9382218368883,4095.91262565848,10194.12232124477,7122.970156774328
16400,13115,17681,12741,9814.757734142797,3263.1725470031843,2573.670761760605,4833.349916379797,729.1474136788564,5064.414065705082,12616.716472307638,4640.907770917585
15628,13200,13745,15843,9596.447469425972,3866.319162260766,2523.97220425132,4862.465731271335,1079.8889832517734,3946.2364488754633,9798.770830220392,7112.394470289497
13313,15044,15308,14078,11081.774647168988,4360.648746035784,2906.986183035029,4127.851545090515,1053.8384020736944,4389.053542957079,10918.947942886676,5589.566120767188
15240,14746,13568,14451,10718.961487610974,3338.3525143977035,2818.54935587795,4379.956382745812,1207.6935554668719,3892.853235878804,9675.177517577471,6734.536269849154
15475,15218,14227,13735,11118.42678135799,3053.1139842344537,2919.7509046781834,4342.980351379896,1179.9387988037183,4079.221817969017,10147.75776565349,6337.934257973801
13473,13770,16929,15319,10255.583435089082,5359.789737273496,2682.439208944934,4732.502919949769,833.259251063105,4852.259186597921,12076.769318394972,5227.027526159109
17037,14271,13020,13783,10327.68354245351,2262.4006018502605,2720.583468242299,4493.683168504338,1222.235644618963,3735.7490440973975,9284.261255146304,7027.219156333377
10760,17024,16863,17795,12698.254672247207,7289.592471098327,3290.170384161444,4746.051750600454,1033.2143356766542,4830.624640278787,12032.146781959374,5750.947665162309
15432,15912,12567,14758,11489.486217563503,2962.8953161648874,3016.6629086185585,4364.456819583917,1405.655822862424,3605.5937709668447,8961.436156140822,7427.233785433915
15046,12711,13629,17138,9229.612402326067,4655.419663536134,2426.0804967818212,5055.474563690717,1056.4095107990477,3914.9874553658365,9713.983283499032,7426.684151994176
14292,13986,16708,13615,10399.764705197536,4217.81146096098,2727.5557326277058,4410.693438658115,858.9058931869706,4787.915256874842,11920.141183928597,4987.637811843979
11872,16474,13192,17941,11958.087940702884,5841.563865765823,3122.2951171969244,4501.088027575123,1394.55382878823,3786.779404721895,9405.292824796676,7599.208147997066
16503,12036,16644,14705,8933.363834649683,3853.9191708280446,2343.6012691876945,5246.339599721277,759.3440344221789,4772.022182417429,11872.144877760093,5605.874452897175
19152,13020,15086,11612,9559.43627228268,1127.7747748281515,2518.9783528262737,4705.660646991,943.7103393254164,4323.862503288272,10762.047780326786,5779.2539226295685
16798,14283,13210,14124,10350.475599377633,2492.5454813141537,2724.230452289148,4573.082750665926,1207.9697667472408,3790.2706625524934,9419.743579492366,7058.07163158349
16500,15924,11236,15542,11383.464181897614,2370.22638119885,2988.669652258447,4599.506376198465,1552.05651519494,3225.385172708913,8010.468476127972,8558.491063483743
12064,15620,16650,16253,11622.873561155306,6092.234472905514,3027.2687305857708,4626.002443465341,968.9498978978984,4771.33502387987,11878.67379342191,5532.618337967304
12059,13378,15363,19588,9845.325620392981,7533.091410798225,2568.2363367211337,5251.59957421911,963.8403155021136,4409.748363148479,10953.011410175515,6803.938849792427
17282,14851,11685,13836,10647.122625891381,1871.0314395635087,2807.21275478678,4348.009627902837,1396.138545967091,3353.9338466391455,8331.092780709434,7619.622493734364
18435,12915,12456,14494,9298.828114189262,1833.4145550058538,2452.650667093671,4919.582358371325,1163.8263549425524,3576.706226438234,8879.35678702276,7746.590420417453
11548,16566,12702,17987,11984.646310287775,5862.64627281564,3131.774251231627,4376.985721904117,1451.4544214506109,3647.5340542097433,9054.572364114325,7745.374669516142
17176,14243,16789,12429,10593.538540464844,2387.8555485113197,2775.310755958468,4834.602148594528,876.2318773023728,4808.476702254784,11980.585131239899,5200.224902161219
13650,16117,13649,16594,11731.776974754726,4628.591976919759,3066.2051555218495,4622.473738789936,1318.9380255761746,3915.5435136150654,9733.479576580612,7338.101426489035
15346,16803,15386,12524,12390.571598534418,2697.4256380938223,3242.736831553463,4194.030326311611,1169.3510414790396,4406.1253338250335,10979.76852796726,5634.451853214854
14941,15348,15343,15785,11303.97530893717,4197.69819061582,2949.5263094693437,4993.939199528731,1095.387462873331,4397.77517503882,10945.195514121959,6602.179018786718
15614,13464,15034,16275,9882.610492741576,4266.915659691608,2587.11764282341,5208.008676005491,995.2099838116753,4312.815844064728,10721.184300150726,6805.499695539792
12671,13020,14798,19095,9539.30623546587,6891.550286367692,2494.6579447161193,5189.4172283283515,986.5361535473402,4249.3069237379505,10548.496848518884,7019.867182708862
16287,13959,16566,12488,10365.754535151667,2900.205539915022,2721.418802265147,4535.8542184817115,873.537317737706,4745.859782041675,11820.207250346702,5056.124071125054
16036,13390,18387,11758,10074.104343513098,3197.6200617073287,2642.611824485899,4551.011623836606,674.2164753915393,5264.327298851992,13122.728380416798,4008.9105525980144
14140,13601,13314,17042,9859.591318680337,4854.794151152214,2590.803964926848,4784.9408735762745,1150.7567746443685,3824.4483361064954,9489.544001059869,7405.456895032465
11574,15283,18338,15130,11512.540082888001,6295.549887483795,2996.8040805915493,4479.361131784058,771.9639113453575,5251.714056508459,13086.31304207107,4359.725656118619
15133,16435,14123,13306,12007.915200636886,2876.6026569136548,3148.6911515777692,4149.833496507452,1278.3125872402293,4047.647343507756,10075.33477764904,6279.046980062811
16990,14080,12932,15721,10178.460220696474,2778.603521196108,2671.815757579947,5035.178886147918,1229.6949709431221,3712.048536043613,9220.0051720126,7904.635968241639
14804,18170,11248,17628,13006.714175884277,3414.6894780777875,3390.4289759401718,4787.715822516889,1771.305873033842,3226.386836585586,8021.443270935645,9409.313816871443
11716,16063,16717,16516,11961.592290735109,6332.018892705973,3111.3882748939695,4625.36982214867,988.5837340361571,4789.962448812459,11927.011674483332,5555.076912781078
13802,11716,17586,15817,8757.955674763427,5862.780914668273,2295.541690796064,5024.60917676192,662.2849647643997,5041.8327825823435,12544.06589714926,4919.73743270029
14818,14614,15193,14490,10749.283422582945,3888.3078870852464,2818.3061632027325,4552.7186445621755,1046.7541747269793,4356.047624764173,10836.9477857706,6047.140395462802
14000,15661,17369,13457,11710.771616070346,4213.8961412432445,3057.265497868203,4447.047061652922,892.6477693327819,4973.531045198457,12395.423041446313,4796.795310468198
14430,16093,13550,14938,11706.731834020859,3661.9724115012746,3067.829317315781,4349.253051218099,1317.8861500116652,3886.3089781279878,9663.73422897057,6927.256212528497
14977,14432,13406,17503,10471.652019159159,4486.079399489368,2740.426276946476,5115.493395854988,1220.5927453474949,3848.448772962117,9557.562622504114,7903.02832132922
13251,14911,13709,17089,10851.144561532641,5204.993473183245,2841.881737957801,4664.657567475282,1217.9021956852414,3935.325429806262,9773.645132112348,7221.793409924823
15881,15696,13980,14256,11448.32493184648,2871.3274492359437,3000.2712674187433,4562.013147782272,1248.0222249519666,4008.0420529300472,9971.969560797992,6822.636182565
14948,14802,12213,14651,10655.001253667444,3288.6167793752456,2808.876509247114,4168.857033384831,1336.8344873917063,3506.91623486394,8706.147579692117,7202.106911368989
11952,14881,15516,14760,10980.576086551206,5231.494742346007,2878.483305727428,4055.3898825788397,1019.7300587361785,4449.919429290563,11066.07937081757,5460.978642745457
15022,14973,14661,13995,10973.08903785533,3467.379510584978,2880.207502677463,4379.232803818111,1119.6777563105522,4203.669801295413,10457.312844899774,6149.205507800583
14208,14144,16343,16588,10488.672181307706,5344.396983502811,2735.6197481970503,5171.177147746972,921.8489851612948,4684.927253181018,11658.084655727032,6075.3899523373575
12731,15830,17152,14784,11822.45095505561,5253.894367514219,3081.4763700644885,4478.189359489026,924.8275769864878,4912.855490172837,12239.114902225534,5051.699111567499
16185,14259,13184,15135,10330.271563248658,3082.189014900615,2715.4577910057696,4716.379239335556,1213.232003180825,3783.875715097902,9400.158917704579,7336.914932661128
14769,14819,12992,13967,10729.58676207984,3294.491025146303,2827.800005469497,4059.8557659979733,1259.7723966618912,3728.7240224941443,9263.359129998655,6618.5277600309355
15808,14473,14520,13872,10591.505543025622,3106.8372777306586,2782.95573846188,4493.793919462985,1098.11619712187,4163.710743848125,10356.263332879385,6272.40107114464
14324,13865,14051,14719,10110.330199028202,4056.2652024702415,2661.9991270404694,4320.590929126462,1090.877495696583,4032.7560149981937,10018.271431771922,6344.45344828597
15468,15702,13193,13323,11390.671086634258,2694.14657731753,2996.5058187234954,4066.5525693007457,1313.8710058805634,3783.609017676935,9409.414937153597,6561.547048986703
13835,15108,12824,15060,10927.63540092748,3975.5559974043526,2875.075707901373,4144.525248881204,1303.8250330882677,3681.791186146848,9142.297495711056,6951.182916261077
15701,14436,16037,13320,10681.753113296221,3274.5900246465053,2801.1256678211116,4565.5172520445085,953.9401920033989,4595.374639127898,11441.652085232638,5484.13506452016
13380,15111,16445,14342,11222.872842767552,4695.400871038095,2935.201263756345,4386.0792455918745,952.2731514568974,4712.343111433144,11732.681714242386,5261.064881263883
16128,13420,12910,17564,9694.255261071452,3934.215457573699,2541.886741313995,5315.001274264012,1184.5546300200103,3708.1551273432833,9201.859314379879,8314.356090078676
14862,13265,16344,14630,9832.278715835524,4373.3725280480185,2578.7410520602034,4768.0125679846515,855.4577444987485,4685.623490634824,11658.435487026723,5490.151744290603
15536,12312,14365,16901,8986.266972680529,4561.565138612061,2360.1277679661234,5224.329337205546,964.6697840457747,4124.726869301632,10240.220313154037,7113.928326437633
15549,15164,15378,14552,11170.15784216013,3497.015485195382,2921.279912394595,4801.59639895229,1073.3045447178458,4407.282971091994,10970.692992970737,6260.606480712893
15508,14945,13009,16569,10816.118491164876,3713.0637090741675,2833.2753829677845,4933.4927243718685,1295.9262736988746,3733.8085421019064,9275.234317538618,7924.8087246867235
12810,16058,16711,14311,11956.272211262292,4872.279325879868,3120.060082376883,4303.266135090147,980.2347372606301,4786.913260980436,11924.083655347284,5133.456854990076
15630,14620,16863,12973,10884.010941571822,3324.5891954719195,2850.0935739827883,4598.299008346356,887.038692150891,4830.006225292971,12033.044543812131,5055.897805686341
16116,14420,15465,12521,10625.62594612681,2731.6067876293646,2793.5945700620277,4316.594730052761,1001.1224063876407,4431.860781681284,11033.099040473415,5472.5765223274975
15629,14688,16060,11918,10872.394102193008,2829.6710179204133,2857.749978093907,4117.073549157916,957.8563261802186,4600.732260153505,11459.250178474673,4968.024412592618
13842,15549,13320,18691,11282.71537179725,5319.73023001102,2942.311851794444,5146.480601859683,1324.8134660540584,3822.881247781608,9497.183739644817,8232.228114605841
12706,15257,15081,15381,11221.513598695965,5056.410321698859,2937.8861835484827,4313.802511436406,1096.7665746140156,4325.164795842991,10755.83820530316,6011.250563140239
14823,14336,13762,16811,10430.277880253534,4426.0224890745485,2732.4104511543037,4952.933589529756,1173.8459762957016,3950.0004053154394,9811.995476121658,7432.115187751475
15644,15840,14520,12760,11601.910086150145,2642.889469894173,3045.940439061759,4157.913412112849,1192.0163972263197,4160.98729925463,10358.939769095367,5959.404233379642
14147,17854,15307,12238,13170.508900000223,2988.567330143343,3443.666909812093,3837.5452969045077,1240.597469838214,4382.7026726151,10924.195063002382,5406.153401168349
12505,16767,13128,14867,12173.891007092836,4309.714635281399,3191.245720051733,3881.2163079634834,1402.398703290281,3766.7696847015177,9361.325765397425,6687.633340446712
15881,16964,13157,15376,12305.687668003451,2762.2849019065775,3213.959563039537,4770.096124126185,1444.4801159280132,3771.7003511023663,9385.415848359286,7830.905836693289
12084,14807,15849,16787,10948.782524309743,6196.723439087106,2858.80347087142,4642.491640768903,999.3713047880098,4545.13525563984,11303.860700551299,5948.522893410272
16678,12427,12154,17492,8922.348818660012,3627.8724008122226,2348.0401662249537,5283.643331768083,1158.4338504949947,3494.080976575788,8659.93359749632,8574.874228553075
15548,14854,11677,16816,10644.610197506725,3512.3158799238126,2795.6411223432046,4785.37150825913,1414.0843034233355,3354.3128989799707,8322.579069300344,8510.82567755576
13941,14208,17139,14632,10599.558162423287,4860.59859694117,2771.0918858942714,4696.037920263745,838.5066554991361,4910.764582078676,12228.267923463854,5078.063898518858
14901,15554,13520,14082,11309.053366805492,3248.8424926431735,2971.155580750751,4207.5686922376235,1272.8504118534954,3877.9193705150624,9642.116698261503,6626.190143590421
13488,13340,15567,16688,9833.091894191373,5630.571907001418,2575.4088404169597,4884.3357260712255,932.3118325633366,4466.268505076937,11100.68216090372,6172.095838000214
16329,14472,15801,13946,10688.556713832702,3089.846473569064,2798.342363220379,4888.4597790876105,986.2616889402601,4528.083815890885,11272.924115217967,5970.993573324672
14539,13345,15694,16122,9844.494269897752,4938.102300205571,2578.0125480248525,5002.418971463782,923.5947748188612,4501.430045749461,11192.575278397038,6180.767843337922
13067,14494,13938,17840,10561.965114330715,5714.097230384694,2763.9972304055636,4843.889018344675,1168.4109124059814,4001.5354977954066,9936.386750892232,7286.914928755254
11890,13608,17020,16016,10143.768183466771,6382.62148932971,2652.9283174554485,4571.848423922027,811.2019635100439,4879.689437333309,12140.312837071466,5066.049731853682
15503,12152,14805,17520,8897.14125422561,4943.292683459568,2331.907415603016,5459.361618183306,921.5521288451282,4250.373689525888,10554.559246669904,7115.183413360607
13732,16200,18850,13124,12246.376679832094,4485.904560111782,3186.5271982326985,4567.823836383692,762.3083187011459,5394.1287730966715,13455.786976739795,4084.7371242418544
13838,14432,15912,13680,10672.984210953418,4199.44766838143,2801.4492667926693,4210.380778106537,956.4853168721475,4561.20442418825,11350.806543403221,5270.283855394919
13683,12993,14388,17840,9490.446194462273,5750.500260627573,2488.337079196992,5046.35409567875,1015.3574079528305,4131.758542841603,10256.12609445371,7047.060436679186
16642,16986,11236,14305,12152.988568651821,1818.4089689244079,3190.1783207622493,4309.763512726422,1642.606657096159,3222.9737484701136,8012.933381748471,8177.365220185408
13791,14016,18012,13824,10522.589068215995,4826.334990553107,2751.729766657207,4570.203247062077,743.033915270978,5158.975253531498,12853.027373166373,4431.251001553385
13261,16175,14688,15874,11866.098514841844,4789.330227488367,3099.190137494599,4507.574677908783,1209.708011913702,4211.36807102258,10476.607216733988,6573.830253480776
14602,12864,17367,13190,9605.80555805916,4206.977156794451,2524.0928087540096,4438.272299490988,735.4555850605807,4976.4596279831585,12390.588890644536,4546.3591955918355
9765,14606,17909,18254,10968.256521848867,8569.09235757164,2848.866344969134,4778.236970659535,787.351373860064,5132.9454996599525,12776.29741225546,4904.6496301556945
13496,17394,11869,16739,12509.50011678915,4149.377317667264,3271.143727188435,4365.804534120816,1614.2546067253777,3406.246586777778,8462.707260899962,8214.661288381227
11454,14324,17217,14820,10698.653487070236,5949.746960398481,2798.583730004546,4202.298610317846,824.4829265823154,4934.519156293498,12282.5312208176,4668.010788536321
15343,13753,14320,16018,10044.166871661313,4106.255923920264,2634.404533130926,4947.5329394735945,1074.9139737419785,4109.256029743877,10210.735709540617,6965.129797427912
12067,16932,14184,15816,12387.251360378154,5076.43637362303,3235.406077444791,4169.131295712495,1309.8903288040704,4067.7792743374775,10116.2383808702,6569.953530266704
15181,14910,16720,12429,11091.089261089528,3278.864086548871,2907.694258530123,4292.63410555205,911.5085212445083,4788.831423513207,11931.200712109056,4859.374620250995
11836,17434,14201,14746,12764.880913103765,4682.3636568883285,3335.6062144764583,3865.4575293872786,1335.1574532861819,4071.7419244880857,10129.318360320893,6199.891811659874
12504,15164,14082,18434,11066.546003130929,6179.146705816623,2888.9360505330187,4884.897563711516,1208.7423265290556,4041.803576864553,10040.128149282087,7375.621514319036
17499,13176,15767,13932,9721.498362503484,2662.448843943035,2549.077362329379,5160.937259524629,906.5971522596368,4519.881576537408,11247.1832893113,6102.4255845506605
15381,14074,17129,14677,10495.217624847119,4198.62640107153,2740.5022927561786,5086.932479701274,840.3765492007213,4907.342997181898,12221.702556239754,5396.458707702552
11592,18759,18062,12654,14128.35362450092,4676.056926653127,3667.461715731647,3832.345009078357,967.3188852488527,5167.5321071708295,12894.352715965371,4128.457877482093
11043,18966,13802,15276,13862.681225923581,4939.009228945685,3611.255890218854,3788.482534961424,1494.5749454512581,3956.4352985666,9845.66390899021,6550.399763117747
14325,17910,15100,11897,13192.741195967896,2765.2232437859825,3452.139117077237,3745.5974900492765,1266.4104171412735,4323.361371601464,10776.537646719258,5381.760294949326
15931,14863,14336,15318,10862.413842795779,3375.7759149760313,2843.4770877133124,4925.612655492841,1157.2313449213693,4111.217530585398,10224.79719160058,7022.850318342118
14058,13509,16066,17094,9994.102985829251,5646.125152827372,2609.8425039916838,5210.416386119596,905.5856509828594,4607.464774619547,11458.544553244172,6233.342141329898
15111,17905,14968,12366,13171.916806468813,2513.121559055852,3443.6816396931536,4050.5084483250193,1289.0122810673402,4285.436380518513,10682.474166782013,5804.555505943436
14098,15552,14496,12645,11392.127714645289,3314.6045663206787,2996.22886713306,3777.218134344425,1162.1483091253003,4155.730066652795,10340.25359019887,5549.731588217283
13332,16425,16597,15113,12218.866127664618,4896.782893165081,3181.4084953590973,4632.038947033078,1023.7909469603268,4753.678185191784,11843.182375793129,5586.076376375901
15093,15265,11295,18036,10909.154956467508,3971.1769284470893,2859.025821365957,4939.08282533585,1497.5915258682132,3245.260173913535,8049.5575745401675,9115.45895818519
13992,14320,13111,18204,10367.736349270755,5205.336967935915,2715.03242404881,5017.584045521821,1237.9921565316224,3765.633787256266,9345.332239884327,7982.695341162253
13996,14685,18069,13494,11032.065132711657,4530.048039657632,2881.790439743252,4552.03248527902,772.0906224492715,5174.034607883112,12894.958742731062,4417.083285656508
13251,15118,15879,15785,11181.077334541975,5208.554241773273,2920.1856601130603,4655.640391738412,1016.9585057462186,4551.9351790191795,11327.062915287646,5920.562752098931
16352,14255,15260,14296,10485.533111429093,3125.221233114642,2747.7788098347837,4889.28497983693,1022.7888994936471,4374.597585764439,10885.39716192491,6285.995588689347
14105,15740,15016,16478,11568.54926991308,4752.680796199047,3016.612522572452,4916.755393562971,1155.5490189231168,4304.802305955914,10711.155996646226,6815.440340350105
17578,15048,15722,11728,11109.834728121656,1683.7053139124157,2915.28512106984,4533.335852759075,1023.7202625958664,4502.753789262932,11219.14180704307,5510.354828858505
11728,16116,13608,18709,11729.368221328117,6401.406076359087,3058.8253316880173,4709.503124978308,1328.2443921181448,3906.0016311411578,9702.05487545551,7603.6731763768075
14111,14854,12934,18843,10742.177343480718,5247.842315728523,2806.6128727372507,5181.02708126606,1306.1606227824511,3714.1093604206353,9219.912921822719,8417.967227559948
13065,16251,16956,13967,12121.757547699539,4655.069120194965,3161.954416384311,4309.505272796447,965.9569964537988,4855.976702149483,12099.980354226083,4999.637274774898
14815,14799,17380,12651,11061.264541555984,3662.2767204330776,2896.0514886093133,4383.984200393265,842.3845342432998,4977.096792388097,12402.94604426612,4603.851131118345
18280,12383,16188,11578,9163.258909762808,1864.8624555722618,2415.8051015163055,4634.718122053975,807.7927105286232,4639.04977577865,11549.033344555097,5085.384033815326
12145,14520,15034,19098,10667.077367959682,7013.0081055539185,2780.1504621696217,5104.111529102705,1073.20161268723,4314.028989248045,10719.819281048087,6985.017702565401
16474,16174,12524,14525,11674.661586102051,2289.401901275514,3061.752345151936,4538.899453346112,1437.6106362523099,3591.977190816461,8932.074486862448,7691.128383182443
15214,12297,16150,15063,9096.164846932095,4465.216128751654,2389.5530676626804,4928.199335353774,809.8947057038334,4631.935522371088,11518.101930841985,5670.320608621246
13866,15849,14368,16170,11595.6127319121,4580.711458622992,3029.669659307136,4671.4300060144415,1223.587042124482,4120.41542428525,10247.57540321533,6915.898733252768
13664,17114,12586,14809,12374.487521903258,3633.4867151744293,3243.563573167543,4023.724666947861,1496.1090396717361,3610.5204595392906,8975.516428070194,7159.974413934676
13036,17628,13768,14433,12862.397064066197,3946.728924434064,3363.213011938329,3967.453529687953,1403.252583010505,3946.8292539023823,9821.220872812804,6522.665022081416
15410,14484,12665,18153,10450.182169203854,4278.002064946828,2733.7914188445293,5267.655744004003,1300.568294411814,3636.988745066438,9028.034671883142,8609.285581827222
16128,12198,13202,17640,8824.945968220596,4249.0811943664585,2319.0308343103075,5369.499834009911,1053.3920130090273,3793.6163449381957,9408.366835063309,8019.443883215525
15391,15465,16216,12936,11464.335468702488,3168.365626070427,3001.3984282706406,4434.343129594545,999.4333185368292,4644.696670266596,11571.276446454911,5336.3124542566
15958,14656,12168,15958,10540.558933069458,3177.7382152021196,2770.195787468929,4727.050255253046,1345.3771544289907,3494.079857981381,8673.906772877635,8048.895889816882
13420,15407,14284,16495,11263.285394130045,4966.468506499825,2945.60151163038,4637.565918079962,1197.8449580729352,4097.778178425259,10186.20006144897,6890.330490403634
15492,13239,14541,17520,9679.788717623958,4696.595518270745,2531.756323648665,5429.797991359147,1026.9358303005697,4173.3129574462455,10367.65830285316,7400.617216121094
16725,16991,12956,13282,12309.624831625832,1767.02571369299,3226.8427205049943,4340.764741157179,1454.9089130813957,3713.0412970633424,9243.047121979787,7179.555655663698
15510,13782,14614,16201,10086.76981283689,4144.6727509086595,2641.9565259579294,5091.780825517795,1053.9958119503594,4192.808423842827,10421.184996633008,6968.77009125548
12282,18749,14586,15127,13770.373499042367,4562.040542730873,3584.2381691638548,4104.382224354846,1394.7947868064,4178.522287148269,10407.424011936157,6452.171734019095
14118,14283,15727,12381,10548.20934184768,3587.299499131122,2776.9405753666674,3858.6442656858408,955.7403864118364,4507.834991971951,11219.150713451352,4926.566933140191
13640,16948,14697,12246,12445.33538960862,3219.42005457293,3264.189699391284,3624.1249208110276,1239.246721474651,4210.910207051473,10486.053111763656,5398.501565532193
13216,16946,12006,17354,12195.219209887524,4599.19273417088,3188.6000405002906,4476.56979324072,1563.4055974382368,3446.5453074816496,8559.454842329622,8268.912161355507
14016,15991,16030,13191,11845.229035161428,3768.166090252981,3100.064101664353,4156.541358146362,1044.8688264015568,4591.9895776403555,11437.986765587566,5262.933136902266
13878,13608,17630,13240,10185.893976882537,4494.108487657889,2671.224829059048,4345.648824865105,751.5078007408412,5050.611840819303,12579.41816245241,4404.566632632681
15126,12663,18165,13010,9509.736759167745,4123.860813232482,2495.493931388414,4644.9145388133065,659.1001511482173,5203.21797490157,12961.79451847167,4240.987756861672
14781,15691,16277,14567,11638.645032360308,4002.163300781888,3036.5631424547323,4781.287504417534,1016.1319395109932,4662.705511591224,11614.223114676253,5787.832582082574
14679,14107,14475,14003,10320.291903532201,3708.2255211782117,2716.1939197569886,4262.215431521405,1068.7761537296583,4152.395665122755,10322.605056684171,6032.01886315914
15696,14560,15808,12979,10756.554395155372,3104.817992426936,2823.372553848423,4421.105208946592,980.5060778349865,4529.824989312401,11278.175848617982,5454.616920242919
15768,12167,13952,18244,8850.909857186254,4845.066622754609,2319.6916665217273,5574.441616727729,994.758032866747,4007.6082331455946,9944.317714598481,7825.484899190428
13484,12408,16169,15003,9182.554116252246,5171.325041820646,2415.1697458261688,4516.173083521471,808.9069246327109,4638.1788365389075,11530.713241450674,5316.067554864147
15500,12744,15307,14820,9370.64646690079,3984.890790842894,2464.215040781556,4794.266559530154,909.4559609253714,4391.203844578621,10915.799946666126,6042.250770865438
13374,15300,16428,13601,11363.54351883951,4367.424772108882,2974.8368028932964,4179.24659145415,960.4220112485416,4706.922211969089,11721.104520366232,5053.057343088494
14260,14086,17247,14715,10515.55128558996,4795.164301640548,2748.033365333977,4815.558663821614,824.1565573004038,4941.494309847221,12305.537860294779,5107.916593715634
17697,14780,13201,12706,10713.5699461979,1610.7089656951287,2821.6946838700596,4370.5346303049555,1244.067443912394,3785.400032977137,9415.566600742297,6729.672626753394
13260,17378,13713,17058,12664.934751635328,4810.408140445536,3298.98056325501,4668.965940336074,1414.434856713655,3931.7633733290404,9781.314341068402,7572.350906201612
15318,16125,14834,14517,11837.574595828444,3325.119621709445,3093.8060141875467,4659.5043072419085,1193.946087866106,4250.977916886416,10582.995232800191,6534.949636432385
13740,15184,12722,18240,10968.065628381144,5110.185062463406,2869.3768601722973,4912.2770717320645,1347.3128391057564,3653.4468519570805,9068.56109088974,8215.233558359641
11916,17398,15604,14350,12865.628340718293,4823.077571986392,3355.564389860783,3972.503845904646,1176.8466468258803,4470.7251949830015,11133.2823374221,5549.322648542796
13482,16281,16061,14820,12064.253985347954,4593.32744897527,3146.89178552282,4496.7394445281025,1069.1506318693737,4601.306244699837,11459.628930240475,5727.161645266566
13869,16685,13881,14505,12173.343382938212,3757.0480257715917,3187.417779637314,4168.20679610648,1324.271942170757,3979.887331787999,9901.146648793603,6580.288277937516
13808,15512,13190,16419,11249.583126513062,4473.577693907495,2947.6423074721806,4541.847930255499,1314.6209539929791,3785.798422966559,9404.220662016809,7401.570656400518
16541,14022,13345,15472,10168.006788083516,3056.6920492693316,2670.215990818644,4923.134093806191,1183.9032862884462,3830.053754356216,9514.980288054958,7493.7650401246
16771,13501,14478,15209,9868.926346330558,3160.0990237564447,2588.829493416785,5103.810769324104,1043.57715768738,4153.380783892773,10324.618487191761,6949.954389771484
15196,13975,17396,12441,10442.265356324153,3534.350045335222,2739.4237168533277,4387.99078961192,794.8865071089336,4982.485866621993,12413.587196619686,4516.050990451142
12982,14730,13978,19210,10736.200392294293,6299.971847362848,2800.6672445418053,5170.1254317819685,1193.9873034312488,4012.5469716315665,9965.395053559541,7749.071642420572
14103,16977,17248,12896,12690.805303889967,3741.671150297339,3308.191553098751,4327.95230253677,977.4293300499577,4936.820346379691,12310.985592631143,4832.835387888623
15800,12385,14823,17866,9069.39431750937,4871.972027744702,2372.4216810038492,5641.418978608384,941.5794544799986,4254.933150604178,10568.024539938371,7355.214918774342
14100,14464,17085,14936,10787.10540911678,4867.549055246882,2816.709427181921,4818.5746331867795,861.5411073347283,4895.030007212112,12189.983800054815,5253.977928157434
12354,16158,17713,13780,12119.998589293806,5074.047875558599,3159.271822467636,4212.740081999668,877.2820722430416,5071.83535661914,12641.157669652814,4495.60065359349
9568,17794,19598,13684,13552.330029611643,6471.439592857424,3507.9414973211906,3866.267673543081,726.126277111131,5607.823460602995,13991.131009702282,3343.098415287782
13455,12687,19150,13348,9599.21277989238,5188.345172990785,2514.289929144385,4506.383039297991,573.4970560843906,5483.817166635217,13665.977977679991,3655.863829702656
12726,14606,13947,18124,10645.236881924036,5981.913182171881,2784.353837631543,4839.514499664866,1176.6729407854461,4004.2443270484328,9942.668817460997,7308.715631466945
13952,18001,14079,13230,13164.251373784398,3145.20820830904,3443.216381012523,3888.922913774416,1393.8205311452687,4033.466123777268,10045.54519416549,6193.259177115442
15699,13888,14889,16074,10185.31029892445,4042.2096381002298,2665.3992416606375,5157.434465143353,1038.0031343141554,4270.705653244289,10618.29662086247,6880.6635001529385
14105,13210,17493,14405,9875.5713487586,4907.192652141788,2586.662551802232,4709.820380864052,749.603450651707,5012.649844732445,12480.38197029128,4789.5075599584015
14634,15082,14139,13867,11013.124728237744,3486.535547500963,2894.6591969508345,4177.463425941763,1172.7415878254271,4055.109610672701,10083.898898790278,6204.9685361890615
14478,16116,15916,13952,11926.534804257873,3791.2387099417087,3115.8649971365257,4470.492991944936,1073.328314451895,4559.316773331648,11356.619786688341,5692.4409538791715
13263,14477,16500,15788,10752.268098742818,5453.620610906844,2808.372785499353,4749.848828585105,917.2220942502512,4729.520913480729,11770.50493724727,5584.123663770922
13568,11532,17896,14473,8639.577446258814,5444.616358600109,2270.493564464541,4638.6441622884795,619.9064202342398,5129.609921428041,12766.168259468377,4391.408054708698
13528,14616,17015,13227,10897.744183146142,4368.962588140965,2855.560852217237,4185.563490766406,861.8699556593282,4874.571373867328,12140.47584067356,4674.502295473905
14286,13794,17843,13740,10341.222992028463,4564.828992517753,2706.122668238532,4633.420194519924,748.5373576608692,5110.956473887865,12732.07542886571,4545.384846317349
13776,16536,13216,15317,12004.554073749148,3961.8467419437075,3144.0964407411666,4262.037293972131,1386.9719530972768,3791.103427907291,9424.946144021294,7096.441728160418
13645,13504,15184,15111,9927.856215915566,4787.593097148198,2609.026442773363,4445.679013117426,965.655897777082,4356.438343758884,10827.515248230766,5879.562110961897
15624,13820,15870,15192,10209.288970583246,4011.1597997287213,2671.4302273179483,5060.524862799344,940.9849890623848,4549.6899264430185,11320.351384937838,6125.2240478557505
13702,12264,17301,16589,9151.175491031789,6111.965480702785,2393.3658933407755,5171.497590591065,719.8493483071171,4960.438707846288,12340.544034839771,5288.813378144814
13486,18520,11704,14779,13320.23018829073,3325.5586287080832,3486.6763455591126,3866.0873873366318,1713.8874573574553,3356.6958270751934,8347.173204421737,7588.659551819811
16531,15069,13007,13885,10909.64536177307,2399.215178977849,2869.4134201336083,4422.999689536694,1289.6682928908456,3731.168491823271,9275.857055062508,7063.223050181345
16769,12369,14755,15513,9054.137883039519,3518.614849043814,2378.70261704015,5213.6349347999585,934.5388006579225,4234.281317863668,10520.719028227622,6782.531231112782
16612,15192,17556,11826,11367.213503565348,2465.8776753458687,2972.7066620530777,4675.932499367003,849.692644336754,5025.327483792273,12530.680035856087,4679.386367247908
15818,13715,16377,12923,10169.972649991145,3264.034837538584,2671.440028117141,4507.817053273093,874.8890524597072,4692.938854931783,11684.132931764094,5153.0229191466115
12656,14979,16650,16350,11140.957941005414,5952.75009586246,2904.0483543155315,4782.968237779642,934.387770678401,4771.920754980141,11878.08913396658,5612.033030225982
13946,17404,14542,14586,12762.38652620577,3772.4711170216356,3331.731425901441,4316.441177072042,1309.497415592204,4166.757800144836,10375.218356522942,6491.961403043185
13791,14035,16005,15118,10383.286157573017,4863.689174532656,2720.062130736271,4609.238573548135,932.1408022092335,4588.924347900906,11416.090763288681,5646.498432457707
14967,15467,13160,16800,11210.402985884553,4018.2065709605067,2932.4012812679784,4898.315327315546,1324.5064112798152,3776.3483146064136,9383.703616276916,7885.087752960738
13859,18368,13266,13524,13358.15248703409,3079.069598519618,3494.77523679785,3834.867239508946,1515.7151645975305,3801.4603638898207,9464.599170894693,6612.308665616339
14054,14925,14349,17940,10909.365756698935,5299.215773035404,2845.974696072054,5167.928843535987,1170.406274964679,4116.711878388599,10232.260116703055,7481.541422330954
12874,16416,15264,14396,12098.747810450626,4486.583398105532,3163.273903738942,4127.370368915437,1153.0971712633238,4374.794593017705,10889.202727982321,5778.451287293911
16066,15696,13964,14755,11445.768695930332,2901.0385098835086,2995.946331221613,4752.542678576947,1255.0151474051481,4003.554423905666,9960.47977723456,7100.065487602738
17300,12751,15504,12122,9390.147155208051,2337.767864758209,2477.579754303047,4431.714034146733,885.1278899483402,4444.526547789467,11059.443487726432,5353.8961299553675
15396,14835,16118,12676,10986.546750739904,3161.6892340329077,2882.5199310017297,4315.00926891266,966.0894586148453,4617.641391894016,11500.365945445668,5199.634797167752
17701,14331,14891,11970,10513.903930002474,1730.5417951326694,2766.6347490066546,4439.3268694388535,1051.245034550528,4267.210735266837,10623.644127329342,5803.53486251165
14076,14279,15554,13906,10530.819547992618,4128.357435625168,2765.665416848842,4269.704115463414,981.6404530720589,4459.558228883525,11094.44103482091,5507.794162697927
15052,16250,12086,16428,11691.974451150552,3487.502156925727,3061.706851130896,4651.125534810956,1496.5541236830902,3468.669573425773,8617.295400599429,8278.200747869752
12445,16428,13585,15305,11962.95140650181,4635.867689242972,3133.7241616323463,4038.264059524523,1330.997789800393,3897.701271482114,9687.363958724647,6634.299175755609
12752,17404,17923,13350,13079.778503370391,4625.236120386471,3401.50454243919,4246.99282343281,922.2673181672862,5129.313589460923,12793.453715902138,4477.867764269915
15739,15588,14212,14415,11388.086148268054,3052.7974382682096,2983.21889810968,4611.129456054559,1217.3126092707482,4074.4668118529403,10137.536024189609,6752.029095074774
14026,14492,15141,13869,10657.327744496462,4020.7927372058875,2800.208813759379,4189.28853330593,1033.2811890551184,4341.751472845268,10799.24058389325,5657.878551756457
14892,14820,17962,13173,11123.441420545301,3947.823879077421,2905.29034403658,4677.67880743555,792.6834544175763,5142.847669285251,12819.154630868252,4552.176858537915
16017,13268,16798,15232,9865.229817880658,4117.034368247556,2577.489638682696,5344.450617040483,824.879171146719,4814.332364926462,11983.776199649797,5770.707917999322
17416,15023,14705,12787,11009.849899199184,1891.7067636906645,2889.314040349766,4629.562090426016,1124.433392681328,4213.883750126268,10491.027443571304,6266.107326022991
14070,15260,13757,15917,11111.350616852222,4335.939722230683,2911.6990319911347,4552.984866920713,1236.5975791780245,3947.343597644881,9809.673782682561,7026.5341446649645
13424,15354,13686,17488,11173.335282546524,5205.757602744912,2920.830757334613,4800.083193242621,1260.178609804436,3927.8207033208537,9758.163917857619,7482.028966858664
13869,13847,14847,17100,10154.284811509757,5360.871385131942,2657.6320227218125,4972.903574225365,1036.0090600527183,4260.462053968697,10586.478782911356,6767.007541412271
13575,15335,15969,14810,11350.354021596657,4656.128131541244,2967.1006963188343,4486.80233530007,1017.2676157956191,4576.645747458291,11392.357250955134,5666.291417741196
17252,17873,14697,10638,13117.98477755714,952.6037963146704,3437.2048090772673,4013.2921207453164,1318.1204518365173,4205.888761080529,10491.074653395077,5669.757893914753
17861,12798,13975,15502,9315.566021382845,2638.6354086131523,2444.860656696157,5374.056737582308,1036.5951162039837,4010.807537224261,9964.205759207132,7487.1885957759005
15196,17205,13781,13071,12544.998376090527,2600.8969760024634,3287.469407454513,4058.6646800034837,1372.4241137929832,3948.799493181465,9832.211035642584,6415.631161442343
14705,18208,12876,15585,13193.343673284911,3203.4139370952357,3441.674197949378,4506.5259147444085,1571.8916785259744,3690.318614485073,9185.778929314216,7858.04468414794
17845,10152,13885,16188,7378.006824633927,3374.290298163305,1947.5920744289892,5488.247400027664,830.2724497936822,3989.974794450667,9895.038303952175,7344.091551743699
12296,13735,16098,15082,10169.848895304596,5510.357960596142,2668.0106155468457,4284.48160615288,894.6365209984092,4616.926379137949,11481.014986042337,5281.396830292123
17580,14703,12859,14868,10627.434061283937,2066.001379166291,2788.54722994017,4944.780634234634,1286.5954744761054,3689.4205834647337,9169.658791008864,7849.205964146383
15435,14585,15652,14455,10762.346806822337,3679.526743130286,2817.6045914018896,4774.879571202621,1005.9870425518324,4486.255950928693,11165.74869420095,6004.536389551586
15968,13926,13126,16228,10081.293285511623,3567.8245368868925,2647.127126139978,4955.0433597295805,1197.9496332898054,3768.533656102083,9357.493737641289,7707.7074504327875
17767,13542,16102,13321,10017.834939287894,2309.20979342725,2625.0176397586947,5132.046543017948,900.8883151709051,4614.223653428979,11487.84370128068,5866.335002420975
14546,14307,15192,14785,10521.977210881578,4165.478479522884,2759.717271789703,4566.8722497909,1025.5177356389463,4356.591895202435,10835.407182233595,6052.143594587118
14595,15021,14300,16487,10977.155104114638,4444.02592216837,2870.083621284146,4909.27120249325,1174.0798434657681,4102.005029940185,10197.992347377323,7136.419652913773
12154,13998,15846,16509,10346.065127839964,6129.014633687806,2707.508951997075,4586.1872072141205,943.5203415394344,4545.521788732243,11300.4442589976,5793.783676372787
13816,18735,14096,13356,13708.115148960966,3136.1500264765486,3579.6002288756144,3907.071306361057,1447.38698855919,4037.2277854811955,10058.78374143131,6307.742112119469
14875,16051,14070,13564,11720.912771345731,3123.9078018848204,3075.4594164488303,4149.32999631577,1254.4484648291295,4033.516866453663,10036.478111831933,6288.696707453034
14410,15691,16401,15137,11649.614584694666,4435.358364144968,3036.1490790473626,4868.198546810433,1005.6000732361326,4698.375066674842,11702.53422189359,5841.154507061001
17416,14740,11809,16632,10569.581760230212,2389.3466514010406,2769.170070412998,5215.2928029663,1400.639958192969,3390.6397933872026,8418.382164990957,9015.980377770215
14032,14007,15832,15422,10348.567086908422,4839.683016726345,2710.0444539057507,4720.423363476179,949.3212576338291,4539.716588051671,11292.296244298856,5862.5395960752085
14621,13056,14193,16502,9523.050426277608,4713.2216983237695,2502.2122705826823,4881.560492206181,1031.1917543946704,4075.053816949596,10117.910915393702,6908.494979473895
13582,16058,14737,17117,11780.627611070948,5145.921060854563,3069.4554926200217,4912.962948121539,1208.4523390705494,4225.335305531652,10511.621390316399,7063.378535051231
16001,15099,15820,14104,11156.9766699929,3202.6018378856634,2916.7279645373474,4873.831063150975,1026.0973158954228,4532.7208478630655,11287.252931753628,6031.5472939865995
16388,15766,11476,15116,11290.479936843552,2406.7051584265123,2966.9224495764074,4494.471678249925,1508.7429954475463,3294.0733199813985,8181.828639027171,8206.651342756899
16253,16780,11713,15775,12042.755074777113,2446.1985374677347,3151.885587172301,4705.6388314214,1585.133706571419,3360.1359773557792,8352.809994551437,8601.932563786033
13707,13438,18151,13268,10096.426541013705,4718.811097122686,2645.980735685713,4395.42550512138,696.8402101786944,5199.003487700085,12951.974652392277,4158.875003145709
12472,14359,14365,15975,10500.32672034682,5321.30952203168,2756.429194205045,4310.555540559671,1100.3216391805108,4123.466612557483,10241.521550072304,6334.126361083728
15535,12480,13664,17260,9062.271416002935,4494.745739836875,2381.1850924168166,5205.5589294115925,1037.6635010488744,3925.013523494882,9738.951078452223,7557.940060726508
14885,14170,14175,17820,10338.36636006695,4886.063943443425,2700.7762453880896,5306.002671470086,1131.8151022185084,4067.939366698325,10107.045706715187,7637.7693045768865
15298,13715,14275,15429,10013.725753077168,3922.7495573569463,2630.335362717875,4765.08196650559,1070.9589621533173,4096.330626521529,10178.66668712464,6740.44410066205
16373,13585,14090,13288,9905.821770345392,2739.2353222741244,2612.626635198575,4355.202862624198,1065.657322836114,4041.901373129758,10048.067890772154,6189.613316900589
16604,11649,14198,17459,8487.386503192878,4254.446448559895,2227.1311831214803,5612.122492325876,932.7754288618428,4077.8048577829077,10120.143830629324,7593.851529556489
14723,14808,14606,14936,10846.369985595535,3934.786629834216,2843.8226228819594,4563.9131779093905,1117.3465330894835,4188.930004985432,10417.066025412929,6436.011750260957
14124,12566,17718,15535,9406.539831335716,5529.38295772011,2460.459470630807,5061.501299150095,699.33983915675,5077.902680862906,12640.089342779309,4934.119863522526
13324,15057,14673,15968,11037.698313919971,4949.937748548203,2889.4674113527954,4537.189333966775,1129.144756901811,4209.0608925689885,10463.923039636291,6481.442174188511
13826,12636,15689,15338,9318.89104108739,5029.617467739406,2450.1047854287162,4614.051459839555,866.2446662155346,4501.340642136569,11187.574798859183,5696.551071715604
14439,14518,13511,18182,10542.639165693065,5032.345005561048,2755.672238335739,5181.734668779864,1220.5491862701688,3878.7038029367495,9632.291538536181,7972.446746635124
15608,14949,13783,15580,10882.069829582106,3509.620823288777,2851.1189921138266,4820.0344376012345,1215.9246564831674,3953.9278696985084,9829.10498737069,7254.856000785948
11845,17042,15170,15484,12558.552203701114,5267.377967441133,3275.1223825001985,4178.239655148658,1207.9366295834432,4348.220251333911,10821.768459579664,6035.008052451943
15622,15300,12760,14885,11058.456459201898,3042.3484356515546,2905.3548710055957,4463.694231567211,1335.9829614397793,3661.56968920403,9098.469845049092,7376.695349764898
17050,14070,14188,12577,10269.253694033541,2169.101756359351,2706.692861816052,4324.403750309723,1093.431742579198,4068.112941062583,10119.785926417257,6082.854604949786
15968,15194,14974,13160,11160.263400007952,2777.7336737941782,2928.4107552747155,4418.281407391971,1105.635664679814,4291.319167490078,10682.620356596726,5965.768691007328
16682,14692,16127,13920,10877.13308068575,2884.154887076655,2842.907091122348,5061.024502154606,972.9924513627548,4620.305364836524,11506.695783611078,5970.591541408271
14673,14688,15478,14130,10827.210785533092,3877.4537133812237,2838.8642839961976,4463.471151619928,1022.0034215643349,4436.966621009396,11041.034009480569,5786.160155483484
16271,15960,12586,14108,11525.394281428511,2360.5958135687824,3026.9805825964104,4375.968291055523,1407.5650358378139,3609.9787177834396,8976.060224432766,7371.526584949685
12154,19536,14253,13542,14325.894484062637,3842.7993788389003,3734.0048610093054,3644.33708182831,1478.5455187842467,4082.2082141155097,10170.81769464448,6051.380268470867
13728,13020,14966,15753,9553.191336399115,5017.037538857579,2511.5369831862436,4600.217598522384,954.4074585581479,4295.434664780376,10670.491913275742,6137.494291104624
15408,13417,14137,15017,9784.934707358318,3748.331044964039,2574.8698912296604,4648.164544423712,1056.828752967288,4057.2781286468357,10079.726310139067,6619.540148226403
14981,15141,14421,14671,11077.110054337601,3635.9007955284674,2904.084711679693,4525.627231615996,1159.8438504688888,4135.401306533668,10285.595675772427,6512.44250337875
19072,12731,15912,12553,9401.496084015009,1477.7945417864523,2468.4762353694605,5192.410640012888,860.8896000771211,4560.380383134745,11351.663227313395,5867.264314261817
15196,15663,15805,12584,11578.749584764373,3041.8013217976068,3035.2111437138356,4209.518006724524,1048.7357058790185,4527.3461535884,11277.605101560484,5331.455166504436
15430,14560,13917,15150,10608.043446417267,3562.088625290738,2784.13502055196,4672.242904645703,1167.6912133926533,3992.74261725055,9924.27249600903,6919.677517758647
14874,17179,13532,14601,12501.585855385987,3148.4911511747987,3269.3768347988366,4371.618243025035,1408.0992537378404,3878.781213189357,9653.27219661453,7075.304824635077
16922,13936,14453,12720,10190.278089066775,2325.2094095975126,2684.79896519227,4382.0896885998845,1060.4975641416863,4144.018177620805,10308.894289935357,6012.55236545001
14798,15525,14170,17220,11336.051179760958,4471.028125110264,2956.1656643086726,5146.770211141356,1232.9157613843738,4063.978192178286,10106.063595533922,7614.6850620540035
14271,16786,12844,15148,12153.739050881913,3554.1655941066233,3183.6062993445776,4269.800243477899,1448.3675907469808,3684.155674456031,9159.885847385951,7321.3966264000355
13830,13827,17204,13162,10318.992684583514,4356.65833786062,2707.6508921940404,4247.873486339054,800.1650759048297,4929.200918600268,12274.845947480753,4561.0220337598785
15510,14074,13875,16091,10246.472178852187,3892.6577751082323,2687.174416655396,4937.803175812538,1140.7372393044677,3981.90767531694,9893.102083930706,7260.757955643729
15348,11640,18396,15205,8752.094461283688,5125.263436414654,2288.9629027798123,5393.697606297072,601.2640171155548,5271.174195063182,13124.837141813397,4668.275106984116
13668,15624,13889,15407,11391.851640030598,4316.7227987346705,2985.522647905386,4355.118355884997,1245.8030013997839,3984.495126022054,9904.531316450513,6735.1634001789125
13380,18091,14832,12872,13305.46473102064,3402.923680956777,3477.254468775049,3782.452918132988,1309.57368332238,4248.0530764243285,10583.905501254476,5679.844884119765
17066,16073,12036,15406,11556.927778479869,2065.808825031739,3026.5956325874,4851.717088363828,1489.28770827518,3452.870766770323,8583.18417575064,8471.663661923936
15264,12426,16997,14048,9250.303190944078,4232.811297905873,2429.6593360332236,4787.465961966136,746.1895895236775,4872.046213088042,12125.05289111437,5029.0304726335125
16586,15162,13530,15960,11015.34958319964,2946.0334009798453,2879.9979313301865,5145.052430407841,1266.4721640255568,3880.8801925541666,9649.22134427548,7867.146506012191
15487,12554,14941,18230,9202.166675256478,5184.497400857918,2404.497822165717,5682.782727377579,945.9200030327414,4288.447006224634,10652.507514883222,7366.083885676254
12420,16463,16071,14755,12205.092378376854,5014.782534593649,3184.421288489379,4242.111623142249,1072.0918482002544,4604.730140358413,11466.269810675294,5494.5938179906425
12663,13178,18378,15696,9918.349021531862,6358.76142092037,2589.016032942659,4865.974814826216,670.104487757309,5265.356145014006,13112.538558381344,4466.186057050159
14952,12710,15572,16727,9363.19268547383,5034.923363538803,2452.1940636771956,5241.9466639091825,893.3870633272446,4467.696097104215,11104.294277288247,6447.36171525321
12488,15220,17765,14720,11414.948145235332,5566.481842368652,2976.1228443024543,4492.667810945784,827.9909555767474,5088.185943767208,12676.80228274419,4662.938462436512
14993,18063,13195,13243,13122.032903979807,2509.3943990229213,3435.6290848783683,3985.6777196308535,1504.962326165645,3780.6389504601684,9414.419247415204,6754.747589105274
13624,13835,16274,16170,10254.168726377702,5475.246307396509,2680.710561864361,4893.837919657158,901.8832504130156,4666.158634306119,11607.861997819437,5798.780796277514
15324,15984,14011,16023,11661.173488871482,3651.59293500511,3044.5509541470683,4936.759057390844,1278.9364818246597,4017.3116726578046,9993.746613837606,7441.326976419468
13664,15992,15836,12777,11831.297885966103,3724.6161903522325,3100.3221938060315,3930.12980464433,1059.36827263658,4536.856332830661,11299.131617265859,5119.171144680835
15680,10666,15820,17923,7862.452256909703,5517.869529919317,2060.552986439492,5772.90664159574,742.5620407754816,4541.47087598356,11278.459111117556,6613.861367102513
15168,16372,14244,14188,11970.314150074995,3149.151812955266,3133.1374684667935,4429.309578081918,1268.7661650440684,4082.5839577829142,10161.416802714073,6608.556546895308
12349,15300,16048,15232,11333.814830000154,5382.695260803538,2962.377450977885,4338.908937436718,1002.5642190020986,4600.294414957452,11447.740292044193,5511.157423695303
17226,15503,13611,12084,11276.752599378338,1645.1759484816278,2967.994258448776,4157.820312594925,1258.470389777636,3900.9899066520566,9709.923281598576,6286.606293290506
15336,16130,13705,13888,11746.309960051287,2924.2091572922063,3080.8745658055873,4288.42858476195,1303.0786569370216,3929.219288132069,9775.80072579921,6674.565255842321
14459,16019,15139,14170,11787.94737317933,3727.5139030256432,3083.9828228636934,4394.860735144549,1146.922296018151,4338.485838491063,10800.47797320809,6047.758844738298
14835,13710,13687,16705,9965.908317287543,4464.364826679974,2615.7566368317557,4909.453972451956,1128.8363285410385,3929.7516708391677,9757.234877711706,7330.506109319424
14303,12789,16511,15225,9489.280058196928,4966.63454963389,2488.9491445584026,4821.4733393166425,812.112953622177,4734.393268425891,11776.6265343064,5436.530218380682
11799,13440,16272,19064,9960.087786413202,7686.789940628576,2595.641251113435,5198.214632691048,883.0515188298401,4668.096890766966,11603.797821949694,6171.208465720507
15096,14822,16458,13265,11004.164107195953,3565.6242309437775,2882.3597318572065,4480.923376740543,935.9306681057998,4714.902315108151,11743.1270885247,5220.341245682119
14380,11700,17536,15028,8741.987964228607,5248.775832895686,2294.4657928072015,4933.84079065323,663.2573308389764,5027.071982150797,12508.886928276384,4840.019443283689
11501,16188,14462,18082,11858.095908495052,6469.228589970809,3090.2046482114256,4630.936768774252,1239.269094869503,4148.983848213429,10312.970184339705,6984.583142479234
13013,17582,14506,14528,12895.547554419489,4153.966737929598,3367.233809013935,4090.3448919358116,1319.2853731337366,4157.032509047478,10348.959608275574,6281.145118229753
14559,15862,11984,15965,11404.170380573905,3652.163406159891,2993.705322135511,4407.168031189975,1464.0881905313536,3440.6637359805973,8543.274527256173,7904.814376249298
11641,14495,16512,18080,10768.360702692358,7235.248214116064,2803.9434342684235,4958.100509377849,923.551481558693,4734.557763055928,11777.450970356083,5883.646185318455
11430,13477,14204,19484,9834.154772409023,7401.396082245756,2573.305034064274,4915.5162988351385,1068.4629555075408,4080.912796649685,10122.859262348804,7171.34324326362
15362,15554,12981,12763,11266.607116251005,2587.9465290049893,2969.412974244948,3847.488314412886,1316.39178435508,3723.1095805861287,9257.916565383624,6321.782694691367
14028,13041,15656,14282,9617.948767279222,4464.677200147068,2531.1827249392236,4363.553077387198,890.0303297159038,4490.689664489,11165.267561383545,5455.908227136173
17994,14145,14507,13657,10345.34641406106,1891.8619877932338,2713.8998754895147,4997.601171420007,1086.1733925340632,4159.102560853523,10347.855859535799,6760.019998009926
14577,14314,13942,15600,10430.335921160204,4165.204940677088,2738.756336664565,4602.026604347089,1144.4821344093962,4001.1426620793327,9940.869206253548,6832.659543871269
13647,13104,14818,17617,9603.153818624227,5776.859029296717,2515.912968309806,5046.315785808954,986.1775653316793,4253.826548949147,10564.066612713712,6795.118074139699
17933,14264,14348,14963,10419.262577361087,2152.6639278885796,2724.9238483403824,5371.571917976467,1118.781662743655,4114.301220801889,10233.746406050972,7428.149439195047
15557,15506,16253,11502,11498.420850747787,2648.4958014607764,3018.148458359658,4029.5755263203573,989.443948108264,4654.224445506206,11598.72624782182,4824.436771824711
15341,18674,12006,13174,13454.657835215316,2052.8121888791543,3525.584020182749,3865.451534372418,1692.4773892024823,3440.2746062757133,8565.715462968565,7270.586674459028
12611,15762,15558,14410,11638.095311075165,4749.414680782058,3045.6425869949267,4113.322693010561,1076.863434340581,4459.734860201772,11098.286669880956,5546.8019921766045
13532,15622,13560,15466,11363.548389318086,4327.542091968533,2980.080533152863,4294.568324682664,1277.5128959861092,3890.9766527377783,9669.06543000261,6846.35230244759
16924,13788,15244,12667,10139.281981969882,2450.135868138539,2667.974749086333,4506.713196638202,981.7722958292256,4369.531564917115,10874.419656495762,5712.7994456476135
16390,14416,16298,12664,10686.139065914094,2776.7818716175225,2802.7897316082735,4590.523958627138,928.3407961252466,4668.949530215604,11629.080192663947,5300.426224789357
14201,11918,15313,17302,8759.469823853427,5678.011551950096,2299.152148465075,5162.893448681681,857.8922906763825,4396.080963659566,10916.786503011412,6458.247761261322
16198,11928,16960,12799,8874.776777162158,3416.275988643233,2338.3576157847065,4609.662434776392,715.7216930381378,4861.043989801966,12099.049060149153,4771.010595328036
12322,15631,15923,14555,11571.67695034893,5028.947523881314,3026.5266877454083,4142.309560159302,1031.146654493249,4564.032352206108,11359.005583226519,5383.489659948196
9692,13926,18600,16700,10508.784549300044,8035.990098050815,2736.0417017906498,4484.685099659438,678.9285029486911,5329.809610213524,13270.436432714769,4180.136137505829
13015,14008,16243,16188,10382.189448023892,5727.007012789394,2714.5666563734985,4753.275303325671,912.286525071266,4657.527055168193,11585.484651475215,5707.182308838079
15931,16198,13464,14430,11773.198491043826,2708.048839696316,3083.9339629046653,4546.394322960397,1341.499962897141,3860.2294696171457,9603.822567296005,7172.520579927224
15670,15910,13666,14181,11580.093790193101,2869.5098184712706,3036.4019240742928,4439.097580326298,1293.9933715385214,3918.359021772488,9747.667593410004,6871.579036529567
15500,14003,13082,17924,10131.86014734921,4339.376413457667,2652.041214440494,5294.894706983532,1219.7815123902642,3756.608021116619,9325.410640862941,8292.885682601878
14137,15514,12020,17810,11151.037127216307,4523.347405349669,2920.5842010182423,4786.079814064427,1443.1356447314247,3452.3720075559813,8567.578002466038,8489.580267411033
13593,14426,12720,16315,10419.833857005435,4585.718018808187,2741.04783709359,4399.836160357243,1264.0389573547202,3654.082993847748,9065.975736527613,7333.514464072511
18807,10094,15883,14673,7445.648988995412,2757.1873326916657,1959.3609559066097,5688.706533743977,693.1519867105355,4557.612118552495,11325.55313074026,6222.414773417983
15133,14205,15421,14090,10463.261746862107,3709.9702119426265,2746.0697816450484,4541.821836259287,996.0720167851474,4421.189493041615,10999.816623449395,5836.363844249557
14659,16494,14824,13671,12113.00422686002,3327.920419101595,3170.307361522302,4259.275840672364,1210.4382489456532,4247.686673417556,10576.270789276874,6081.093266638168
15453,14067,14420,13626,10285.64205555847,3242.6824448227153,2708.0622646549596,4313.461726884568,1072.0799144044418,4136.000564362188,10283.984748182951,6069.5562615281015
16644,16656,14755,13493,12221.21547527349,2145.6072803916973,3193.135328858731,4725.265666781415,1241.6337611761376,4226.319540515651,10528.659521592235,6616.98588517629
11666,16352,14755,17935,12004.566873845197,6390.589581924457,3125.871800397968,4673.256564685626,1220.8524419353018,4231.787687457807,10523.14906469406,6872.396450303294
15028,14980,15161,15360,11016.57040831226,4026.0463616975635,2880.41692005869,4853.953515281315,1083.9477878559717,4346.474773054493,10814.512565453908,6483.997650104763
16191,16064,14294,14586,11744.225364730768,2757.866452941189,3069.943901185979,4812.103188823805,1250.3192527432989,4096.753526360636,10197.271611652253,7012.96328754099
16575,14790,15188,14205,10875.85866767877,2849.341238020841,2846.6480273744555,4930.5416238769885,1068.351533355571,4353.042397341185,10834.936154182331,6425.233019138017
14210,13087,14817,16993,9590.190596519564,5253.0710857851755,2514.4573251519214,5014.425118409553,983.4353865757263,4252.980069981393,10563.95090320254,6725.599024294304
18684,13794,14379,11716,10079.366033620794,1195.0956753987648,2656.512902099942,4494.021107741242,1058.7639527563047,4121.427292667353,10257.405530821621,6026.925319462831
18417,14322,13777,12764,10421.115828415133,1349.9616762981996,2741.094829971514,4678.323938766729,1159.0306454163622,3949.993375844141,9826.942422796223,6737.5029225214885
17921,13428,13861,13889,9771.397347643857,2072.830902909809,2570.797602043441,4885.183294673904,1085.5660013552624,3976.3596639560537,9884.605008858769,6930.782987033499
13794,15620,15283,14624,11505.324421104624,4283.662096214249,3010.6157058002827,4382.934410011867,1103.7093718030596,4380.821180513049,10902.16669028355,5953.863166381301
15350,11368,16110,16576,8401.366198559128,5117.3955594222025,2204.683723923047,5371.611915419741,761.2781511623596,4622.525263446567,11487.456498373904,6078.225764997431
15297,14256,16056,13664,10549.68895296181,3609.9980806166063,2766.581837367069,4565.131956107454,940.4512784459426,4601.475259066222,11454.56290155881,5488.185972339049
13660,14456,13176,15606,10477.918185603907,4396.0302728258985,2756.779975782185,4296.918233394888,1219.743122769563,3783.5996562521186,9392.477965203092,6917.012107770554
16796,14697,15113,12925,10802.008768538652,2396.1560112447883,2835.7902960570564,4568.6845761168,1059.9417485868867,4331.043302567721,10781.887940851917,5962.8333300553995
18276,15176,12928,11819,10981.67400727937,1041.2402645416757,2894.421392608182,4192.621461082085,1298.8857453009525,3705.95055331757,9222.04407158586,6582.805376451018
13504,15468,15688,13127,11428.522156416464,3948.844101607487,2997.4890707550367,3964.8635621396397,1040.5192921778025,4495.864948735904,11192.13536608862,5208.764185061745
12611,15947,13568,15059,11607.551981033372,4528.584592891207,3045.1061790034246,4005.2365763582384,1293.3523436916767,3893.4590381784565,9674.620347101463,6527.069564159775
17236,13167,15107,13332,9669.062345238981,2554.4766375011036,2544.0964335637973,4755.592533437243,954.7156775177863,4331.757711491133,10775.223438922145,6025.341225923389
12160,15878,16710,16463,11820.84035527623,6130.123743864422,3075.4814789182683,4712.712873547254,980.7554902715211,4787.88670814792,11922.061247663532,5616.8439071074245
16022,12330,15584,16859,9080.561317011225,4581.718408857158,2376.024871905422,5559.256149143293,871.9226519586191,4471.111805015189,11112.918607119886,6718.14755418288
14610,15908,12855,16997,11507.803257189677,4129.283968561471,3009.098942651252,4819.86255681158,1391.4404814807258,3688.973927802167,9166.07604560176,8045.950707490435
16138,16519,14191,13734,12072.022143870236,2462.3066517478087,3159.0325124566716,4539.1102871120265,1288.256950128369,4066.3522208042664,10124.653268261623,6731.896562325542
11052,17624,16492,15343,13118.955643364727,5822.374441200694,3409.7973937120323,4163.784814741313,1094.4297302180698,4723.862616203292,11768.125073961082,5351.124673428565
14540,16023,16398,12036,11899.618433882573,3206.520018363417,3117.6149450573976,3995.746577028106,1005.4687870328639,4695.703291134444,11702.267879548483,4830.433300615674
12633,14200,13980,17760,10350.230826819057,5933.192594316956,2711.5113448688808,4734.884603664515,1138.135503921046,4014.4657000246225,9965.451031850602,7096.186442530627
13248,13372,16969,15329,9960.455366645456,5517.602219792323,2607.8206059850145,4684.595166116547,804.8128556466372,4864.3634174166245,12104.641794252566,5128.310093158698
13529,16279,14300,14646,11911.192313991658,4105.535571986296,3118.8289230845558,4190.713236038223,1248.712516496994,4100.2261839809835,10199.789532439325,6351.4790707667635
14916,16858,13020,15658,12218.343157871162,3400.5747621700716,3194.257762095913,4577.574732543513,1445.0457438676476,3733.7132989556485,9286.355378788847,7671.377092957473
15357,14901,14980,13520,10944.905456910703,3229.3576141607837,2873.2751910043294,4369.705700471912,1082.8490116593105,4294.111873928344,10685.856278434167,5920.535287994768
14938,15956,13056,14615,11563.9941844975,3243.978385683885,3035.023761694451,4295.531076556209,1356.5005635563552,3745.251223673042,9310.79859168275,7074.743112907708
11384,18170,17500,13368,13627.810939874491,4997.692855348632,3541.5012145982173,3884.2490450854493,1005.1622510186629,5008.914746696406,12491.061842106912,4476.921621228692
15554,11232,15968,14329,8292.394946180033,4136.83711767809,2188.150146912278,4743.306044302733,749.3916250845988,4581.221148217932,11386.774003251105,5456.556166393117
18519,14188,13608,12998,10309.872314658453,1341.154944649928,2711.8432405270623,4743.54149745512,1165.443651248996,3902.145906878496,9705.817320629483,6914.927376146158
15510,13780,14800,14367,10101.133699342301,3565.8028185979697,2654.9946005312368,4600.248088429641,1023.5198797553759,4245.024290572072,10554.968861773614,6201.257520133789
12992,16001,15982,15862,11848.653888343506,5267.232157315358,3088.160148436994,4640.860112057876,1063.7191593454568,4579.925666368794,11402.017222576047,5953.094352335022
14263,14080,17193,12660,10507.506464244685,3950.672044321649,2757.5515393564965,4199.33098106111,815.0496687145142,4925.20644870588,12267.852046780228,4509.094314326443
13381,16330,17021,12331,12187.234750985437,3868.893039703525,3186.6881218009335,3929.4869036659584,956.407566468036,4873.454857026954,12147.551657299724,4529.126471208065
13090,15958,16085,12385,11829.725248140256,3852.076467916256,3101.11767360386,3735.495122448212,1026.8468760601659,4607.976597014265,11477.039198395732,4794.162428463932
13815,14850,14476,17312,10865.786799694488,5224.810120595907,2838.603765900355,4965.019195329889,1146.1645673128062,4153.168149320207,10322.785125052571,7124.657698928298
14488,15349,12663,15123,11088.631030890541,3638.373381675074,2915.0803764399398,4272.227202398273,1344.497243411673,3634.90999361363,9028.14024849752,7220.607320520706
15858,17356,14616,12206,12730.413878302843,2142.617783597989,3333.567806295663,4108.650847191967,1291.7293880487532,4185.457988703694,10430.468987071148,5961.812917688313
15924,13312,13715,14182,9678.291556180395,3186.4254157575415,2552.9468118557434,4454.115197338,1079.8622492116006,3936.409399075016,9778.613823593427,6543.318932687739
14816,14283,12524,18424,10293.736219163966,4706.532036835084,2695.720097059203,5168.908741103849,1294.3385505534968,3597.770180409846,8926.211447607338,8545.836405612483
17023,14214,13236,16291,10297.836047615456,2923.417629201209,2696.547030947482,5273.130927080067,1219.3767025699922,3798.620347499865,9437.467317542589,8094.11195234196
17210,14651,11878,18170,10507.200640759775,2921.6943831066556,2743.8729473682833,5610.011886507567,1398.4621897844847,3410.8624540536243,8467.12602368253,9658.248647554268
13381,16248,14186,14495,11879.483133970802,4096.457540683257,3112.450140516211,4103.652614274097,1255.7293381951743,4067.9132881733726,10118.114991356582,6299.1166689006
14950,16486,13824,14381,12018.340647132565,3220.0971125274355,3146.9903136915145,4363.863215089134,1320.9130055240876,3963.0286339599297,9861.001105677453,6794.5784499775455
13668,16206,13026,15047,11747.654199392142,3931.843124021597,3081.8735883812133,4142.23634536406,1375.901162850705,3737.585403046417,9288.475996211515,6983.667698212163
11952,14167,16014,17223,10484.598491077762,6578.97770974485,2738.597988625038,4743.8433678363535,943.5331646539175,4593.295439153118,11420.688504063244,5901.5929805906335
14964,11460,19223,13975,8669.87313711323,5013.338694515319,2270.94546301874,5060.678333508815,522.0976665960085,5505.779813490744,13717.034022259373,3884.4220000377404
15900,14240,14336,15180,10403.915360204086,3467.5190456421105,2728.4929036975673,4861.267940412351,1107.7666427689044,4112.260677880522,10223.740347182738,6857.640686865555
16290,16636,16859,11078,12393.76035025714,2061.568233659997,3242.110344693136,4260.365152934974,996.8940211713555,4824.413465140429,12034.451447485302,4757.852486359856
16350,14199,14700,14799,10400.99124472029,3183.1852899766145,2726.44659625189,4932.260568408805,1071.7788447303,4215.499232688961,10484.493690882882,6688.651982017179
15672,16560,14478,14001,12128.077959459342,2831.89303503361,3171.3165088280375,4550.049696236294,1260.7875589050975,4148.449650442434,10329.538188183826,6618.463188364648
14980,11738,14040,16479,8545.064405549781,4687.267647537831,2252.78210068904,4923.091922016274,940.7402845621696,4033.478110255954,10006.491071276056,6873.999534301032
12893,15498,16500,14982,11517.807740300228,5139.774423344256,3006.8474914390335,4461.914959502592,972.5081672354263,4727.9464523256465,11772.06843840532,5380.080079372698
14630,15114,15833,15407,11171.318135381644,4383.044137285174,2916.535369122538,4885.522358991091,1027.058076965583,4537.709473656818,11295.2679041781,6144.750461994641
14892,11480,16030,17510,8479.748087404718,5688.04601722476,2221.4976956390437,5500.192238120037,778.1622535822831,4600.156935292678,11429.795857571262,6305.484776309469
14870,17046,12051,16461,12267.863998863895,3437.51484431991,3207.330920597027,4620.810877479262,1570.7405386255712,3457.3484769272873,8593.631815737106,8386.605265653368
16226,14782,13940,14181,10772.772625893198,2830.6043787725457,2828.9764058696956,4593.774805863066,1180.0679330921334,3997.8912360197037,9942.103473651023,6757.400084785249
17096,14271,15870,10313,10546.117276506933,1792.975475201999,2781.5051865716755,3893.3356252353824,944.6245033697518,4545.1930375728925,11324.737604433589,4622.00555078459
14311,14718,14746,13739,10793.397117647684,3747.1610491263295,2837.0141767755367,4157.820739585498,1086.25028105937,4228.697022423417,10517.296889803089,5833.402120746191
14529,12240,17055,14507,9115.520401660367,4774.822657605013,2394.3371550008374,4749.390924494056,729.440466025826,4889.366058985783,12165.662310167027,4983.60987359873
13860,13185,15246,18325,9692.693391064495,6077.264361058484,2531.9873243864213,5347.386514415357,959.7308898053042,4375.250820013683,10870.657304180619,6897.440373961951
15286,15663,11584,15843,11225.417184790926,3209.8370128987194,2949.288964255321,4465.629020680189,1488.3585673044943,3326.2483825508843,8257.626256323083,8160.652862234734
14466,15375,15696,14383,11355.747414922076,4012.536442604059,2970.4276286575623,4535.918822049747,1048.9563426740901,4498.1135237161,11197.869481750931,5832.59443277851
15975,13542,15158,15189,9949.805958977306,3716.111319629484,2608.5830333123586,5014.115773999174,984.2387135099683,4347.363763396394,10810.647739784094,6461.360011634311
14827,12470,17264,14539,9301.977234990733,4682.275026687024,2439.8836925911155,4871.853910858503,727.8359079586462,4948.313084625158,12315.754781284335,4984.231762287891
15433,14916,13054,16872,10798.067059774758,3863.257228292596,2826.9284878518724,5004.566299644412,1291.396321688145,3746.804682873543,9307.2408505465,8007.135717923948
14173,14606,16401,13260,10840.405503409154,3983.277346707061,2843.0613026735114,4242.529364924461,921.9496638092506,4699.583614202606,11701.452964764536,5031.3711105033635
13562,15477,16004,14201,11459.823025417518,4408.0561550766215,2997.940445015888,4324.840978076117,1018.4867988982685,4586.169664960147,11417.836297591208,5465.688103969444
18133,13862,12398,13325,9983.749863759704,1591.3054649944766,2634.9860129863855,4492.6919929882115,1242.425832455166,3558.0008137864525,8840.038437930632,7244.660629141674
16587,13090,13601,14704,9506.200021894896,3032.9277763859304,2504.948885436087,4735.770408420098,1078.7959880487892,3904.139802709263,9696.872562814158,6938.365273958726
13731,14839,18749,12955,11203.921738715824,4563.467233725737,2925.166150469977,4447.7135591996175,707.4399862565571,5367.087690603545,13381.941043148883,3952.0008460319414
14766,14069,15246,14552,10349.452087915992,4025.223116814505,2716.445232931388,4557.126586342063,1003.081149925902,4372.084641965786,10873.916460574346,5968.90177336847
15069,16247,14058,13687,11863.42978459052,3036.8988213155803,3110.417124248172,4229.760531664926,1273.1830273387463,4029.684332612059,10028.313048493517,6418.936892045142
13782,13390,15680,17143,9877.596863608487,5710.940224237575,2582.996405678241,5090.362321220518,930.8525135904413,4498.172744075242,11181.796601114722,6337.9828802507745
14490,12830,15340,14626,9438.232523014363,4361.132246244986,2484.487940260836,4512.0620965102835,906.160901959066,4401.013523731481,10938.946631773064,5756.165157815561
16423,15180,14322,13158,11096.701859330657,2446.717139297702,2914.536122642862,4414.388553266643,1169.1994536934994,4105.352281442977,10216.586420967797,6299.556029277675
13306,13426,16646,14124,9977.612666665535,4875.554399795013,2619.650269152271,4316.982821019558,827.8259517815638,4771.953795587411,11874.040138923716,4935.245889229396
13658,13177,17392,14341,9844.192658982847,5044.127908780705,2580.3977212037707,4568.727731810715,753.4178803519234,4984.198907367441,12407.809952587253,4731.7739511131385
12747,15750,15633,14994,11633.996633154864,4955.668209517504,3041.0668645024175,4305.014932293279,1073.9220428300848,4481.153137957859,11151.856937614488,5732.607675193656
14454,13712,12755,19027,9895.237102446941,5277.915707914879,2591.442704215603,5272.651217222379,1226.343750985122,3665.0645684219944,9089.90236889786,8479.269508499383
16056,12960,13971,17379,9433.747374839275,4242.366889904148,2471.326603276941,5429.25448694456,1054.3384176914901,4011.1775717871415,9959.807030860733,7711.837707518152
14693,13287,14583,14468,9722.852688315092,3994.5680183457685,2561.1979239386046,4402.38122198863,1001.3959401345976,4184.695656392671,10398.293153092185,6072.878329827593
15065,14985,15338,15068,11034.72226577075,3943.7993699444582,2885.637586050857,4811.647501304168,1065.4963903610433,4396.712236653921,10941.274255571307,6316.02118835008
14362,16320,15680,12635,12060.11163798501,3309.069069356815,3158.879917712092,4025.0965715632665,1100.3345496453107,4491.34849294854,11188.594694305573,5294.964928319408
14494,11979,15343,17027,8806.362969405574,5424.450832398026,2311.624206167933,5164.215970341615,859.5302482751009,4404.217486420906,10938.677904633594,6434.966760997223
15407,15318,13506,14815,11132.27916734394,3261.9246618797347,2921.051676910289,4517.881601902616,1264.4071329602893,3874.2618544336656,9631.774325639268,7035.062521330214
15089,14851,13956,16050,10824.169378559836,3985.244631943406,2834.416025274711,4850.8502348091915,1192.6217667704002,4003.9026885911744,9952.114964364375,7215.155911639351
16616,15766,12196,15942,11347.110341561696,2564.9937092930795,2971.3016057120535,4908.684454580571,1447.5756276425411,3499.5264647552804,8696.514678599644,8453.479648414013
16246,14086,15836,11648,10406.246629445757,2532.554328119162,2740.540345772729,4118.798739134873,939.6768682520616,4537.288206517822,11298.667194032092,4992.0182221329505
14016,12551,17921,16331,9409.661337774534,5993.870147362938,2456.1236617056757,5291.549169221362,686.3560562128622,5135.895862718024,12785.079984510061,5024.2404289313945
14356,14989,13736,14352,10912.69696059076,3706.6635316277984,2869.2486675101295,4192.234332922787,1205.5409963019788,3940.9836842076375,9795.060125133314,6460.110840181037
13534,16172,14755,16476,11867.713387781514,4908.066858104312,3095.160825584396,4737.54562886848,1209.4606858349828,4230.257574422001,10524.701275006173,6830.4444561318205
13812,13597,17418,14124,10161.830266312354,4845.639488327908,2661.7272036555732,4554.290738488298,774.4851521437942,4990.826883457898,12427.204638634243,4727.59471004198
14072,14074,16230,16052,10428.341587123865,5171.366086374413,2724.492727844883,4968.019176303119,923.0122036889325,4652.91038221497,11577.11426533834,5913.071099078869
12423,15524,13244,17706,11264.138560223964,5633.151635093529,2947.3697129737793,4571.786686378674,1312.6151845043023,3802.7575279349617,9441.235469267769,7503.995113962103
16206,14677,15106,14393,10786.28955574775,3125.3693581923994,2824.6399283227006,4864.509545254243,1066.9990273276371,4330.194360222422,10775.78903443378,6407.335650900765
14105,18050,13382,14114,13132.119008129706,3210.853928623964,3433.619857259538,4056.1591081040806,1484.2745977021614,3835.037056604315,9547.016136164872,6842.886749503866
15483,13662,15155,14704,10039.69568924791,3781.457447040732,2635.6915067977834,4749.337105143037,986.7250360537475,4346.429309213581,10808.57583540275,6173.269621840983
17026,13820,15111,13983,10151.605180386807,2715.4980385159365,2663.4835178066387,4932.903193634702,1006.0854946652171,4332.3477979615345,10778.639975706923,6334.821560438005
17040,15424,11077,14965,11010.59851980325,2029.303214804624,2896.6022333154324,4527.18099878302,1516.7816900337639,3180.2914004889253,7896.6191119961895,8403.814550218875
13367,15321,14706,14646,11237.565991638734,4389.212248882337,2946.6381896486364,4207.733737591347,1135.8713318376688,4217.540455273071,10488.469512515247,6049.731369426768
17805,13464,16187,11904,9967.248969674944,1982.2090415462349,2620.601228167814,4668.755833195801,878.7875674240527,4637.604435824329,11549.415716811236,5253.678375952009
15701,15843,15408,12554,11678.196741741067,2698.5761238875234,3061.5481983222053,4263.116199940623,1103.1722977919712,4413.691240108998,10994.22471336662,5594.39730341164
12746,15451,14317,16575,11300.253454722482,5313.386892770374,2955.8018165138183,4515.162024433939,1194.283070351051,4107.744112983984,10209.227931178717,6747.2862552855195
16008,11531,13910,17031,8384.068126149448,4382.91283005725,2206.661080545965,5288.248882454263,939.0949131937531,3996.3028487181173,9913.65760851554,7359.611738388983
11685,13422,15735,17784,9908.62300017351,6957.601785478678,2591.835994992081,4781.5378011450375,921.3088172535187,4515.628974598267,11219.263818597348,6044.497275089922
11835,16957,16766,12864,12643.576266735827,4550.532203836306,3300.759605931305,3727.5848810022694,1015.2769478160184,4801.425421536005,11964.66930823429,4586.638010830916
13760,12154,15975,18177,8978.599052071293,6421.849176166795,2348.1588492189194,5391.565944663636,826.7080985091883,4584.302494231581,11390.626535472362,6347.968219418448
13149,17176,15048,14331,12643.379834305206,4196.075149443901,3301.7284538636864,4144.01135973358,1230.3995550185646,4311.783413774534,10736.179987026064,5986.8821469661425
16498,12846,15627,14366,9467.543200121963,3390.05331489305,2486.682898376065,4971.819584398725,892.6330269028762,4481.289425110522,11145.768907955811,6005.532832270793
14654,13938,15912,13981,10302.972547179008,4030.0559730390887,2704.4636607127463,4471.789688763944,930.7378653162102,4561.560422807413,11350.46690400284,5478.5603966442495
14192,16851,14298,14810,12330.464247254378,3766.761306888741,3222.401164453985,4386.974458610581,1298.0937257258686,4098.124929562235,10199.87803802286,6653.698431469605
14016,14494,14679,14235,10622.728514795755,4062.16528466525,2791.9638917387456,4221.110368030411,1077.3878488994785,4210.4838922361105,10468.516827688818,5952.031880715781
14017,14520,15267,16644,10684.915725901032,5118.332119040273,2791.572185711837,4961.867594265425,1044.1743954012447,4378.495487947589,10888.476536854596,6565.983558772755
18107,15192,12000,15180,10913.912814363695,1550.4106905201984,2861.050592517591,5031.464169855395,1416.1180673173446,3443.4386092854547,8556.6905450933,8588.255597309882
15709,14084,15214,12390,10358.411615421839,2883.7709317667213,2728.6395007956344,4124.127610788001,996.4481777231634,4361.065023506753,10852.889863665949,5374.211298217786
16426,14976,11948,15803,10754.916713211467,2779.3070032145806,2824.8008825939896,4760.413557130704,1396.4179121269212,3430.341115461175,8517.629989667521,8254.735313934723
14424,15644,16046,13097,11586.402183836155,3608.3971423377275,3034.3660943238274,4218.389709858316,1022.6345439186324,4596.752215408553,11449.231181529933,5268.232352774169
15171,12852,18126,14570,9649.532942717811,4702.859828129195,2522.356786743583,5141.706827450051,681.1964289783951,5192.660451011515,12933.392949548568,4724.491762653335
14214,15243,13600,14855,11087.791009870263,3874.534720214683,2911.961639127911,4280.818159804816,1242.1683971905898,3902.1783977071414,9697.867971688729,6706.268703615256
12614,15870,15190,14194,11688.075182122608,4561.827289823102,3061.2643098020003,4005.9046475289106,1119.370294010204,4354.814156330805,10835.206720052454,5625.370418062082
13912,14003,14192,14833,10223.044233709374,4284.041226874518,2690.1082393581028,4286.759104148284,1087.8631522718708,4073.0690288099904,10118.950442027688,6264.263318441305
14705,13802,16396,14904,10237.219784708039,4490.7220831913955,2679.995245931089,4828.627988873149,886.3313290844536,4699.778267859947,11696.275450983176,5587.070567538865
17638,12147,16272,13436,8991.745540586748,2744.4080923113233,2363.364435713694,5096.779497865643,792.1964594840185,4664.873458221171,11607.271295534556,5596.859700652403
15949,17733,13705,12586,12924.379194147361,1993.5707549474846,3384.8805121543605,4097.524607266517,1423.3314633328198,3925.4784744990034,9779.558267037395,6505.232543724565
13926,15929,16677,13837,11853.501173348068,4198.1159106370915,3095.055477100082,4426.137195478131,979.8513852104701,4776.465472801852,11900.488701794216,5209.82689048376
16165,13068,13115,16848,9453.653340445135,3798.3234024956155,2483.702211340408,5158.458469539015,1131.5290328693668,3766.9905906675685,9348.019223183286,7888.29531412844
16584,12958,14880,15295,9497.41224565688,3468.522218424811,2492.5955394875427,5139.216960908643,968.5275797138523,4268.889796220899,10611.11657072401,6688.782695889011
13706,15493,12339,16540,11166.127856118872,4377.424882617779,2930.688475111024,4427.525922179293,1396.0288181223389,3543.528199404769,8795.455920631355,7736.074720494232
15053,15157,14543,15300,11097.693259640211,3831.482169065687,2904.722306995506,4739.912241423488,1155.2940882373066,4170.269437110437,10372.729074434554,6733.71308662749
14293,15200,15096,15420,11176.038948715239,4366.785913358914,2922.8131632260793,4680.447357592906,1101.71356367732,4328.179164495157,10767.805275469234,6372.850914438352
13708,16039,12944,15856,11616.339978928065,4194.152115827462,3044.8109524059764,4344.042162236126,1377.5654532140186,3714.730270555449,9229.304563519014,7321.951358972013
14247,13776,14200,16729,10053.32984205538,4876.133747993118,2636.59001222168,4862.727575468163,1086.5167334346108,4076.1460602842935,10123.816176153348,6991.42579375982
15812,14886,15647,13226,10985.86312065143,3043.5798922810745,2880.577419959577,4509.79534199425,1020.0612054282494,4483.547131929248,11163.431213793609,5675.524618150867
12369,15984,13980,15525,11669.08650211553,4899.173346259651,3056.5664759118426,4129.845011049678,1257.3307282620221,4011.05974253708,9968.980429779102,6496.333782553356
15456,16235,14904,15194,11923.6904652259,3443.7066426624738,3110.2296650812923,4911.2665749811085,1201.3452572243418,4270.796314277098,10633.185375962326,6844.564813449079
17077,17176,15120,11896,12639.228580294255,1465.2566859458173,3305.893964772707,4440.62759244256,1230.6899414330742,4328.378795888908,10791.543823420143,5988.68372330068
12627,17481,15192,14300,12885.949317733397,4399.757516178519,3362.7318266649427,4048.551585539991,1232.1251558333877,4352.700021504757,10839.26629660612,5844.798293274532
14891,15083,15406,16064,11112.288606664148,4387.611080020371,2899.2693454333785,5063.728643316564,1072.5623588095168,4416.253794625254,10989.721809635834,6623.425073060331
13239,15249,14228,16569,11142.592734732374,5089.341589466723,2915.4520852565583,4607.445245480571,1190.6129593385826,4082.316056708789,10145.658658478496,6872.713167840923
16110,14280,12858,13962,10323.38133774138,2741.5804589353634,2722.183868148134,4309.308445681987,1233.5087041207712,3690.3132123218516,9167.727352504877,6908.36625046394
13796,16421,14375,15265,12020.287110633572,4200.30042245325,3142.0358341386045,4424.122699155874,1258.7227389793038,4121.261719315291,10253.737549826297,6638.592824807703
13878,15478,13559,17118,11253.417373889577,4786.321489112173,2942.5449631605306,4790.555054347435,1282.33480736436,3890.969383285822,9668.04035582181,7538.752396171464
13601,16468,12120,15716,11860.293954612203,3963.9384262795816,3111.588998335296,4171.920042812687,1496.3156693166825,3479.204091135949,8640.766969709257,7590.337516630943
14818,14400,14117,16696,10504.83502230955,4461.879836883696,2749.9215276995005,4980.5102811391935,1145.8108439213913,4050.913041846733,10066.07818223731,7255.717073622623
13902,13813,17595,13884,10337.55230484136,4724.6007739700035,2706.4768212312147,4539.801960598786,770.0949481308186,5040.685013850523,12554.346620466134,4623.172619631267
15360,13327,16483,13872,9888.207088495163,3881.6351152618686,2595.1372324632007,4692.709104152904,845.2368788538063,4724.433952349925,11758.654866721148,5298.514377316409
16988,12198,14280,16187,8896.099838164093,3539.399507345822,2336.3466958401295,5377.223331915584,963.4764944783739,4099.502798315036,10180.485184971301,7271.996047806972
13115,16258,12793,17845,11760.878783067621,5127.625852685497,3072.6701373455535,4688.669902156742,1425.2599940300645,3672.209420641205,9120.851525410873,8023.329337553246
13315,13293,13120,17854,9620.804605250154,5549.549167154662,2528.829357819981,4782.433332328479,1143.3548967916674,3770.7593646921073,9349.247125706897,7526.9976941874
17102,14010,14105,13349,10217.904704241284,2324.671607351301,2689.3703069525045,4565.491830581976,1102.4290089149629,4045.0807832964124,10059.859307755716,6460.511039568849
15942,14770,13455,14996,10725.367023272454,3126.593497764062,2815.685873380082,4675.835149188345,1228.9029137065393,3860.3386021142287,9594.694745348093,7194.123957642318
15460,16502,15294,14012,12156.903021749084,3106.3082940335485,3174.4472687498755,4646.934746358278,1170.6359495604952,4380.995780346772,10912.932708517452,6259.847277994303
16682,15187,13412,16863,11022.271339440429,3090.366690058176,2875.902434304954,5413.668362574321,1287.991195744474,3847.313343199444,9564.847571662369,8367.955216729275
15459,16053,15868,10854,11875.145055131445,2368.3259040795824,3119.6710451102663,3749.466791200301,1058.6581446293912,4543.3794147324825,11324.499178312864,4732.420791930936
16674,14100,12880,15732,10189.640273791978,2954.408581756173,2676.1681610380397,4948.524949857718,1234.2954358132142,3697.416203258546,9182.626832184564,7828.0934741917545
14840,15960,14559,14890,11693.018845526869,3672.0256658945564,3058.017721528984,4591.569599354074,1209.3418403738892,4173.466998375838,10385.525487667368,6629.337587657434
18359,15054,9917,16485,10647.479605734123,1404.2582706990354,2795.470856478649,5067.085433420602,1610.271675190342,2849.707074083374,7067.505781260406,10007.496835718955
13839,14651,14944,17025,10756.390648580036,5253.386994364561,2809.839806712791,4968.588485857103,1085.3975753686611,4286.600800851782,10657.352692191149,6805.183654081353
13359,15300,13104,17827,11085.664805053348,5227.328910285946,2900.272848591594,4783.257157752727,1314.5782466062246,3762.3520926434776,9341.645380129165,7816.364035677765
16445,12420,13602,17770,9012.522272318452,4164.184402022811,2362.643938219265,5561.370127578002,1042.7245655583142,3906.921725774926,9695.061640175723,8047.79844396647
13549,15403,13097,17522,11160.571303351564,4999.053843933195,2920.3678660475553,4748.43702160925,1322.4851496590413,3759.9419623262456,9337.061232788896,7772.482604614275
16278,15593,11724,13728,11189.232987225942,2225.259994431364,2948.454281723725,4120.137460689641,1454.8822186899838,3364.4994756695296,8359.492159993746,7384.100182358497
15813,12801,16302,14636,9481.700353217873,3981.301715135653,2487.356097653055,4994.549507733356,832.574218899336,4673.877497944688,11628.222465635698,5662.745853203893
16629,13108,17171,12635,9772.791024469252,3024.018559335804,2565.6464960749818,4760.64749350045,772.8839846548283,4919.184580252838,12251.947934956506,4852.789236918437
15509,14697,15680,15347,10846.868221014494,3926.118031104348,2833.0338878903885,5066.852466455862,1018.3027510529391,4494.280433917016,11185.71480874597,6360.7132456883355
12840,18263,15252,13312,13474.980538661282,3846.259137332628,3515.6278258556017,3851.755761289046,1273.76710665468,4367.951095943387,10883.987029657783,5605.763288789877
13072,14807,16120,14516,10970.259442449926,4853.6787609516,2872.5896921428007,4312.372578324244,963.150011277345,4620.709891153279,11499.312267973295,5352.015276236805
15480,14413,14556,14416,10549.992442857454,3453.0323886116917,2770.001309276565,4579.499903538812,1092.6465897315975,4174.568388602749,10381.420430520315,6386.964957407378
18489,12640,14673,12210,9250.927897218611,1667.556345109719,2441.6518087282693,4614.4819738924125,948.4238822736434,4207.452833708509,10465.437802361455,5934.209097307517
14722,14178,14965,14636,10408.900046389344,3998.9208864458274,2732.6735463959785,4527.675008321696,1035.760187884784,4292.023968334175,10672.971770735818,6108.377294615205
12706,14280,14534,17855,10451.465771952266,6084.510237099189,2733.5161943221033,4853.564303587101,1095.3220255528263,4171.8085001037825,10362.084895463318,6921.155999193093
14641,16228,14525,13293,11891.197450231677,3200.9877588691525,3118.1177404019863,4094.42828480062,1218.27899283306,4162.840261248802,10362.12672590787,5994.01593559137
13991,13153,14877,16859,9643.731162218583,5309.775657527321,2528.961973044515,4938.319127731236,981.1451199707741,4270.069607666317,10606.860818440295,6611.574767908556
14760,13090,14454,16069,9566.698977391712,4542.96601140418,2513.8352608505584,4837.974916249137,1009.7358391070031,4149.001645457878,10304.968366493613,6689.057996487685
15669,15021,12801,13356,10861.256824038355,2661.062137592751,2863.547048903323,4045.141645608176,1294.8597275496904,3672.8071087858734,9128.233417186479,6646.114512237688
14469,15708,16203,14013,11646.405057492688,3938.813703204595,3043.188742946968,4525.027755877172,1018.3296027012897,4641.665891747492,11561.295875780797,5548.741017357702
18388,16072,12508,13969,11596.11895349271,984.0534321580321,3037.129476553334,4883.773933862583,1437.680207485458,3586.211483222418,8922.031278269375,8104.452334972702
15407,13293,15750,14598,9809.454477771038,3966.337531141036,2574.866132443456,4793.27527104856,909.9787810249738,4516.308122006469,11233.73101664966,5839.6894368681415
14607,14105,13260,18394,10220.501892198345,5025.347352943069,2673.965933576086,5231.6621952442765,1211.4972423604079,3807.9108554222066,9452.070359504516,8140.135576000063
15450,14989,15098,12594,11020.155137134836,2908.2437642759633,2896.8395404246203,4133.979877449474,1071.530479217387,4326.960550709611,10770.981165955049,5546.784169939015
15612,14656,16800,14116,10905.54699737093,3696.1868065155554,2848.788257603973,4940.620182585922,903.0482403799195,4812.527246376,11987.489894698558,5481.060197092706
15283,13986,14757,17124,10247.318552117664,4590.951290710202,2677.0379772181236,5320.547484718232,1062.523122715204,4233.49023238685,10523.502079853648,7223.5030598872345
15825,13658,15424,14840,10055.799622750059,3714.568042190363,2636.509499705864,4923.389282926212,967.0771558188028,4422.816332185841,11001.20592327645,6204.184366492116
14421,16935,15984,11534,12546.495349426703,2895.9713057583613,3286.363566147721,3773.5651560137203,1103.2280185691855,4576.263341441707,11407.647247099922,4859.470367005197
17164,14901,15249,12690,10963.236224410932,2110.493123216483,2876.064920352488,4631.216743267806,1062.4659349844183,4369.103719066838,10879.815384170091,5948.761333789162
15352,13069,17588,13126,9774.660411226474,3886.353337979069,2564.6868688190357,4649.236069263663,732.3836481874957,5038.652497947507,12549.440047902322,4590.959764843146
12484,16928,14856,14976,12443.862131163081,4721.898382596793,3249.88810359923,4139.886229857397,1233.9268209795466,4258.380581750541,10597.614435050113,6110.913203222117
14421,14904,15377,13545,10980.822188748825,3732.0627481026654,2882.0889574384355,4225.540943899752,1040.3861442939947,4407.786515644741,10969.204818758597,5584.334659629067
11827,17750,15695,14947,13135.692080363746,5092.531708424169,3420.025242867546,4117.723513641998,1193.993241507992,4496.2025636660765,11198.739032930192,5728.873493687923
12060,16950,14656,16890,12439.665441425772,5645.640698057334,3240.5793703935633,4493.653216301151,1269.7814869154688,4202.100590373453,10453.852737538948,6747.325196210155
16698,13085,15663,13332,9648.110594343414,2939.497778131307,2537.670709806002,4714.81550783445,900.9204231878828,4490.475702670667,11172.564306218937,5682.649482925429
14003,14325,15525,14989,10561.971894782755,4563.600468816779,2768.152076975687,4551.240994786231,995.0898898808831,4451.768047146503,11073.235790195142,5874.934684298813
14875,12036,16477,14770,8923.813823938937,4616.13794447438,2346.34287435876,4810.081301686563,763.9901119685883,4725.334338528875,11751.687273087387,5345.421673047955
14426,15226,15103,14144,11197.079554493052,3841.041395297705,2935.0174708135864,4359.83525811771,1093.674014716864,4329.576287803819,10773.410192700574,5941.519925800832
15119,14427,15067,15562,10599.174316134682,4121.342989360574,2774.0033622439882,4905.372872678383,1054.701816120375,4320.678053099022,10746.317869292441,6539.045998876487
14965,12968,15620,15592,9558.767518500345,4562.764543968822,2507.6778512803608,4941.438987654773,902.3440252452456,4480.543264329738,11139.463591644024,6088.0052655195195
16436,16582,12723,14993,11987.98312471051,2350.5592681224507,3136.8062529626013,4712.954092390906,1456.9382352005182,3648.1855762303912,9074.908755573386,7916.10937979805
13886,16721,15075,14740,12304.188401340944,4080.4788375687594,3212.5272089169353,4418.490940207248,1203.9102380940449,4319.718777665232,10755.231444359602,6240.079195924608
13373,13481,14965,17277,9893.255056354648,5751.985407166471,2591.127611200284,4920.190571070249,997.4457799741529,4295.123579233364,10669.790089419483,6606.066117950792
14406,14746,12117,16148,10604.605252724683,3986.2130004992755,2790.122421234649,4438.215234018871,1350.6948362635642,3480.814575604518,8636.182764579851,7729.373450769074
14670,12505,15332,15429,9195.966797870919,4630.72045589816,2418.477325623484,4773.154770169103,890.5928444753918,4399.5135531856995,10932.436309686296,6027.675377339275
15906,14030,15610,14602,10345.762634797225,3569.080385273115,2710.0642105341944,4919.416653461667,975.5000937678315,4474.980677542808,11135.042323130489,6117.255596464424
14498,13600,16383,13545,10086.473209336147,4079.8958803560104,2649.652253885204,4376.848605244743,863.88444318926,4695.903273241685,11687.143098086604,5088.797828581906
12508,14112,17214,14558,10536.36584412761,5452.47259624936,2757.608247245563,4356.86274142643,817.1023131777123,4933.10161277662,12280.919024889063,4754.356551789993
11051,16425,16618,15008,12230.334751222725,5827.263247943408,3187.5764219833077,4095.5544225091785,1005.345540239524,4761.608315836831,11856.530858862667,5083.326202288594
13323,18337,13140,15483,13320.388587234886,3932.9481708805024,3475.800750376775,4205.4529922532,1541.1382311020716,3766.622562347986,9373.445848026444,7333.971792113425
17760,14364,16489,12710,10659.730301375726,2027.859122195617,2789.4137966630615,5057.392417756699,916.28787553336,4722.791993773039,11766.239079952584,5606.545829630494
12412,15721,16876,14388,11718.629768325773,5152.263862827607,3059.3266424453645,4256.866989551504,941.3515805107331,4834.682615210779,12041.357557202577,4979.716911150895
14929,14887,15610,13881,10985.133780708951,3673.9510780827527,2878.973668900164,4478.563342819811,1023.0824983255849,4473.911995048686,11136.0838161789,5729.090008400052
10945,15880,17327,13804,11883.54950067971,5534.393174658445,3102.030260104819,3860.8390018590208,893.8890737877944,4963.595742840305,12363.59991236895,4409.127343595949
11784,16498,16117,15276,12237.125618417089,5515.228973643586,3190.255980593606,4245.59963949112,1069.08092750574,4618.4489888330345,11498.580856918794,5512.459972592877
11288,13879,15639,20098,10238.34953013919,8159.6983377411,2665.424339367468,5235.982473587433,974.7223353371619,4487.9257022582215,11150.854838167063,6700.633047422951
12180,16872,15111,14688,12427.14626042921,4800.439571360225,3246.0363900730054,4040.419606883727,1198.4204288408123,4331.239419347863,10779.774364952125,5844.876569312488
19016,16284,13936,10678,11874.835739414655,222.51285079473303,3119.861354525186,4280.50060919973,1289.1160577170817,3990.603468446481,9945.466631434636,6163.457712802007
15411,13164,15075,15450,9664.842252058654,4137.162010995064,2537.043988682778,4922.600534658723,962.6881165744255,4324.853327320587,10750.144207313939,6391.36697002359
14213,15400,12528,16988,11111.316033145957,4339.382936534591,2912.168976393261,4673.742455512078,1376.7836244634211,3597.150170146294,8930.839214561169,7968.051007101096
16660,14910,14257,12992,10892.48172255234,2323.4981577248786,2863.408257410867,4401.220954324891,1154.5321679458289,4087.0056018272808,10169.920752977621,6270.0775644566465
13994,14760,14793,14910,10827.447250987632,4309.394984401702,2839.798694131743,4420.803727443523,1091.703439203737,4242.802269570915,10550.196243165725,6179.762420630229
16488,14198,15938,13620,10495.269975001305,2982.3311222177945,2750.1560141057726,4846.287539794685,953.9492868545726,4567.279474091416,11370.749641213539,5794.1998099572875
16561,16252,14238,12595,11879.887388765514,2024.0449496097135,3116.2723435581056,4298.952714944906,1256.1337590417384,4079.29318834842,10158.645086529526,6278.89557351742
12575,15885,15890,15187,11756.57630844012,5158.46929180232,3069.872477559359,4356.391250982723,1057.4514569236703,4554.203580991771,11335.806101827131,5670.854100214987
13325,12726,15281,16689,9357.521182997152,5700.916211276267,2456.375089902435,4802.162251377113,912.2905161364367,4386.12608133584,10894.753625144389,6185.982170981656
14667,17538,12228,16828,12641.48444705502,3598.1374956573086,3298.728758921489,4704.686180827705,1597.241941863005,3507.081417381194,8720.964159425692,8510.942370390794
13098,17928,14066,13737,13112.892034141432,3693.998969975424,3428.326440867757,3844.593197124771,1387.8493812774118,4030.869584075163,10035.163164759593,6199.215442328272
14152,12600,18659,14322,9497.902474288465,5229.812086979719,2484.9538964364424,4883.159329685648,617.7754653906912,5344.708404400584,13314.203970673558,4202.943540741936
13176,18160,15137,14034,13383.34336757745,3951.6575001082274,3489.100265316526,4096.935251034543,1287.2821391382624,4335.307415896998,10801.604207717683,5975.978742767623
15801,15141,15795,13636,11187.031479560672,3157.571383415555,2928.130573279587,4670.398786591201,1026.4723524150786,4525.46588568697,11269.507979328555,5812.255582276234
13656,15989,11508,17643,11454.989601040637,4516.8834525312795,3002.1698852412674,4567.329476789284,1532.811265378522,3306.017553630304,8201.862301754272,8549.200544815074
16541,17238,15634,11425,12733.513902886336,1732.204739761305,3331.812055623387,4234.2010430465925,1172.3930959799548,4474.685426598038,11159.1684742166,5458.636194240575
13225,12710,16712,15194,9445.952691463837,5469.216719430009,2479.112469892155,4596.653740894079,784.8014587256635,4792.270541300215,11919.666512258897,5130.736171632001
16466,13622,13406,15170,9880.791721683589,3099.1645053582943,2599.0537531741948,4819.549092275079,1142.211082170688,3848.0285747226235,9557.993734048601,7253.742204810345
15623,15336,13940,13237,11182.572018363808,2773.0332892316064,2940.0364393077916,4186.544228891608,1213.2333234967282,3996.8850122586873,9943.088280289823,6275.24165430654
12468,16856,15294,14520,12430.30801490532,4658.006236908455,3246.4813732850303,4082.2490460931263,1178.5450102145737,4382.9945211869635,10911.002568773902,5775.6536270444585
12940,14824,13664,17672,10783.355909942049,5585.930298853301,2822.678609738332,4734.910728583005,1218.0885346853038,3923.0641981438625,9740.884397987073,7355.428158306971
14454,17325,16084,13120,12844.661239735593,3355.910327667645,3351.5425821981307,4286.927497839549,1128.1000818743685,4604.853626699771,11478.987661633233,5476.0589980188815
15706,17474,14105,12528,12771.28399977663,2209.402566020413,3345.0312355678916,4081.928506901175,1357.3966815755189,4039.9995016027106,10064.98266496809,6245.1101514376305
14848,13878,13804,15630,10099.295377802791,4082.0047414986657,2654.6753659161996,4644.770959459858,1123.6739191834754,3962.3952691928416,9841.62022046425,6903.116557776671
12159,15044,14977,16524,11054.941399749061,5773.733399750672,2891.5369714556355,4469.916498290519,1096.2634689224005,4296.7496427549995,10680.219984423415,6279.702134666266
14568,16680,13440,16091,12125.118084027836,3844.429426429835,3166.8237847252603,4677.608593790777,1387.7642005311131,3854.066899363744,9586.002533077102,7567.212147215885
11327,16105,16443,15576,11972.538519707197,5971.827190729186,3120.827042653791,4268.337009205974,1009.7212205527435,4712.256878269447,11730.8333272867,5334.882079898462
14818,13860,13902,16832,10091.63928350309,4546.003861820236,2645.806448765503,4975.144078803949,1123.2151494128634,3990.7302346687084,9911.24831756125,7310.997765460923
15882,13059,15298,13467,9604.052074258725,3303.6895745823085,2529.8927429567375,4486.215832564369,924.7177918531861,4387.1618669086565,10910.844065184003,5676.293566555541
14606,15237,12399,16809,10981.643920532539,4082.300278723378,2879.989125379696,4693.099459440171,1375.5939802260336,3560.2875387708887,8838.692987759314,8029.178380478969
12744,15111,17100,13869,11278.197058422691,4916.13366588768,2949.140958993751,4215.461476659375,882.2487959427842,4898.829236100507,12201.214277583293,4740.854088227258
14052,13845,13096,16810,10022.362075824076,4723.722048118606,2634.6951571882228,4675.003638354301,1187.7126276891809,3761.9442589591868,9334.070924965352,7414.704074666071
15732,15870,11412,14049,11364.804936794848,2471.113784036485,2994.1616316814852,4054.3094526400228,1510.6054038735429,3275.6481405279337,8136.289259694462,7525.340442906187
18555,16572,13915,12157,12083.648115376534,597.2664013265212,3164.3044597688586,4678.085570562996,1323.7295266093881,3985.4746986487567,9929.669337279081,6892.349894134022
12711,15678,14741,13440,11509.514956403234,4152.80195546787,3021.9576419444397,3758.00932463414,1145.1083643995116,4226.946969313678,10514.079314118608,5522.823418121997
13420,12586,14355,17817,9189.124054952608,5909.001279761128,2412.5173038887233,4975.646710241515,985.1480565078972,4123.337184153836,10231.539797647041,6936.6587282416185
12628,15209,14939,17064,11171.880416438467,5769.918888221309,2917.6590893126886,4700.095626377375,1119.0662562815753,4285.25811551986,10653.681796950392,6594.5813918426675
15072,15596,15768,14476,11524.510118904733,3728.8677591307796,3010.435223173039,4736.435804719212,1061.4896446430193,4517.8286287493065,11250.125001860017,6018.015296203238
13666,17377,14204,14464,12713.305692543896,3797.700129696971,3322.4164413794538,4168.034263865382,1341.2047395455272,4070.8115779980753,10133.19776088386,6493.848494244798
13956,18396,13704,13316,13420.058984342872,3044.146388893324,3509.170701872381,3863.154795119949,1467.1176445436772,3926.025137533308,9778.015973329757,6408.170135498697
13505,13482,16689,15352,10021.840039835339,5330.598958474377,2624.21515694702,4707.417756229961,837.091808155396,4784.479271636273,11904.537400954494,5314.809956038009
17764,14874,15660,11950,10975.19999137953,1649.7733476147455,2879.2987766953884,4642.517957805193,1020.3946711735431,4485.425373398772,11174.480892882315,5654.303312535518
17267,13664,14976,13615,10026.469653938133,2492.927547057775,2633.828488654087,4849.555505318458,1004.8413179987589,4293.819981968235,10682.14900806515,6272.928691053118
19157,13359,13110,12000,9669.86199286049,976.4534452235703,2555.442297325531,4439.625812574544,1133.1504728259592,3760.2224877447566,9349.727970675249,6580.17275135779
13366,15466,13681,15450,11259.462018612485,4443.709004452088,2953.5034990723852,4272.447263958692,1251.9779424957092,3925.856215852558,9755.184689646438,6737.088449934891
15136,15709,12896,15028,11368.796557351998,3281.3990428376496,2983.669782759466,4422.468639717296,1356.2662936078775,3700.0816148800254,9195.962049677122,7322.2900872269065
15628,13728,13690,16194,9978.712475050941,3883.3223657488784,2619.3890851198576,4957.600693983455,1130.3549603310146,3929.784676116098,9760.223579514797,7351.916491566231
14411,13845,14916,16849,10157.193157856513,5012.732681511489,2657.845183168788,5047.227703488574,1030.99080685856,4279.599956914353,10636.363605274768,6790.588228365136
12056,16266,15549,14271,12015.59670771785,4849.764294065564,3142.1279363198573,3966.1237438011476,1107.1504871981954,4456.8091051735255,11092.234689234156,5452.631818987747
12964,16331,13260,15243,11861.60057701783,4336.299599796561,3109.5105543333375,4082.69200894397,1359.4710953825456,3804.779598409905,9455.287421573004,6831.310300607166
15076,12141,16948,13230,9034.014287508442,4022.2030169644413,2379.3528485605193,4474.5102326025535,728.8159217438586,4858.1209352113665,12089.926857245646,4733.918997086501
14834,15397,14391,14177,11264.584130306734,3497.224059327404,2954.876366251741,4352.367546744781,1177.5322141176714,4126.333169477259,10264.659774601463,6327.837956325428
16757,13568,14780,14850,9940.641760859953,3106.184809951385,2607.559731516065,5052.322807991561,1020.1725808259489,4239.100972340036,10540.896425232884,6695.772044598033
16633,11610,17328,13926,8659.585601073373,3733.747404324767,2274.291802440662,5154.960569297578,677.8147996034085,4966.689744604711,12361.491940737273,5038.288184866933
15337,14169,14522,14080,10368.140519102562,3443.6308459054944,2726.29049015885,4438.46153733218,1073.7396911498986,4165.223928869947,10356.765854539652,6200.0966562785625
14040,13869,15787,15446,10242.440923332939,4852.7387121638,2683.248404716704,4719.973542160942,944.2295338597356,4527.148489737512,11259.859746287875,5873.941855492687
13455,15873,16009,12933,11757.619235425951,3912.139430559776,3080.172215696708,3954.069144740002,1034.0536994476026,4586.497454115874,11422.505768502464,5061.020288843946
16760,16334,14070,12591,11925.480751453892,1876.1515933533376,3128.095825730952,4321.415682039627,1280.777227189214,4031.1737411969743,10038.783812424655,6400.491663274458
16800,14301,13286,16058,10365.948852523525,2993.0771214509437,2715.9745726331284,5156.629811254122,1219.0570690284046,3812.7924796073285,9473.277112024552,7908.343600097623
12763,16282,16901,14678,12140.559492280046,5070.795523638496,3163.5464795866737,4423.851892115549,976.4202691221335,4840.722248129019,12060.221512695505,5181.494070892571
14505,14420,15941,13495,10664.847204612073,3856.5994739654548,2799.082014943513,4309.689139251036,955.6862365578074,4568.921498094216,11372.099229148902,5325.04890112773
16029,13428,14352,14904,9807.614256288363,3454.679418765193,2578.3659239302947,4797.727465600761,1042.1312013004883,4117.974760256816,10234.019383831603,6654.727655517106
15339,15717,13737,13134,11446.939045601548,2783.0485714662937,3009.319834509037,4069.378906742141,1260.4622969431432,3938.5915360361914,9798.398329980862,6279.413478524942
12300,15036,13215,16093,10908.5613355511,5078.380641368734,2865.616182710085,4147.091941307475,1260.337901052587,3795.2317736279656,9419.85155216352,6853.183775488292
12627,16048,14380,14874,11750.475509628837,4621.280490923482,3077.89942903911,4073.311418351993,1218.9832529186358,4124.319096519806,10255.714880944546,6180.583467315672
16568,13571,12374,17916,9764.070702563393,3636.3475555270475,2558.535634917308,5429.542060899648,1248.6238985279326,3554.8437907250986,8819.173616894874,8853.066612565934
14910,16800,12947,14485,12172.256761857338,3058.8734087102534,3190.0677019195346,4248.12616632277,1437.221459278691,3712.696135043333,9234.353101221875,7174.576463864644
14858,10600,17984,15408,7942.982092287277,5461.821314334361,2084.938744800425,5218.714555266794,574.3798409224121,5155.715743287421,12828.138265109748,4710.188187695358
18575,12663,13755,13406,9204.40002792217,1746.0663940932154,2427.4480455389617,4857.163540804306,1031.5729920173276,3946.6619692117547,9808.280310151771,6809.237754702687
12008,16058,16240,14367,11919.14542773415,5102.878241655049,3113.762057489121,4076.3739384956907,1023.3856914479026,4653.683920969998,11586.37748157922,5186.806998183616
15822,12696,14901,15476,9306.276641150636,3976.636347931572,2445.516249988079,4992.785226782602,944.8780128887817,4275.861440421319,10625.130579392775,6507.707231437978
13632,14780,15572,14981,10904.708014514337,4676.323997843542,2855.509840718698,4477.824721493542,1019.6415560590945,4464.672842789236,11107.332562800915,5827.320867478712
10682,15554,16840,16488,11593.86914842574,6846.913298872517,3019.584674259242,4407.743470296669,938.5012552059854,4826.73535599125,12013.427059867181,5235.919189558252
15768,10783,16913,15663,8014.958505404478,4842.822783954465,2105.4789575304885,5348.407492992752,663.2550640519112,4851.057215449353,12061.99826071813,5465.349528289955
13166,18984,13901,16346,13867.578193908452,4374.087951246991,3604.4622825325314,4512.338268408619,1510.2411424781726,3982.255875795725,9918.800333771447,7452.975750924408
15628,14892,17171,14208,11112.071072274992,3750.087658029746,2898.0734753399165,5059.064214743974,883.1510896250479,4917.728539877018,12253.230737121576,5398.155744804658
13614,14074,14715,14885,10315.239919016412,4534.3249060254575,2711.080105836457,4314.476271255381,1045.7987053981435,4222.049121233988,10492.93863609746,6037.720443648849
11227,16131,17173,15022,12056.236252196577,5953.044389979003,3140.7209815895885,4211.688730132599,931.7411608391124,4919.64470388285,12253.47849610879,4859.138686816971
14214,14430,15224,14559,10616.59729459471,4221.7780624318975,2785.472186109222,4435.133804970135,1027.736642156117,4365.648943827464,10858.349099477653,5901.83401222764
11386,14910,16188,17453,11053.948906691916,6899.922362348459,2881.432890902335,4700.922256565096,974.3153088576357,4642.00735854781,11546.011691888152,5854.630717349272
14690,13356,15984,16155,9873.495437137206,4951.009571828077,2583.1660941233004,5098.459865282382,900.4641974546206,4583.76853535388,11400.260780829993,6105.3450448024005
13624,15913,15223,13982,11719.330529314651,4065.129636993926,3068.837168848714,4165.196524450901,1124.0054821119415,4363.165509471004,10859.823035515052,5747.457617833892
13748,16798,14490,12586,12314.77540967998,3270.6509884058814,3230.4176387463767,3710.145363219255,1252.8575162329525,4152.317016697967,10337.661168263046,5602.788281935178
14272,13412,17402,14179,10020.64563133653,4692.483310879283,2624.790266778576,4673.979467841548,768.3319634644777,4986.320994028798,12415.728826337512,4815.017622786143
15192,14008,15269,14274,10305.387780033034,3743.382375638538,2705.6617057024177,4580.186866554844,997.4296989395908,4378.302937632021,10890.70057435802,5948.817862480288
14506,14904,15023,15579,10950.187908666907,4349.645477310094,2864.6716842438495,4758.925442718037,1089.9685960636884,4307.800512471981,10715.187515588561,6471.739768674213
14880,16134,12527,15132,11648.565387612984,3299.355612536375,3056.4058765465065,4341.884372805811,1428.8000254381575,3594.4162209358574,8932.604691672861,7488.014123928937
17025,13888,12424,14451,10003.917611803405,2411.325011798413,2637.5342045380135,4576.454097301343,1246.1352872618784,3566.8515545392265,8857.185561611786,7461.981824566447
16447,14528,14590,13323,10636.893189708917,2635.1515216315643,2795.467212786997,4498.330031146549,1096.1687806354485,4182.815010904783,10407.128423410491,6191.174883279372
15985,13596,14856,13279,9969.751117950553,3041.1212527789385,2626.058376564064,4391.776502903094,999.4773151714951,4260.313990975104,10595.66195909827,5845.043736704981
14713,13104,14164,17425,9555.00310569223,5001.752631554848,2505.38686025466,5142.882248740299,1044.867993327241,4066.8842475313295,10097.049307444757,7280.84842668011
16504,16053,13478,13833,11667.782165303757,2273.5915091133093,3059.0845923954766,4514.303624274481,1326.820783966114,3863.7943126450928,9614.244310806822,7045.163455514969
13016,17138,13118,14636,12443.166538199323,3965.3337726617888,3259.8661702755535,3924.404535425664,1435.3620002573512,3762.6583887426723,9355.419175386194,6760.368167645339
14960,14007,14913,13383,10279.338950423578,3478.8337196581892,2706.230339270632,4208.733099458175,1019.6680376170054,4276.660753119069,10636.323704848437,5694.360201894333
17539,13585,13297,16450,9842.204329794446,2784.668050164179,2577.5646070625417,5456.830563477479,1164.6343558660424,3816.8440427874098,9480.247217242259,8208.3383270501
13028,14007,15750,15240,10344.675146065425,5176.99463429252,2712.3901611683805,4434.542353471408,948.5783331802525,4517.095576847352,11232.88261773386,5630.038817071704
12180,16363,16425,14574,12162.381872719989,5138.530335512416,3172.930357716322,4194.810077773163,1026.0236049477294,4705.7080271822415,11719.321590067202,5238.481347616131
15116,16494,14894,15194,12115.464636000568,3588.67157326531,3159.780154601697,4823.48750833293,1218.8716163315585,4267.740138450232,10626.230750718147,6787.51397488689
14761,15096,15132,13400,11103.0128369737,3461.4460135649547,2914.522292486161,4225.102326535953,1077.9449703304463,4337.431422689338,10794.544218185245,5711.857147389105
13899,11964,16866,17682,8896.461569131276,6422.677745916007,2324.8386489972554,5438.521344602306,742.7502241263667,4837.511872894271,12028.495983827575,5793.2930706492525
16019,14652,13662,14057,10656.392391935013,2877.9669586346445,2802.3302715535083,4456.401066401162,1192.8147963695353,3918.9845853653596,9743.01966146953,6722.071950338691
15659,14048,14656,14955,10287.316816928165,3615.379798672677,2699.266288578463,4787.967736901066,1061.5172691669334,4203.759220236785,10452.23499332135,6554.887050886416
15798,13080,17556,13607,9779.889995441035,3849.6060706842195,2562.247128553231,4917.362260797524,738.9752103273927,5029.621253469955,12526.5076484993,4841.282747055075
18264,12881,15799,10865,9507.463278899166,1584.4364898241643,2509.8743339726025,4318.861063695069,866.7217665531771,4526.988025303268,11272.061859362442,4964.826097478699
15144,14023,15408,16522,10325.039990465057,4603.735658602722,2696.9738172368543,5234.1309029839285,1001.9770563421849,4418.6029461449925,10989.398670749775,6693.441944227574
14432,11109,17178,15969,8275.615432362742,5613.737192330849,2172.5688925919103,5144.992469439147,660.21281293541,4926.565157977705,12251.349668484807,5199.381120286236
13632,17120,14858,14671,12581.849031301168,4067.0732209339053,3284.617383161868,4312.076355202279,1253.0873469779262,4257.479436204207,10600.478836304525,6288.619892076187
13454,13237,17786,15257,9918.296266708037,5637.7558305856965,2592.8571303275785,4841.605712844299,726.8169528938464,5096.535438659272,12689.43945892862,4774.4219199355875
11424,16342,15984,16272,12108.518333340366,6100.122255937685,3154.049103604103,4395.024592910959,1078.057831571011,4581.402324210323,11402.610373783053,5774.950727546165
15199,13743,16863,12648,10228.114882292932,3530.7190364762537,2686.639851178017,4352.237226081633,829.2327319473657,4831.318831127664,12031.758321772306,4760.3014347622575
11071,13419,16061,17548,9931.827526099822,7189.317702592689,2598.040827855729,4634.815554664043,887.830663154737,4608.749745804178,11452.162477721593,5716.212443169543
14850,17787,16380,11558,13217.816214748205,2653.804837614672,3452.8000860004177,3983.264006944093,1115.042944838869,4687.399098002137,11692.418283160308,4924.037028345132
12808,12862,16362,13804,9536.456028898994,4900.466146596955,2510.734619303699,4066.4512040542604,810.8070869721586,4692.201352754642,11669.692096083872,4819.222615437375
12902,15540,15465,15549,11462.381311967218,5103.978290444512,2995.4904825871045,4456.051066025573,1081.6424640603705,4433.74498747574,11031.25001338938,5988.323480968309
13735,16272,12834,15918,11777.14879385171,4145.069667724601,3085.586370069306,4350.105718863402,1409.1393974048337,3682.955729368242,9151.074263034516,7426.476877133019
13446,15824,12265,17236,11400.061776383898,4678.90749581274,2987.0808282457347,4534.517369866353,1437.3247719099293,3522.229287378665,8742.74427437114,8018.867246639923
14355,16355,16500,13261,12156.507109335025,3689.757801849754,3175.0444003592597,4346.453673929573,1022.868537993081,4724.9227819675125,11774.994372454823,5226.048957069077
13386,14018,18291,12190,10546.362316547074,4349.503051318707,2765.421805907278,4034.2955573376626,707.5522999871752,5237.604058747107,13053.379216987429,3818.9378283385054
16634,15446,12532,14482,11145.16625955126,2341.701034746916,2927.5902039455555,4548.069556217827,1373.2625950182685,3595.3673095660633,8936.673830707028,7589.328372762932
11280,16132,16353,15762,11984.911869919331,6049.913392559815,3123.570499639879,4291.63866139781,1021.6914207900965,4686.713743391838,11666.369249570527,5419.291558916619
15818,16160,14405,12972,11827.676684421884,2543.6997655090076,3101.949862830593,4253.988693777242,1230.4753753074242,4127.726393365153,10277.216636391498,6177.570105502702
17097,14338,12272,15268,10317.410286145314,2448.7864332728664,2712.872111161555,4815.245885102578,1307.594927576491,3523.156497723173,8748.87446189625,7998.98285813114
15809,13206,13160,15732,9559.664307439049,3621.621116217817,2517.7090381559224,4777.14466362932,1128.7760744852005,3779.401073466029,9380.637016206136,7331.62196647604
14567,13912,14564,16872,10179.871343738632,4842.941830958485,2664.9738472580552,5034.509687065003,1068.0494823708223,4179.230983358999,10384.732443689929,6996.487772747269
12860,17767,14136,13378,13003.069700842621,3706.4177554611,3402.2310892010382,3712.2764366187716,1363.464820229276,4051.162706601463,10084.878421929858,5964.970718981141
13411,17529,12868,15041,12703.90669044145,3815.99296710477,3324.2918481299876,4071.8858271996655,1501.0386609042434,3690.454999726994,9177.593429926937,7155.960222015445
14630,13802,16008,13455,10209.249100984147,3884.072872674052,2683.0109352872737,4324.38297669179,909.4259819305985,4588.8163711897005,11419.211449851075,5244.684825142525
18040,13419,14095,14237,9780.78291403184,2105.0357859073583,2569.2113969631237,5077.964119384587,1068.7189948690502,4043.2066939038486,10051.771384309493,7048.817374565089
18739,13808,12343,14031,9938.449527582296,1344.6852369335297,2617.124435018385,4864.300931444578,1251.6434469398741,3542.6158024414526,8800.49097716254,7826.213596102497
15895,13440,13640,15080,9765.447490271315,3437.4515782639533,2570.831254358069,4696.108923296413,1103.559046772899,3915.3678604588804,9724.6521534034,6949.565850267062
14583,15322,19254,11424,11610.290308921016,3632.224635184037,3032.5057858803366,4302.998475418875,679.7060308434843,5508.956783682932,13745.300928343246,3510.71900761835
12272,14007,14575,17573,10254.525201633358,6200.594657656205,2685.6705730973244,4694.467217114687,1066.3738201754236,4184.369948328971,10390.528076075747,6678.179084785332
18346,13554,15750,13248,10000.449331522432,1869.8561476740206,2620.327026200444,5212.865276353597,934.3259221788829,4513.684442432418,11236.336561969834,6146.877214220861
16354,14145,14290,14117,10331.123750792904,2920.236507406148,2715.0994437450704,4651.565900985165,1098.6322203543798,4098.508583027377,10191.468646215872,6547.229484144437
15663,15075,14694,14649,11048.7707393419,3347.8873749321483,2893.5604358575556,4732.42919932511,1133.4173505982737,4212.714660315356,10481.272769991392,6573.5657323628675
15016,12711,18592,12876,9576.147216946989,4210.15076394221,2511.1061998519,4653.597501903856,625.1490134513679,5324.4690097256525,13267.499914442538,4011.6217343300314
13780,15884,14130,14790,11604.21156033206,4063.5766186929986,3040.978478396476,4254.198717195336,1237.9000186771566,4052.341598485161,10077.680786336397,6474.286335128505
14626,15170,14609,13637,11115.931509756123,3489.989237142213,2919.518733526168,4183.279174456339,1133.9215629005623,4188.6676729313185,10420.317077072443,5963.472372064633
14720,14965,16960,14804,11151.674072386093,4403.612130389637,2908.4936552667496,4937.833409984529,905.9930502663875,4858.279099329193,12101.681722120386,5470.519061883064
12240,15743,14770,15192,11558.268054123826,5033.982791480382,3026.197582165702,4127.698261607835,1157.537754570269,4236.271997707963,10533.751121326535,6028.329373066075
12692,17253,13875,15002,12595.785189743252,4377.96314936351,3292.9391399526667,4054.090822372892,1365.0095682302522,3978.4524645545034,9896.591273614486,6574.507163617953
14135,12950,16709,16771,9623.531399093745,5730.483176336513,2514.145881265641,5241.831358047335,812.5013697515706,4791.005166366282,11918.034819197379,5787.818539386488
14280,14074,15178,15028,10348.573203423915,4406.61455781305,2715.1075644881957,4568.009936199018,1009.7306574148176,4353.2904855592005,10824.704059681297,6054.187141696063
13557,18040,12814,15589,13070.493618442342,3832.8559404472408,3413.6692500850518,4233.13823951178,1556.3338448423608,3674.086907862748,9139.96884890712,7512.929123759766
14599,11640,17765,14577,8711.546731796469,5026.671687251533,2287.3087847342426,4893.399016547471,641.1527342903852,5091.902971991365,12673.055094260533,4652.307824837697
15945,17100,14986,12769,12573.15756807632,2329.0217923885607,3287.891302381494,4366.358689129249,1238.6819671731694,4291.481125060811,10694.440235679807,6075.551522927569
15162,14405,15827,14384,10642.758047438532,3855.443934901563,2787.5693878333873,4709.417103258566,975.5605733501172,4536.490646560791,11290.52994727773,5819.890432973556
13264,16666,14943,15649,12252.360247947507,4691.195348848938,3196.3390761173537,4492.991456278103,1216.9876392253634,4282.986088631729,10659.966333936387,6459.904960711143
15487,15615,13199,15596,11323.01963536357,3341.2538881227915,2966.061722423349,4706.584742566352,1325.9584075794596,3786.490969285719,9412.563921963134,7546.30067600274
14712,15643,12331,17402,11269.830275078637,4136.362990340836,2949.35169038566,4860.567220205712,1424.3778487232291,3540.132102501512,8790.866534755996,8399.461116195047
13563,14641,14982,16662,10753.091004278898,5253.6059350579535,2811.53683161496,4814.262691106473,1076.6124996492256,4297.614922093564,10684.34620424433,6594.610462477811
12640,17190,17480,14617,12876.244532923225,5134.671920452719,3345.865211971558,4489.548547392178,965.8929969417186,5004.005853312161,12475.699647167676,4994.455609261615
14568,13888,15109,17695,10202.305676399701,5304.527657952462,2662.8155527281815,5348.16656755298,1024.1653169308725,4334.392093543052,10774.568300560586,7050.0672914029155
14475,16519,19656,9810,12558.093347867452,3019.5930840417973,3279.293058896849,3873.720891065859,685.6594982969913,5620.96090760267,14035.754834878957,2992.232217988261
14136,15048,13330,17643,10918.004130508238,4859.695177165914,2855.4976652134064,4945.74324813896,1275.1001251373486,3826.402131758277,9503.60428531354,7836.483288057724
12900,16261,14294,14350,11900.682965139596,4263.483471869765,3118.571656073577,3982.90123818684,1241.2943848177551,4099.029570488997,10195.009325791467,6105.8477606957795
14204,13530,16219,15400,10021.729532638312,4913.421762737897,2624.8704235380583,4810.565019013897,884.8710484586232,4650.378511388049,11568.649795092451,5676.108836603357
17047,14307,10796,15768,10183.82314356348,2383.395169584773,2683.8246908849105,4687.37628155411,1439.4057926264763,3102.396963881285,7693.513167779203,8690.630801341882
17366,14982,12981,16207,10838.052104225846,2438.3115171133168,2833.1081599362515,5322.462177444842,1309.9305042541835,3724.303770295971,9256.85214972066,8439.927795090125
18505,14336,12494,13680,10333.558783605265,1325.0799267621608,2719.6051104569606,4739.444401500001,1281.9070353156985,3584.747159473356,8909.345912907982,7619.184183590936
16292,14058,16703,12993,10449.777296599877,3060.817344424708,2738.903349379238,4733.911395414083,871.1934039342267,4784.999474039612,11918.08422299848,5202.545899103388
14898,14532,12716,16709,10493.051292630591,4082.729458401808,2754.4140235043055,4776.906418695473,1284.7493428832445,3651.642049289138,9064.360040572092,7844.101105537641
14893,14688,14599,12787,10759.537451086526,3166.5722400580803,2833.2199363512973,3982.7633244109234,1093.8362888617462,4185.868597258737,10413.100533499859,5631.751290718973
14370,13184,13985,16181,9603.210947206233,4643.637818690161,2525.9016505158324,4709.641992157098,1054.6336973149664,4015.7306328526156,9969.259756301737,6830.77655491897
14576,17196,14293,14235,12584.331363282185,3329.907972747874,3288.9672334366633,4325.662726663366,1322.4894170562854,4095.6091286883034,10197.390050395545,6575.5449955909435
16056,12704,13576,18263,9217.922424841781,4495.34446185971,2413.6386578832253,5595.75281112937,1070.397328508841,3899.358353481749,9676.621250005064,8177.74250221974
15564,13163,16350,14296,9755.651976685322,3935.0107388325328,2559.276027850546,4845.362466556242,849.9478445159657,4686.948911420287,11663.141767578256,5517.718416281724
12540,16653,16770,14005,12409.500259719294,4797.080513510994,3235.9134255471818,4177.578966092769,1006.1106969532339,4802.8721295481955,11967.107084606952,5026.091751404102
13922,13940,12500,16037,10049.363131167916,4359.306949299768,2648.70927580825,4362.185186459708,1240.4906055561987,3591.8380578546657,8908.274432643759,7318.23845766591
18276,12296,15114,15096,9023.29487053017,2563.7473967297024,2364.778916368054,5594.36939663263,905.2087456621476,4335.619501445937,10778.425320190941,6925.789969384898
12570,15064,16728,14335,11212.9031307333,5100.456080402291,2932.419664249446,4248.314793308682,917.1586774882945,4793.464511229105,11934.581519727966,4989.049407287605
15031,14555,13653,15393,10584.38943392392,3783.0794350792576,2779.328422957009,4604.580904712603,1190.97841068149,3917.9816991323078,9735.044123569412,7007.506070931427
14656,14124,12745,18860,10194.27002936112,5033.048936312737,2667.410188353836,5278.421695020766,1263.256290046202,3661.2079019190746,9083.7793219521,8550.873907222169
14956,14904,17011,11970,11110.556999808552,3274.9423260587146,2914.1811284830715,4142.640965298824,879.5886328618374,4871.493195559442,12139.542494890247,4553.411066634558
15708,14481,14012,15955,10555.57285283211,3704.116780956486,2764.7160955761738,4981.031800743454,1161.028723503776,4020.003144048991,9992.01851840677,7276.462568956022
12768,17748,13219,15870,12897.49843975831,4446.2704865806145,3367.6931477358394,4193.867391229128,1483.794959738986,3790.859502690194,9428.203266595587,7229.636480069511
12579,15232,15911,14837,11271.662773780876,5089.549233653598,2949.0531810938505,4265.22553979713,1009.9523485483012,4561.137218313112,11349.889227905864,5483.159243635011
13618,15836,16725,13824,11788.80553288876,4354.492949692616,3079.1197421390907,4354.036333074413,967.245297335188,4790.476835737347,11934.502654864089,5112.367866666013
14740,15639,14429,16024,11443.68173226948,4130.310790270011,2989.310359358257,4852.1405950002645,1206.8164626475825,4137.392146699183,10291.61392635898,7045.770177140736
16120,12064,14928,15177,8841.601988133185,3832.469967415718,2327.753208180208,4972.064643151989,894.2138261218984,4284.251551741402,10643.738195178845,6375.105755620321
14284,12196,16832,16725,9067.48181852883,5776.072304516433,2372.433482173512,5275.509091556026,755.6553008247245,4827.027088634173,12004.989980567632,5657.364228152823
16524,16660,13212,12345,12092.25106433159,1796.5168349230332,3177.1412706165856,4039.9392548394953,1390.8798503398987,3786.1198631726393,9425.887752450186,6520.151135156383
15428,15975,14416,12482,11693.875844643539,2628.5072406540085,3071.8985445587923,4010.3296106638527,1208.8191244818138,4131.132943526848,10284.789369131646,5840.8393076299335
14275,18578,12070,14076,13394.230092221133,2810.4139797615526,3506.458624619502,3894.482661346689,1677.3517128392095,3459.9600628079415,8609.98811225712,7372.745256365365
13340,13538,14512,16433,9903.207306458651,5285.66257412611,2600.320629939104,4630.551524131248,1033.8910660570627,4166.03014379945,10345.915936720889,6518.253075442858
12312,16350,19161,12354,12393.006553575196,4801.406439432783,3227.78753641618,4034.0261992762253,728.4623783203392,5482.840836825717,13678.405362725585,3534.521460075539
15826,14478,13175,14280,10491.715381861639,2982.1307041883524,2762.3718133425873,4393.426855178122,1223.2247482816879,3780.7656293702644,9394.269896502059,6903.740360502787
14209,15610,14760,13680,11454.683991636382,3654.7205304916824,3005.047297531599,4134.547631185564,1149.5519889985817,4231.289826646049,10528.69558945913,5890.781275585944
13380,16183,18614,13860,12213.768843275348,4905.514337437214,3175.938053170892,4644.728850232055,787.9040660734221,5327.432444325341,13286.367497220288,4322.133722302102
15603,14732,17017,12582,10980.326132185695,3219.1403361086655,2876.0946175510517,4499.80210311384,876.6271472210244,4873.470009240657,12143.576416581487,4868.788405275979
14007,12638,17328,16286,9433.645280648981,5796.499077298863,2465.70581787099,5175.7039659473685,739.099110864506,4967.30163531347,12360.716137129863,5299.76996858674
12144,14003,13292,19138,10151.585335391379,6584.8510356846145,2658.991447855351,4863.4851452594385,1192.0765760587772,3819.7478770719927,9472.204681367373,7699.733034189307
14747,14981,12390,15328,10797.792799665054,3586.583798035434,2841.1421890769248,4336.565446501866,1341.3148156443888,3557.5874190263785,8832.4481415171,7412.3668013867555
13913,13020,15419,16614,9584.230733720662,5406.107535726134,2512.44353410995,4938.096398982306,924.2622259798131,4424.388068019427,10994.55478325871,6268.676606563676
12547,15048,15594,15894,11107.57851489082,5499.228663378457,2903.995210934827,4483.421151642819,1035.944635867208,4471.658350678031,11122.344444839582,5911.85256435179
14662,15113,16133,12930,11196.747740542363,3536.335577616865,2935.7684903283425,4225.697592841909,980.0383891255401,4622.086084708355,11510.921523607001,5166.253508253251
16956,13056,11178,16066,9312.70415280624,2802.360530960865,2459.1327420433136,4798.30960343353,1285.326231922039,3213.7689943095224,7964.245908312294,8464.328360143998
15445,14280,16295,11496,10586.970536172503,2871.341345217387,2786.6701390775797,3963.3519946766683,906.3224755765954,4668.006426147958,11626.98416222912,4653.95962075393
13567,17330,15147,12420,12768.930436751827,3334.415767662832,3342.7002462256282,3729.9001351268253,1219.3023075247672,4338.566586964429,10808.37903922185,5349.299586861465
18314,14832,14669,12004,10865.40230333012,1241.687234503573,2854.315793898908,4608.362095548007,1112.6527588342287,4202.932808808381,10465.936082414155,6153.192478147733
12393,15732,14439,16872,11518.397313095855,5591.018807170509,3009.3505568664477,4530.044399811012,1203.5771601608196,4142.318765154223,10296.640082944763,6751.289924438112
16653,14807,15514,13942,10914.296759872646,2781.447766928428,2855.8839612304846,4937.517687645559,1037.7033268024456,4445.656182124143,11068.322072941752,6221.655998726045
12914,13702,16143,15727,10146.789388363773,5574.03284710002,2657.9487113912974,4593.562589983784,897.1164062305262,4629.533334733637,11513.448266506795,5561.0425280536265
14626,12272,15400,16195,9027.468365570427,4999.931732769503,2371.49622860439,4982.306828032906,872.3272523847658,4419.566423535114,10980.365791027565,6212.35639520635
15367,14592,12338,18515,10502.643468799923,4324.316483803158,2746.873638355185,5297.109639240635,1343.0395186965716,3543.669416905067,8794.325808858634,8895.4352513251
16564,11910,16237,15175,8812.360543432816,3916.71129379778,2312.102360449644,5325.442001273722,784.6554886336345,4656.646014033688,11580.48317663435,5934.33040349674
12264,14946,16515,17011,11105.651615296876,6395.681362462834,2893.2329529215986,4838.711631156464,947.5589748813525,4734.02011801803,11780.985652921967,5773.415050360494
18154,14002,15661,12518,10327.166682466275,1725.7286667874212,2709.5111413476725,4906.780933785188,966.6341199515183,4487.260514709815,11173.699537127304,5876.08371603873
12026,16591,14421,14076,12161.089798831832,4486.220666028123,3185.492330853408,3758.1106464206564,1244.9226422281943,4135.373007036307,10285.698223127969,5827.766082873755
11633,12116,17389,17088,9048.611485398416,7276.696474933391,2368.0569250409335,4833.147738030904,696.0597675462487,4987.103939078854,12401.74422987104,4979.190912114767
11457,18758,16714,11960,13998.505046269032,4121.302152151939,3645.54338035323,3428.1185729369045,1123.4889459879032,4783.868609781801,11930.229053788276,4407.440470016831
13764,16792,14092,15680,12268.511860995066,4244.321239382824,3203.877697927721,4485.703539162522,1319.7805038840515,4040.1580095267636,10051.85576298756,6948.395923632126
15549,13041,16444,13254,9671.938089807758,3604.729459479306,2543.2841916152397,4534.740435265894,827.1698001908458,4713.325974632586,11730.759115414963,5112.29358920905
16767,12190,16326,14536,9027.014975417476,3559.3935188374726,2369.0741298168537,5212.114868778481,793.8255082651567,4681.147221023359,11645.00341354499,5765.062769724507
15383,13201,16780,15879,9814.58268603888,4715.506191359745,2563.182128722404,5347.278399732457,823.0509772165568,4809.834359907831,11970.249228076878,5818.067052568394
14642,14295,14770,14555,10480.825314864296,3948.2644213118074,2752.5786375651983,4457.901846675558,1060.6818012398603,4236.365171466427,10533.630538598478,6147.550131460977
12330,16344,17789,14322,12266.736528890018,5328.196492284016,3192.9664638209215,4368.987814145783,882.4650916095768,5093.3640144145875,12695.556519952763,4625.757508528271
13721,15820,12401,15760,11411.345908697076,4076.6923106567565,2996.342743092928,4244.8650905855775,1411.9164721389614,3560.3664289531366,8840.648611566045,7449.69352964913
14976,14251,14034,14118,10392.375912344909,3516.340645327115,2735.602552015014,4293.957989646455,1121.5886701119477,4026.4309524469527,10007.58507689786,6311.45342632456
13940,14256,14716,15914,10447.790285739398,4766.686183100459,2738.820407563149,4661.170557356314,1069.135111162794,4222.144429762882,10493.837206239456,6487.2309744515305
14198,15102,14874,16975,11083.628596737512,4961.69461210372,2891.999260528714,5039.131557718564,1126.777351938846,4265.553133978483,10608.41317515247,6981.64108434496
15415,13786,15999,16065,10193.440604499621,4473.423488832675,2662.105348425145,5281.2108808005,931.893948937689,4586.817511985246,11412.21918246492,6318.369661215519
17842,13568,14136,15102,9892.078202380213,2393.649983584255,2592.5315459184067,5308.870412756829,1082.8711160390949,4055.198114480282,10080.82390419671,7391.2296077115525
11389,16312,16122,16280,12098.223528024539,6161.558846418911,3150.7048812470966,4408.938417491949,1061.582916466603,4620.714265935318,11501.305611111888,5707.67785130845
14076,12787,15688,17394,9429.473247891703,5760.439202332353,2467.2911411795226,5223.4592843015525,889.2866049130614,4501.307950086675,11186.646816183798,6403.425718917536
17089,12871,15504,12726,9478.562520188609,2581.3054853915596,2497.473278648783,4582.9536289691605,896.7166096964484,4444.920316539261,11059.079991308656,5565.370214596541
15904,13988,17559,14200,10462.663963757019,3847.5097617044935,2730.9922628198437,5177.177309463505,795.5484814196758,5029.374683893657,12529.682555477164,5171.552149338397
15554,13925,14507,14452,10186.271706213545,3495.333747066761,2677.5881721826963,4589.426877090782,1060.7427702496452,4161.390125499136,10345.602122294775,6370.1501327454735
15129,15960,14070,15066,11650.644139081189,3478.443722294927,3048.1856016415322,4628.606200233064,1261.7312411928492,4034.08476555799,10035.939629572349,6960.22445874714
14590,16511,14520,13028,12100.549976715032,3098.3074420273124,3172.673440939159,4012.124838212929,1237.3491489196037,4160.859925778157,10359.099557011377,5913.689484807975
14795,16968,14835,11634,12467.793202643892,2583.7570230293204,3271.4990415764887,3704.8565333353604,1228.9047221145102,4248.84029165358,10586.04624954141,5339.055048796682
15038,14270,14728,13163,10459.920001034108,3304.814837231348,2754.127575949767,4137.090331367928,1054.1101874835963,4223.3902855428405,10504.58778352753,5718.85435618937
14214,13479,14342,14547,9847.90300188284,4151.034525811623,2594.7449102182954,4288.026251000507,1034.1285304480061,4116.2118289895025,10225.790881388592,6109.170308959049
13473,13905,15868,15725,10276.309066644804,5237.044786156419,2691.1696776406807,4677.779928520348,937.9242616645892,4550.628867262334,11317.368552965323,5810.93295162491
12803,15758,14032,15307,11505.560856790782,4673.158170655035,3015.4928323600616,4170.017009186163,1235.6878248895016,4025.7568880132394,10006.279640391003,6465.969398952096
15762,19146,11685,13282,13763.693066706157,1719.4462679946064,3603.8665781429754,3945.430873753334,1775.0627826234213,3347.606328935782,8337.37240163456,7628.57147265488
14957,15578,14935,15564,11440.867034386858,3981.5936556542906,2987.7650410992946,4867.731095127945,1150.0924676387865,4281.230049501088,10653.75291128173,6722.172994265551
17788,14982,13603,13405,10891.307489830815,1675.5096348316924,2859.792051731083,4707.055717283506,1230.507978805668,3900.133618311017,9702.869067523587,7021.977575683738
14481,16991,14193,14255,12424.463936104587,3398.4235493616975,3249.3043530121195,4288.593392088422,1317.1373583280804,4067.577226471254,10125.4297999623,6564.197036715708
15696,13986,18519,12563,10535.20677746087,3578.735830588312,2754.94667088609,4783.465200943188,695.6800734205378,5301.781875485518,13217.316088645799,4200.617257329552
14638,14652,14216,16336,10698.873429485477,4407.757106101348,2801.010021326256,4860.136986377345,1152.419649884704,4078.7032877049232,10137.290595589842,7068.973889223708
13969,18630,11385,15646,13363.322370677342,3262.4795432041956,3493.776763297639,4127.977036105496,1772.1369246837587,3265.203421996014,8119.60415089526,8235.08221821194
14746,13795,15084,16432,10132.573306279693,4734.917128695478,2652.011108782298,5044.166621095668,1011.3638650037565,4327.123405915881,10756.860461935248,6655.375150197453
15439,17328,14703,12586,12718.48734018934,2470.2242696189396,3328.6922788542543,4133.498955026211,1280.4685695645533,4210.779214290159,10492.15163629071,5986.523422221396
14938,11640,17234,16129,8676.685508343595,5396.5323303932855,2272.427112514775,5337.616985362154,691.152288218516,4941.541030852879,12292.496317639343,5378.321391624764
11789,17264,14268,16709,12639.189730247894,5546.833746395402,3294.1344017474944,4337.434178958925,1331.4175073160447,4091.4457252967286,10176.552878333816,6821.610566367521
13195,16049,13509,15529,11673.920869405381,4430.549008795581,3059.0464734703596,4235.1444041539235,1315.3609428957666,3876.0400910085364,9633.00481553344,6866.015417476249
14303,16831,15293,12852,12406.590206953782,3261.8137900978,3247.328284548233,4025.0761201116215,1176.566654508741,4380.537766445512,10912.389916744409,5559.206017177656
12838,15884,13919,13942,11592.261231043238,4104.8174596934205,3044.5650421438713,3807.7026022086175,1245.564062770614,3992.7980976793015,9926.282349234163,6029.621495855756
16434,13429,17338,11858,10026.240488290112,2853.812043587633,2634.3191385987984,4490.065004074755,771.7428799058902,4965.804442776902,12372.278669342766,4518.427642019409
14017,15620,15356,12848,11512.953755597318,3561.32347970906,3021.4606897556587,3946.4839329853903,1084.3696404264088,4400.616411156507,10955.3600890919,5337.442078826867
16443,16978,10660,15565,12093.853747680394,2099.6865968136144,3171.0430566719724,4512.397207089785,1712.88331402914,3059.1865163516236,7600.569224317671,8934.229838008978
17770,14195,13266,13545,10289.803160224405,1854.7621201622442,2708.3429937420588,4646.817488540272,1196.3028194195244,3805.4017394523253,9460.590478702146,7045.555452976835
16170,16506,14544,11495,12095.86024965992,1969.080905963872,3177.261962769485,3915.7658554375653,1232.6924965621129,4165.577219119605,10378.274771274926,5614.658017171048
13670,17010,15509,14619,12558.569954118257,4192.013259502068,3275.3346748982167,4409.540565421554,1175.3505931413324,4442.843019310829,11066.065008170346,6014.918094326564
15760,13968,15288,14784,10275.631141025864,3649.1967933709584,2693.4923736931314,4873.812011842107,1000.0805724221515,4383.622364713699,10904.386655400785,6263.615610606815
14359,14238,16684,15360,10585.662796588262,4846.950605029981,2764.8836087936506,4930.0270241532135,889.1614049534738,4781.338869177764,11902.692351193196,5586.953468864935
17207,14782,12886,14214,10688.980880802272,2143.7780184666854,2809.712365562097,4656.3220189810145,1283.0872020420406,3696.881648193703,9189.159822366655,7412.823823558765
13941,15552,16056,15525,11517.71704807254,4760.9016737005,3003.904928478608,4788.76353477915,1030.7523006988863,4600.918458861668,11455.033251345398,5979.790341754519
14975,13398,18424,14941,10084.299802048592,4946.713010571552,2629.066884693757,5277.408909965967,685.5861829948889,5276.834806955087,13147.153688880908,4716.006216215956
13660,16719,14352,14562,12240.321298918701,3965.467941788646,3201.8460011800653,4207.966130938428,1276.6633484874944,4114.120917449952,10237.88471861323,6388.204195472912
16614,14137,17063,12341,10536.106374181256,2741.9425202130888,2761.7955927243065,4686.862366250333,841.4018695442013,4886.815141380668,12176.26617834545,4914.166399973098
18942,11524,14753,16744,8429.394836801523,2633.9428072774467,2202.5972588735162,6214.881096901163,887.7292521265207,4234.5118953514175,10518.564585561162,7889.141639640646
16365,14490,13570,13921,10530.188771873298,2681.4716997204987,2770.5542883734606,4477.820028699483,1188.8378546159572,3892.7092660846465,9677.288984861289,6761.213694135725
16966,14260,12515,16371,10276.934157154352,2847.915325449245,2695.132525046723,5142.409261152638,1287.8557959780828,3593.1000803109446,8921.954493742496,8376.63506103049
16519,12774,12706,16646,9211.747818893542,3514.9804762759295,2424.1623862097767,5112.961106852989,1139.1204056114402,3650.630149967742,9055.39456687483,8015.480176173158
12846,19618,14314,13298,14388.647398631092,3462.0223018880506,3750.6736331844877,3728.4372059836405,1480.1846826903284,4098.663511452407,10215.331621670703,6097.822247119181
12841,15552,15013,15577,11433.948931849387,5026.530930191691,2990.7365613306793,4384.105566524157,1126.816786118103,4305.247052846879,10707.74752069191,6166.349716094909
13594,11183,18377,16054,8407.33358688643,6354.654143942209,2201.0397516105404,5160.87775953555,575.3896350802895,5267.264555562089,13109.453231202704,4517.801501301215
14191,15768,15492,14420,11631.829426296943,4052.0094009378536,3041.738794657409,4454.079785247575,1094.272374187447,4439.64358299045,11052.327835485597,5910.678202657057
14671,16039,14616,13398,11758.946542694459,3265.5334631853875,3083.5315117255136,4141.653828683857,1196.1241071221932,4189.086694431746,10426.879799524184,5987.4430997497
13920,14555,15750,13940,10751.592599838432,4214.671706366532,2820.7489006677724,4279.181982149477,981.868422127681,4515.008242256214,11235.000040658633,5445.861871533209
12450,16340,13266,15263,11871.162577519399,4556.999270142905,3112.384574416318,3985.389437865219,1356.3057718242626,3807.0128378457,9459.070538701122,6724.1904909924715
15676,15509,15577,13572,11443.245697287864,3097.3437555135292,2994.905340345943,4589.5653378085135,1071.230750982111,4462.870103648538,11114.081694161634,5888.332167749317
17648,12566,15407,12920,9245.434193197732,2386.4713908187064,2435.47689677267,4767.758988284093,886.9276398060443,4417.627425163157,10989.374482495228,5771.447084644116
14991,13640,15611,15890,10056.879590550914,4561.54454407887,2632.246518383381,5042.907763825524,951.8816292859918,4476.95457760526,11134.063186674228,6288.616905741066
14260,15431,17947,14832,11584.805096494769,4819.772856124924,3013.152126790227,5022.9225643238,833.6350192665424,5138.552582405352,12808.221171747706,5000.54512772664
12383,17956,12447,16871,12977.927514148447,4780.449315303363,3387.136537063854,4248.879374425527,1592.7427716005195,3571.143146580729,8875.960174992422,7836.107124059103
13952,13237,15450,17024,9747.038620881041,5537.406284175389,2551.350316309992,5062.062181508378,939.9733273112811,4432.904959869342,11017.049949880366,6421.994935570367
14904,14755,16754,12578,10978.306876023105,3478.6909044213453,2878.631077555412,4271.212830186938,898.2250074095291,4798.974632318274,11955.069033135682,4827.298708184013
10356,16257,14520,17854,11920.195829990424,6866.786211619498,3107.989878102798,4341.447955944863,1228.6746372151083,4166.697971685899,10353.290489700154,6637.265607961383
14781,15423,14479,14784,11290.203569242502,3738.0554545766818,2957.5171338625873,4524.45986670989,1175.629834617749,4151.631323991542,10327.365224872801,6524.325492833124
13905,16482,14521,13941,12080.157404188352,3706.908252469741,3163.5293877476506,4117.117842233119,1237.9263435236521,4162.1891716439595,10358.80403975114,6115.749542139896
19050,12640,13940,14605,9197.698869658181,1685.063301285427,2415.312163740523,5433.127209379897,1024.7698582093249,4000.030533550449,9939.978661717221,7480.108255897779
16695,14560,16868,10200,10838.794686985228,2016.7695279505426,2852.5182345094463,3951.2646082083975,867.3686800189926,4829.137793084722,12038.888981761806,4241.523480615004
15458,13486,14175,13926,9839.694809521094,3375.872894563752,2594.208854202954,4353.0779068337515,1050.742951948939,4067.3390388609305,10107.666968944613,6199.24508097571
15722,15274,14832,12724,11209.062993670224,2736.0600535976623,2944.7921001799295,4201.62179778711,1119.986319714362,4250.663008633256,10581.26267068552,5784.700315240572
14831,17065,12750,14670,12348.418305014156,3070.4179706782556,3234.6808472052708,4253.144679089645,1481.4492552212391,3656.2129697764194,9093.82700789531,7341.058095559149
15495,15994,12600,14575,11552.237865274634,2872.834557201406,3033.2382066577356,4334.641093029025,1408.3072771935392,3614.730615181007,8985.302653738032,7364.621400422822
15424,13936,14679,15387,10206.323414343718,3898.5679892003895,2676.8408204744605,4855.071335058003,1053.0983355949816,4210.834244835423,10468.161029268886,6634.360297261779
13464,12296,20143,14427,9370.791418398374,6022.512762879129,2444.9522092122947,4990.311554954243,480.9816455917353,5766.797563290793,14376.066933141277,3390.594460712621
14558,15123,16505,12836,11234.579679947496,3619.3340354308416,2944.0862653297095,4235.1047134517075,943.9937580251838,4727.930955303562,11777.091351216935,4978.8791821760415
15155,13873,16055,14256,10264.12425052656,3943.755069723606,2691.159258542204,4695.9769108609635,918.7893577421119,4602.151369294441,11452.896995301933,5617.037440657228
15399,14219,13663,15960,10337.20138811908,3838.204337961376,2712.425199599154,4841.5125764007535,1169.5897437136246,3921.3277982881,9741.689616359745,7279.8906945690005
17208,15620,13860,13407,11380.931361919978,1911.2957900676226,2984.6268975764942,4627.624966371257,1255.0501226431068,3972.686194198188,9887.314186308311,6867.884044350131
18870,16577,10646,14646,11801.528397135684,448.1176219440868,3091.932664927609,4864.805040625563,1681.7818634196437,3054.25798507036,7592.106183131165,9359.634487548597
12561,15676,17416,11948,11731.909869438468,4181.130363054099,3071.9527219510483,3692.0306353701008,874.2382723568323,4987.070130843596,12429.024516231835,4087.1631410901796
14454,15477,15833,15280,11442.15259927413,4366.224200697986,2986.153502487467,4812.451379726952,1049.2620363478204,4537.185241330653,11295.773286048974,6106.365970950041
13873,15476,15518,14872,11417.277994137634,4417.300779590808,2985.525861014865,4503.347739408011,1073.1191691627405,4447.927203031029,11070.059636173837,5949.319685852621
11823,12530,16407,16928,9291.845746195417,6774.817447265255,2435.38619590213,4693.836962365916,801.9257684968812,4707.563117994812,11699.277154746771,5453.90766802131
15696,13860,18350,12420,10427.026398172555,3512.4074772343834,2729.3521136595245,4694.709816732904,703.462727863941,5253.782969072681,13096.300802886986,4213.381319824064
18293,13507,13599,15571,9807.391930312264,2128.997004780746,2568.9454893852744,5473.454790308914,1129.492148913223,3902.27673634285,9696.806748298512,7959.976426022566
14389,17361,13936,14387,12674.183497476397,3374.007343744537,3313.101709070469,4268.5598314734225,1373.582694933759,3993.8739539205853,9942.152732066987,6739.223540413564
15551,15565,12569,14807,11236.46445250302,2977.5068529999767,2952.0526357514955,4399.509639521849,1376.2719502439866,3606.687571426716,8962.343707191987,7427.178921063482
17279,10816,15179,16470,7935.509324365998,3921.524177321866,2084.369578024873,5681.203907387364,795.5962539799417,4357.65683185108,10821.34418941086,6869.986879356681
15600,12695,12505,17784,9140.081426115732,4333.932776760096,2403.9250811958855,5170.3213975581275,1152.5225725362568,3594.5859268111503,8910.413026875392,8274.48061738913
13356,14464,14696,17817,10598.584226449737,5775.319536778372,2768.3891695886414,5017.419044585216,1097.7874543441712,4216.908670383222,10479.005202660106,7026.765178511162
13757,14840,16836,12807,11051.293548950602,4042.409686475243,2897.310773916933,4089.978579104987,890.510638138633,4822.989519513065,12013.05628904398,4672.762952878131
14350,13908,15109,15624,10219.678216399698,4608.221213572438,2679.4512556953578,4734.291278176484,1008.8955963199174,4334.107589557823,10774.881321698276,6282.179603450879
14074,15204,15835,13226,11241.914895003385,3816.4736397010442,2948.161050040383,4133.2262304203305,1012.9245938632687,4537.717479060193,11297.284078347446,5270.852519003394
12663,14940,14326,15508,10926.210394284455,4977.319807992518,2866.574610293158,4229.35911159827,1145.383943015879,4111.037627861995,10214.978645931467,6298.905727139215
12785,14271,14720,18468,10458.079506966245,6366.007146526056,2730.7895849953584,5050.5397102345505,1082.8893926578885,4224.648797206399,10495.225407254537,7055.875664821853
15820,10908,13545,18449,7906.923149530686,5003.805086904621,2079.4555630135233,5559.633069826097,921.374629358487,3894.097049951019,9650.863884691928,7886.881815370054
13680,14144,17892,15915,10610.082972943906,5748.271982348898,2763.028405185493,5119.184462373526,771.9511114567664,5125.432489581381,12766.496240749811,5044.622520838474
14964,15148,13696,15750,11022.284259754415,3848.068393493553,2888.0622362531026,4700.514477405817,1237.6295320594704,3929.3615133983267,9766.667464496235,7204.450148874055
14350,15264,14915,14988,11209.111548532212,4129.3443480074475,2934.5054010740428,4547.45142824972,1120.6578367027366,4276.3981125067385,10638.590776813504,6309.028818744569
13340,14175,18372,15181,10671.575193398316,5706.1843631364,2780.9750798485857,4910.058715921434,724.2927686263135,5261.805887321656,13110.105873337889,4562.083408308496
17410,14272,13362,13291,10354.19571151832,2000.582409244209,2727.123672432774,4495.414519622038,1190.1326917128588,3832.6788944538966,9529.291178959862,6797.496633183988
14333,14158,13797,15324,10305.72144729722,4172.248111241939,2709.9052320560677,4451.913778701975,1141.3124736197083,3960.227660721491,9836.803128461783,6702.26592004172
13625,15190,16708,12933,11303.733448072893,4074.7600233244084,2961.439896475532,4084.945416549185,923.7849010138643,4786.228253090131,11921.80808988427,4770.270598395775
18896,12801,13292,12157,9275.941520920522,1280.682629541702,2454.0801087546306,4435.717341951233,1071.1171978530604,3813.1888135066556,9478.734266598749,6438.654715924513
13099,13051,17091,13974,9728.911728424653,5036.899820641709,2555.1921556408884,4291.13077840465,765.8591725312967,4898.987946776,12191.977713904005,4649.592769113733
14770,13714,14733,15504,10047.558270041018,4305.258491646338,2637.438001436154,4737.0080547496345,1028.9675218492805,4227.106748326965,10505.881540950862,6462.240889406187
13134,15682,15331,14903,11557.014512222024,4687.57115174952,3023.1167735545305,4319.711799722122,1101.1478636300735,4395.0182441506695,10935.98134458977,5894.535075436403
13511,15829,17441,15192,11843.823954105355,5153.154219895106,3081.2185039096703,4834.785685667734,903.6937729946126,4994.564296429918,12446.24866669398,5212.200188631528
13388,16188,13690,15117,11791.640677912972,4218.09647900944,3089.6233376033633,4195.971064874968,1305.939615137642,3927.0201509033595,9763.0253501068,6706.982607151435
13760,14123,16668,14673,10499.939934753012,4848.205413030479,2748.5356278055187,4585.377033704364,875.0719707976051,4777.124503488442,11890.913209933951,5241.659579558891
11710,14477,18526,13609,10916.396844963292,5624.166443840351,2852.515971428007,4122.357921610939,707.2174068067496,5305.48941125581,13220.539307392333,3878.7546145932915
13467,14112,15696,15511,10417.486888208728,5080.028025997488,2728.981554208184,4595.288385764792,965.6506777370654,4501.332494514888,11194.663558644219,5837.018426811046
14541,16152,13797,14430,11771.655458670379,3483.922984248517,3085.5234755651345,4275.26936740794,1294.8903672341098,3956.269566193496,9840.76141339307,6670.184353614315
12567,17775,14976,14993,13083.137601479066,4606.190337869636,3409.91326892508,4183.046979776946,1281.7070991036248,4290.940001856615,10685.001610314332,6194.039752551394
16914,13268,16876,12842,9870.990456135092,2858.5735661921426,2589.9676104380446,4861.239519072764,810.0331923415145,4835.03551851078,12041.097966512712,5123.237393628385
15890,13504,14761,15033,9893.16230648811,3632.6494341669936,2597.585662317986,4874.185159174676,1013.5792661984998,4234.434315133078,10526.562306477888,6527.129373110236
13652,16354,12761,15513,11832.236617793807,4019.9204210922526,3102.190860378795,4220.809783327933,1419.356549970755,3661.983565211206,9099.054258115475,7280.52087125442
16800,15549,12921,15566,11249.192689171465,2521.6149666997894,2944.139058480314,4981.855645953216,1355.5152112960495,3706.3885393472924,9214.7166934889,8051.682363062862
16240,15640,14093,12193,11418.553661471571,2189.146984767557,3003.6493008860807,4045.350511332167,1217.6545689097995,4038.8600999894084,10054.0371260876,5959.703063849112
14759,10514,19614,15898,7977.72764200135,6208.592094977914,2081.703831217172,5629.658604418268,459.81861278876306,5618.753876801486,13994.955817868406,3997.512347003384
16387,12798,15013,15046,9389.01056514391,3551.2809782758177,2466.502334454154,5032.958905616366,943.141812625172,4307.019977759628,10705.990283754903,6463.321167376517
12960,16340,16100,15191,12112.948038625824,4985.6258458015955,3157.8858120582986,4479.860292115736,1068.181671482465,4612.809929912326,11487.133974073211,5722.605325551366
14415,13835,14272,14904,10104.142754111455,4132.337795672068,2658.1769906055965,4423.467010924671,1071.3566183678672,4095.7331554750735,10176.274986243168,6350.345334120899
15225,16640,13998,13364,12147.70112827019,2794.8985184921903,3184.131547395984,4172.090215038895,1308.1635002767557,4011.6673422268195,9986.327247287934,6397.792147451772
13753,15352,16229,15176,11383.635656626713,4784.767362537369,2971.610354812568,4671.226165805063,996.9495110753643,4650.519479877211,11578.465049831153,5721.580528407295
16644,11065,14760,16331,8094.175911717028,4085.2057842055174,2130.038830482722,5393.083558402919,839.9896258397285,4238.311718726564,10521.643596628259,6856.616327844083
13344,17232,14136,16195,12597.422953378156,4576.231401495306,3284.4378609083788,4532.880068338089,1350.1727182893017,4052.318216484916,10083.690444130814,7079.375961741984
15138,17628,10633,15878,12562.638492108896,2768.7551918008635,3291.81175316426,4309.745097748003,1773.1891831460105,3051.4874394121757,7581.160997736453,8775.4344087866
17328,13740,14761,13709,10066.657741441333,2434.0292765983577,2644.3916170248076,4856.7859081376355,1029.7495438444407,4232.486762483903,10528.473320846493,6417.97285652214
14263,15194,16519,13167,11289.428208473473,3858.012515536219,2956.5581599099287,4268.300795227584,947.5471630258899,4732.159225215514,11786.861573715887,5035.480305629633
12376,12360,14105,18340,9006.889666277046,6552.0413073512045,2366.628413075189,4835.852318783753,986.009796205393,4053.7363553650735,10051.175949349225,6941.030908291717
14849,14917,14932,14922,10952.52264945978,3923.3100062104427,2868.6354699618923,4644.879947201296,1096.4171961762024,4281.416286137956,10650.57376115383,6353.721314297356
14936,13115,16665,14697,9743.131337242128,4463.177371081733,2553.8842693049496,4857.5287027843615,819.8368674896519,4777.108383856084,11887.969401568229,5377.8087461040095
13764,12928,16007,16269,9557.996376396073,5497.536188888095,2504.828275198805,4901.968717464477,866.0180724374022,4591.664887046505,11415.301803798968,5867.232682816867
13954,14322,16787,13336,10658.3553605073,4224.280027948708,2794.828194904795,4270.961029531416,868.3945276393268,4809.954227360367,11977.09547987855,4841.598779039876
15025,15456,14649,13356,11329.788325259475,3185.2440430653455,2974.259653880144,4202.831837412599,1151.6123220537384,4199.134077481247,10449.829097612252,5965.019627079229
18526,13130,13260,13117,9512.171575231687,1570.5664456837455,2510.309005583705,4666.660665316571,1107.2590103325374,3804.5999896162803,9455.359846642872,6885.459831541707
16042,14842,12810,15833,10725.75392939842,3179.338321334781,2814.017873205714,4824.460219582781,1302.3973683007623,3676.6601068128857,9133.381155751376,7827.119060512009
13691,16614,13845,14520,12118.630234074139,3847.005699853503,3174.0174085277795,4128.778736567003,1321.3780813725054,3969.9270763618347,9875.112248813919,6547.428533872792
11800,16224,13618,15501,11818.36059406439,4999.955946030008,3096.7255148380664,3960.1592831049566,1308.7558310648537,3908.206598124695,9709.875518822855,6531.2954422801995
10927,15900,14815,16311,11681.754842466384,6032.274565921766,3053.055396883471,4139.531552491211,1163.851453801862,4250.425358588023,10564.601376590763,6121.694999238083
13080,17710,13710,15249,12914.724754046136,4191.5663431321045,3372.3397257691117,4174.187336509312,1423.4687020560307,3930.316030865426,9779.724012512605,6880.974123050689
14386,18454,12491,15570,13338.12314446818,3258.00176754682,3481.206798646137,4366.208842621436,1633.6502855836325,3580.427968029244,8910.626631603998,7926.47228153057
12528,16322,17264,14080,12203.78360848716,5000.063654386532,3181.0357501628396,4266.5466602880515,935.523198728268,4943.89240690706,12320.080208449112,4812.441556238456
13498,14839,14622,14606,10874.100466333006,4361.209600598427,2854.997573841193,4208.3610722669955,1107.9960609618142,4194.310180148637,10427.699033167057,6037.7724945292375
14780,16237,12585,17137,11724.17776960856,3962.1224490795116,3063.686230008412,4855.658653940391,1449.4633812064442,3611.2700927182013,8973.78635335036,8316.538952242274
16720,14666,15400,11679,10802.682739887285,2170.235468008503,2842.2732483781724,4193.538293204039,1021.4889917317678,4412.020141485551,10987.867714556607,5317.617327549875
17473,13506,14297,14855,9859.013689963469,2610.8637223321207,2586.5486898198324,5155.421943143294,1060.3812567333807,4101.248515224374,10195.748851414624,7085.4470173452955
14774,16125,11819,16502,11579.231053808835,3627.585021304692,3035.148946307015,4565.566292201534,1510.928060328748,3393.0571051885127,8425.846660085128,8298.925660066856
12720,14445,15855,16960,10677.92048064518,6038.145782348829,2788.123560241459,4827.900937791728,979.7265506546119,4546.92389581846,11308.058982081986,6092.808557995386
13115,13248,16636,16404,9843.154009729065,5981.188655399781,2574.6251132587395,4886.938203570391,832.0564901352462,4770.379884870124,11865.6205687968,5532.506958041258
16447,14454,11077,19214,10302.344845618238,3623.5160959255595,2694.0469956310103,5528.578675904822,1457.2386831962756,3183.554526461173,7893.190803820116,10078.58168249666
15070,16360,13292,13975,11880.601435780505,2969.378396183284,3117.157725136889,4191.239254840205,1361.6513959680383,3811.419221658561,9480.624206733175,6813.672824712619
14273,14170,16217,15891,10498.649318840318,4991.657139487017,2742.686213679173,4974.183778696124,930.4344297014666,4648.875311588825,11568.149298890583,5927.545329136503
14354,15645,16047,13984,11586.668672838354,3956.840544250464,3029.4156201479695,4459.644793127451,1028.7304252843246,4597.460083812175,11449.51425511115,5565.022129540721
14283,14420,15785,14835,10652.237484771647,4426.143869141174,2789.8330398632074,4616.039440636594,978.4461988832943,4525.29352296598,11259.722291764076,5793.3217136661315
15363,16828,16261,12019,12487.026916347348,2679.7425090311685,3265.3119313945126,4202.2289769872095,1075.4818130433137,4654.918518207082,11605.951620013158,5140.080939148406
14144,13314,16131,15292,9854.359268750795,4901.987888501934,2583.593968576516,4749.268502426188,877.1994708994807,4625.700863682306,11505.311531366278,5641.3919908942435
17329,14740,16501,11605,10942.705472781905,1955.0217385673352,2870.263778851915,4563.142349278802,927.7769050307503,4725.129196475822,11775.851676075767,5085.603438258186
11108,19110,13205,14423,13912.206007688113,4429.75852439576,3631.0680342303217,3527.178320493167,1569.4769225581465,3785.9879731337387,9419.156317608207,6478.856946304051
15101,16725,15960,11253,12385.131991557602,2549.496560491692,3246.4688220485045,3833.109384158085,1094.0417236360036,4569.095558340203,11390.789018001726,4869.612483274759
14840,14950,13289,16625,10843.333464732632,4142.017008540638,2840.479065511351,4836.881277316121,1266.4756505670373,3814.1345074265573,9474.889465630362,7642.975268770425
16693,13325,13475,14812,9668.902905942283,2945.3059979968334,2546.06554720661,4775.861633346693,1110.0004755663876,3867.8387058646567,9607.175696412354,7093.1693800580815
14700,17325,11178,17297,12390.59050101797,3548.618523269825,3238.3695811264297,4657.063271557254,1696.337550681073,3208.174836350035,7969.616027041254,9069.74850575473
14070,13826,17409,15387,10332.70495854382,5243.681368397598,2697.5963787051223,4980.05987699732,797.8758595128025,4988.257412482762,12420.757725435476,5163.382440585003
16429,12006,16455,15126,8898.316954065758,4004.0085243974154,2333.5670353709083,5317.512206516467,773.7021419468533,4718.534573858499,11736.609921968684,5805.261584704421
12932,16447,15926,15572,12177.17138812213,5097.1095078850585,3172.9731649728533,4547.167329663793,1095.991001908856,4563.232763455284,11362.688603731192,5925.3648346428035
13544,16279,14149,15654,11896.10444345222,4428.02673235305,3110.341056762988,4433.945920949502,1272.7146903013734,4057.510229120676,10091.498061671577,6787.734765332924
12662,13668,15295,15932,10058.890706225342,5543.524750838044,2639.412739232381,4468.4877611463935,968.2247401695528,4388.860086965616,10906.066075113227,5916.301597467351
16173,13200,13940,15493,9609.877153344634,3520.1251440395868,2526.5610965331607,4926.459428526789,1063.9202264427731,4001.2170320897985,9938.784775195032,7047.35982110163
16919,16330,10575,17430,11614.318367192482,2305.618612136894,3036.2669399207707,5113.506095821434,1678.795480015904,3036.102779548085,7538.586585551471,9996.644817781636
14960,17194,15466,12200,12690.234031713828,2737.944017356634,3320.7417770847997,4025.4831725365552,1182.757799878539,4428.380284783478,11037.502335221034,5436.339388631459
17158,14322,12852,14480,10350.814496596986,2320.998288326435,2722.7593565455472,4703.978326624473,1248.171179844513,3688.122091674897,9163.914568201115,7453.611903067808
12916,14280,13225,16827,10352.357392616615,5213.03667726586,2720.065589045579,4458.218791615003,1206.5216235196306,3799.002181390948,9426.028621167077,7154.686239599335
15172,16863,15164,12700,12415.907714085086,2786.8444436312125,3249.6673239993434,4166.521497838596,1197.0605288225668,4343.038296561155,10820.868830757197,5747.444846038103
12596,13888,14803,16612,10184.522103694362,5713.588233996954,2670.745513920696,4558.186865462603,1031.7801411222872,4248.90019718491,10554.031067252134,6337.81495247157
12186,16277,15918,15345,12052.75544282407,5351.174333606608,3144.121279486227,4319.0495277356285,1078.807191994042,4561.887117858225,11356.11938163979,5672.405369207775
16572,16015,13696,14252,11657.347242954864,2366.7735661581155,3052.2535356229337,4697.932372045489,1306.0585708209803,3926.120408560236,9769.930627984071,7182.785263292239
17293,16530,13096,12864,11984.286841749414,1474.486627147868,3144.5600283908648,4368.369708360677,1401.7052546055736,3753.1195235602845,9342.959887196474,7028.436296725621
14822,14756,16432,13314,10953.383764473447,3708.9409437068994,2869.982069733323,4420.583087470041,932.8568795062217,4707.795339865384,11724.238596985037,5181.75462903492
13216,13840,16632,17928,10284.808380772096,6538.408119426258,2677.971536180692,5316.566761757488,877.5405834520081,4768.453268035435,11863.553001035832,6060.399345572962
14744,15197,17175,14673,11343.351221371533,4352.416824745384,2956.324950872088,4955.226587056666,898.2803515715854,4919.009956026799,12255.902359794905,5373.308583748235
13545,13696,17343,14338,10231.176495704678,5018.128733106859,2679.0748934897556,4542.648067838723,786.4861874510615,4969.611175689168,12373.412962978835,4780.979603268106
12963,14756,17010,14490,11003.242267052523,5117.175518247991,2876.559427598646,4415.483246198327,875.5556275635233,4873.8567509231925,12136.177344619868,4960.348129698896
14076,14336,16941,13311,10680.492642367262,4196.954487170675,2799.5774852540844,4316.608996490025,855.8361006389005,4853.640707826806,12087.413343746826,4797.988959948481
14327,17896,12095,14205,12899.18651979167,2936.627753638775,3380.651072419358,3936.7620321472878,1616.003188451134,3468.2989302730184,8626.663251080761,7334.482773779226
15720,14784,11774,17573,10599.377410436744,3672.354676299224,2778.658933382131,5038.994224141488,1406.4563345222516,3382.1114756982533,8391.802362074683,8856.679164826279
14529,15890,16492,13072,11807.35136897331,3609.127864718555,3087.717154463856,4318.597559804592,994.5315970115762,4723.186049728765,11768.77837671639,5145.227598236748
14541,13250,15052,16191,9727.60990158213,4815.327102780069,2551.451781684362,4916.39933531446,971.614307717583,4319.05041468331,10732.91860855117,6459.340613079598
15764,15006,13755,14625,10922.92650233722,3123.8113227263107,2866.7937013980927,4583.955443822676,1216.0895299025221,3945.3671552831693,9809.652190032939,6917.91578156116
18361,14272,14835,12736,10464.230545345228,1485.9049588600112,2746.554393272114,4878.197877601546,1061.6905878891434,4251.591337489745,10583.320535850109,6365.8132975441895
15235,13251,11158,19154,9446.116922168143,4579.054651472568,2482.359389183771,5224.802612746575,1323.696395179837,3210.1705720871305,7947.785790891221,9340.86438758705
16724,14980,16529,11683,11125.205374539597,2263.7144945265104,2917.9175001343165,4431.044082215466,937.9524489072573,4733.08015912442,11795.898431106774,4992.069224926276
14142,12688,19073,12952,9593.633340637061,4720.07504793865,2514.2459207850716,4539.723365988476,581.0129162008143,5461.479092477912,13611.375587744282,3691.9240720663024
14008,18195,14501,13402,13346.26387932423,3219.492003539881,3485.803688811459,4015.9172683164575,1362.7111300775507,4153.312799253743,10347.659121347242,6160.682203987642
14892,15478,13516,16487,11248.495330535046,4031.896061056882,2942.0889163933043,4856.782266774884,1287.6220290531207,3877.7326444668897,9638.312522582157,7600.759113518718
16728,18166,11990,11828,13081.620395366772,1195.792946380061,3436.3676115335193,3763.733590459131,1647.298246375487,3434.876792595942,8555.280479646906,6883.05074661861
13888,14348,16977,14815,10692.110010844706,4901.423279090666,2794.4812969032732,4710.223678416153,862.4400578907419,4864.595150386507,12112.4349988743,5205.789182396673
14942,16217,14359,13397,11867.799384604652,3067.6929768861846,3111.8874324358303,4165.566159922595,1237.1237261494223,4115.407669756121,10243.564685138565,6161.454684869158
14001,15820,13524,16529,11502.236578679278,4447.425288879117,3008.470360012317,4664.104365691181,1309.3094918490085,3880.1727244929507,9643.853259259233,7412.9196717461955
15024,15048,13653,13195,10949.722094797278,3027.6759164940045,2883.9402074713657,3994.6328684430473,1212.4854626293452,3916.0126650416432,9737.004069924516,6169.692955014384
13415,14950,15539,16410,11027.403342650878,5324.95858903783,2879.465455413378,4803.147133689263,1043.9752860446852,4455.536460541589,11083.438468480123,6281.974062944361
11717,13632,15620,17928,10056.0248014353,6955.756823297717,2629.10227317101,4807.454496946546,946.7267985502781,4482.592480986841,11137.303288239302,6165.923760013524
17487,13728,13151,15056,9938.44288116051,2428.808564074382,2611.758920298113,5000.675289593716,1177.5738571405075,3774.446779582257,9376.59294390941,7623.591125976151
15696,14080,14644,16170,10308.482443789086,3986.181718496618,2697.378843569704,5143.9129440613915,1074.739767079595,4200.678461197793,10443.325376455832,7046.176851935488
13753,13729,18216,12840,10321.248909253465,4500.023554015362,2704.881199025802,4295.289773458994,704.0667131336842,5216.860114043132,12999.130987113704,4050.4325213792677
15142,16158,15519,14286,11921.471327822313,3475.63999924229,3112.996609233189,4671.55702918032,1123.6563331183688,4445.921397837994,11073.00925778217,6143.196980015382
13796,13608,16234,17094,10080.899027330666,5808.034975828497,2631.6194105122777,5173.384153401046,896.9217350048758,4655.234525432326,11578.779070105156,6106.95751154511
17629,14237,13585,12993,10345.378664878775,1853.3182484085728,2724.7003422522093,4497.202125955083,1166.3528698060754,3895.9611477076955,9688.977937923792,6645.736214960938
15750,15975,17290,11110,11936.123889716106,2533.4501601825955,3125.2539212062184,4166.498015739977,910.957353697094,4948.419047117486,12341.535024400127,4420.9073766633355
14570,15403,15085,15516,11324.735325573416,4229.552902696113,2959.0910230075433,4776.873926534454,1119.8656737208348,4324.501974460809,10760.476150438251,6512.063361363435
12244,16486,15838,14767,12202.724416696865,5031.872866725033,3185.2066480132544,4174.084475305241,1096.7822277510477,4538.602042334048,11299.412896229518,5558.202947923023
17394,15540,13363,14252,11279.98337677566,1922.0620283133246,2955.485289571495,4839.211135093853,1304.240515602987,3831.509439284825,9531.569753796832,7483.517090575311
13419,16474,16276,12849,12229.977985728307,3879.108511591933,3198.601556923827,3973.8900153136356,1044.746187347993,4661.51354012648,11614.46922853027,4991.323702197207
13761,13949,14003,16259,10167.489648473631,4851.109976275015,2670.169470371444,4604.456508357613,1110.7793463140583,4020.074506014769,9982.915737296222,6806.623072571381
14799,13736,14055,15852,10013.342484759347,4259.410367761093,2630.4614821887462,4731.652840729207,1092.1129096795348,4034.223763636158,10020.774243307329,6861.1236360528
15154,13082,16505,14769,9706.637226845723,4355.258330467521,2544.501700296335,4905.581399327579,832.6557454199698,4731.577644445398,11773.503295863658,5510.00083594844
15704,11567,15960,17940,8538.895260310806,5397.600728074933,2231.706187845067,5828.561681141814,795.5252172270101,4579.735609215493,11380.2930592447,6699.4105678182805
13804,16352,16720,13543,12174.955870328264,4089.7617488182827,3177.8638825248054,4329.612139608182,998.3072634770041,4788.010060709841,11931.916056682501,5118.978319333324
16913,14598,13000,14812,10563.011054612773,2501.5674298097633,2774.685767568615,4776.03679040863,1260.220259859568,3730.1925583112284,9269.852744586618,7531.27191190289
10486,18841,17403,13992,14130.042643360051,5540.616533770304,3664.2900041520797,3844.942825878417,1052.5886748031135,4981.266436465276,12421.75906139193,4591.661186393627
14774,16340,13280,14179,11865.449862369016,3170.504803604101,3112.8886769294627,4180.964895747813,1361.0119299770884,3808.373787331546,9471.675173798161,6826.999056056807
13292,13513,17651,15318,10116.712913020776,5665.525581095031,2643.861628860734,4801.704960519752,754.217936177974,5057.905474944018,12593.083887434237,4848.898452643535
15412,14910,12463,18306,10743.879290069239,4195.937748756402,2808.035877953648,5280.021080877497,1358.5184041940581,3578.6065704183,8884.418835265085,8834.085710306048
16074,12856,14606,13653,9405.699436100776,3182.4218488241313,2481.3282949647223,4467.353833192404,968.3187319552961,4190.469642457831,10415.519614901896,6004.759413651422
14740,16972,14070,11908,12403.290403041272,2571.303074557437,3257.6146808412377,3658.933006075875,1311.1360692213973,4031.1606273138595,10038.779331518019,5673.072641502678
14593,14815,14435,14489,10838.963479319518,3806.397027665645,2845.650901683782,4383.759173656846,1129.3854167761078,4140.163609066392,10294.83804080375,6299.50401981962
15797,14559,15232,13913,10710.040136015847,3242.587450637533,2808.9076729598564,4630.379564524763,1040.7436658339548,4366.301028305122,10865.682339190727,6044.137180048253
15146,14841,14333,13293,10850.446243814902,3146.9441708062755,2854.483054842819,4149.100527420928,1134.703183310856,4110.012374967081,10222.965098533768,5993.798558250576
15482,13054,14112,15008,9516.37336721659,3759.9658012701752,2506.5025908765247,4653.221403059426,1030.746077928519,4050.7032639476965,10061.30252310196,6594.505249188985
14681,16583,13398,12887,12056.948801657258,2823.020478003158,3168.078120764596,3824.432915045245,1357.7845393164234,3840.99097858629,9557.036066249819,6240.654867872801
12955,14520,15662,16112,10718.924591289328,5499.21470251663,2803.43805770341,4636.026868975941,997.9457978039494,4491.579517276157,11170.414454347465,5977.242925363694
14399,14892,15188,13876,10956.638086434385,3820.9053767176247,2875.1960377573023,4285.812944040035,1059.6340302536273,4354.206529168561,10833.78480648479,5766.139988742542
12524,13268,16491,16217,9848.71498816957,6103.517680561832,2578.8166037244832,4683.526177133575,840.3256117714083,4729.530462102784,11761.429852278448,5431.384527367235
14757,16566,14737,15544,12155.493276034915,3860.4654437218546,3169.739224433297,4799.127202762778,1240.8944878285154,4223.270588808266,10513.709420092338,6891.941808179894
13715,14301,16725,17587,10636.201332488094,6096.5352689930605,2766.3446495698536,5383.58715166631,899.0337526560693,4793.687402479167,11931.274431383747,6106.3828652298525
13955,16443,16458,10810,12222.69399015177,2989.171002317197,3206.381981878696,3513.7580009518206,1017.6638300045341,4711.768872908729,11746.203802407708,4309.679077802726
14835,12749,15926,15206,9417.82550363426,4579.221181844113,2472.665240087358,4847.635694247523,859.0621373339865,4567.829602838407,11358.183007992764,5779.799343635507
15197,12838,16844,15708,9547.815995883539,4820.858750292276,2497.001645505743,5245.94336467004,793.2155813421941,4828.648156345431,12015.44106886089,5639.658237664638
13407,16568,14528,16141,12141.870400702093,4723.748968497215,3167.7433793956006,4588.526513632204,1258.480647440999,4165.032732656975,10362.942043053317,6824.687839138383
16285,14904,13493,16392,10823.292560183878,3308.113899723881,2830.324264367473,5171.485736080718,1250.4060380402534,3871.124727201964,9621.963974602275,7917.298339898556
14965,14530,14200,12882,10612.019688301854,3121.6189496310494,2797.105989491205,3962.7773249190004,1118.4447417141569,4072.4910907761023,10127.497992300965,5791.660633466551
14144,11748,15750,17316,8661.867826610593,5854.036277129774,2272.2036635806976,5219.988978687486,812.7197788339276,4520.588780130716,11229.288501768187,6234.829601209312
14637,13588,14733,14153,9956.21986766541,3898.1940096034887,2621.556079297872,4327.481767309215,1008.4922324841817,4226.773744056383,10506.215202729032,5927.646659831238
15675,16142,13369,13414,11726.710686401875,2575.3559515035968,3079.650171627381,4175.087566353132,1335.8682019954576,3832.9557387088425,9536.063827657339,6665.626053811014
14273,14271,15038,14177,10484.757080138628,4035.8668175724733,2754.9046590906637,4310.937014174414,1029.78158738041,4312.765100379258,10725.227816181035,5829.786437168743
16175,12688,12627,17297,9143.357376000578,3896.8724118176647,2404.8084290767133,5194.525635475173,1141.192122333945,3628.760870666886,8998.247633171548,8200.172987609894
16352,13149,17098,12181,9798.875074225354,2994.5368037346702,2576.112887949086,4517.764687085347,777.0535487359773,4898.156684290595,12199.937877442897,4671.386084213803
13230,12915,14587,17762,9447.87021967682,5994.519778042078,2477.8675520132256,4953.793254274143,990.058248415451,4188.875551316281,10397.994874973501,6817.124551672503
14960,16100,10699,16767,11465.996389082884,3396.4719715142537,3010.3135219996593,4500.578054131088,1624.2294699560048,3073.5819295385836,7625.114399768379,8854.929563545702
14730,13500,18920,12824,10198.686486036106,4290.442326788435,2668.4054997192443,4652.628260687007,632.4464363235096,5416.854314383016,13503.180964871422,3884.3915409246733
17212,13632,15189,13887,10018.129990334119,2633.482918501074,2629.061431513606,4962.868041587869,986.0857473023018,4354.708896236714,10834.284686464984,6289.769386650105
12795,14140,15399,15747,10416.923023428715,5385.020119544305,2730.4469043044373,4466.853779363693,991.3279801478577,4417.4791972818375,10981.488721046393,5895.265667618412
14670,18468,14364,13952,13530.17239526839,2977.0771177422002,3528.38951318386,4313.179511511755,1408.0402674523611,4113.441283367836,10250.547436164376,6654.933108429851
14220,14224,12444,16614,10249.815673070603,4372.257249101023,2696.478948252494,4565.255236834731,1277.2572190771198,3575.2942432160817,8868.727174578655,7678.736904438174
16123,14581,13860,14469,10618.748183909538,2987.3798036077783,2789.010051455167,4633.996292256436,1173.0897886816122,3975.654637321784,9884.349999840557,6848.770347593865
14733,15695,14234,13662,11472.528238930565,3302.8052783989215,3011.4764750678933,4164.996489878637,1210.6470334854507,4080.968634607426,10153.023240073635,6192.52124144617
12895,16626,13298,17185,12076.49888619594,5056.992063365387,3153.495872732395,4552.8501313646375,1396.304514692696,3815.472987356361,9482.578284735928,7569.7502986275895
15469,15431,12404,15441,11124.300351296382,3191.0402322800705,2921.1653794673202,4525.59279902745,1385.4926874300706,3560.2030617784394,8843.80676645049,7720.210633841997
16489,12780,14716,15905,9354.247725045245,3713.2887740474584,2453.954242340253,5258.057867157424,971.1730048494798,4222.816473135983,10493.181860563367,6935.777930466102
13609,16686,11816,16615,11989.973615331179,4157.460645785301,3141.0668333236017,4351.71380119061,1555.706598706869,3392.3462224094283,8423.56460757319,8104.672449721669
14902,14039,16298,12993,10407.47571704523,3628.2818361464065,2733.8490348595465,4300.755307181268,897.6951757059641,4670.532937454353,11627.513845255,5058.813957429591
16665,12600,13570,17538,9141.845910477845,3916.163158430705,2396.0635191134234,5553.025972719379,1059.8225892393846,3897.271287343415,9672.73336577069,8072.604071255962
13274,16037,15988,13073,11878.840420261575,4012.8796404340715,3110.3761282261653,3954.879356068847,1046.6579887399712,4580.479254999056,11407.524953356617,5099.288912575948
16348,14058,14187,14709,10258.63303030458,3090.7937143679346,2693.7999054465317,4805.570787486243,1105.6284192839325,4069.6262095931756,10117.367924799055,6816.186141068589
13610,15801,14426,14592,11568.648106622082,4139.986778515663,3031.7658028742244,4208.036953697209,1200.10881257355,4136.81433240608,10289.198492700874,6243.442468186597
18809,12540,12524,13980,9032.409802241382,1611.8561453740292,2386.04146693136,4857.334527330025,1122.4885044458565,3596.113524601691,8927.947657741668,7522.406472286615
13203,11965,19260,15330,9058.29865646446,6347.2654276054345,2366.4214221400757,5022.438419595031,540.8374897225767,5516.870822677241,13742.811468172842,3941.4617877083833
13425,14354,16561,15184,10665.03920697398,5153.606939217718,2788.864738938475,4633.973331020195,900.6211499259032,4746.7608016455415,11814.270430384466,5397.691144896606
17202,12300,14719,13248,9003.182795624085,2642.235522722185,2376.832947060814,4616.630772826951,920.4982580805778,4222.549820960707,10496.425572429514,5993.520982634214
16232,16371,15125,11118,12045.947837095886,1944.1117329483284,3163.731677473178,3906.3406845628806,1161.2513093313996,4330.979552216479,10793.841501089986,5270.784678582573
13040,15187,16709,14303,11302.239882146449,4877.623925596698,2954.6240436264866,4341.017110357819,929.1352217278835,4787.518382080269,11921.512829237334,5085.708124330613
14964,13824,14043,15630,10077.115062935503,4086.570971141742,2647.474541272645,4707.668265823235,1099.258104744537,4030.439116322619,10012.564309116264,6835.289899375265
14640,15194,13740,15879,11060.13578031349,4052.458083914884,2897.5738563973664,4667.771402557915,1236.204687814429,3942.1147540635448,9797.90830025122,7157.744066278676
15265,13926,14644,14727,10197.393224697551,3746.525924378416,2678.9120444881155,4623.366204785989,1049.3512760091007,4200.728730511746,10443.26586377483,6356.042167979743
18030,14769,13494,11628,10729.132690645547,1276.169549701037,2829.5291683577734,4156.57809741086,1210.0208107584028,3867.8879055673115,9625.985816911269,6191.1069864013625
14783,17486,13312,12660,12712.174019966767,2568.8899555275225,3335.2509114962563,3783.379274432713,1438.7628484717634,3814.8144378769903,9497.218304313203,6313.803900825655
15111,14436,14560,14117,10568.392987103785,3527.3480074959834,2777.249843345796,4408.629008074905,1089.4491659755874,4175.792763139672,10384.197767550038,6183.121920486791
13684,14688,14581,14822,10758.493768480432,4374.333540796081,2824.4928973346123,4298.326743688394,1103.4226956983834,4182.826944471881,10398.179254082923,6151.015562401593
13636,16037,15028,14513,11794.005525743014,4197.511138697981,3085.8501026054455,4283.733495912305,1156.6445061031047,4307.665324057995,10720.320283333709,6027.181814454125
13570,16206,19306,13275,12291.378000996134,4741.488517151691,3194.6754533268654,4656.7779249781815,710.0351053089151,5524.008484185371,13782.005413105502,3894.759518055143
14097,17222,14201,12322,12601.668405112894,2940.389921352896,3305.4684199924386,3671.3131536995043,1315.3729597097852,4068.8876782334,10132.08532568741,5707.387131393566
13170,14892,16344,16256,11049.918406798159,5601.5418809742805,2882.0863551904527,4831.51181899072,960.8085057493431,4684.664781633251,11659.33444335116,5822.1533493398365
13882,12051,17035,16037,8973.079815501726,5732.932844907983,2351.892628174734,5019.796521055654,724.7205294366853,4884.91399792001,12150.04352391411,5276.256754237879
14704,14190,17322,12304,10599.213339416343,3648.0310526486282,2781.3734029745638,4217.267362630172,810.1346130286336,4961.298657007828,12360.760135263698,4434.791158429329
15060,14854,15368,13877,10941.106328926788,3568.3839718463664,2868.857209348562,4467.6753794596225,1044.2225313806186,4405.009147862147,10962.978525770675,5842.855238808972
14257,18913,12597,15407,13684.494673069425,3213.348904074323,3569.1471934859655,4317.474698343026,1657.4199340244745,3609.870146525249,8987.202351577542,7856.100455871248
13056,15785,16078,13601,11698.284183808431,4358.324165825896,3061.739052850735,4064.9837960195773,1023.5658411011152,4606.880705714708,11471.137424802226,5174.988566810153
14674,15466,14984,13300,11365.572669225066,3385.142170940902,2982.561470698434,4160.534956141862,1117.2654870680208,4294.723730669408,10689.242936333132,5751.288623967343
14176,18599,13061,14104,13504.21961255656,3025.84621213072,3529.0532860413277,4027.277022204513,1565.256553431701,3742.5294723702395,9318.525770486922,7046.416737687971
15067,14744,17492,12734,11028.219926078564,3611.2314491352704,2886.024702387498,4494.458778851126,830.8512198144887,5008.954468984967,12483.087118386895,4629.695052695635
15648,12052,16829,15052,8958.177249283675,4455.323582409963,2349.833946434215,5150.327611332965,744.1399787153326,4825.12018564553,12003.994815457223,5445.488327778101
14560,15300,11220,18409,10928.655539417694,4351.935859963455,2864.0127630945017,4903.0171298338455,1508.3097701701713,3224.4050755676953,7995.423710534064,9138.397228110553
15071,16555,12293,13191,11939.743982846605,2577.1491255328096,3141.591085623543,3826.4861718395146,1473.0003356035438,3525.8801279641348,8767.153859335487,6792.605756643632
14490,16770,16527,13208,12469.226932091155,3547.3818676497062,3253.781035159798,4383.716744227081,1046.361523601214,4731.8263576258005,11795.031044824922,5278.976254815214
13936,17012,16409,11654,12643.907182810477,3198.6297355467777,3308.465663660355,3772.164811624668,1061.5311880503577,4697.543277052557,11711.398532458936,4679.75011806751
15486,13997,16392,15257,10380.8108752966,4196.6656178687745,2711.8714675086085,5145.751873813544,906.2009568166633,4697.976363114445,11694.071597177357,5920.862454452666
15368,18473,14606,11867,13558.388474464842,2103.608051470705,3545.7354050201,3918.462338396219,1368.6964078395501,4180.995274112628,10424.958272392454,5850.725675717186
15534,14976,12636,15244,10811.950058017932,3223.152963555748,2841.8314333872804,4518.4071229170995,1322.0122950925368,3627.009762186726,9009.022970853597,7501.301771092106
14807,17888,13574,14023,13027.675238426102,2898.732068694429,3405.4717261253545,4217.816361790941,1454.3671303277033,3889.376193462861,9684.675753338284,6902.911053965913
11138,17301,13869,14945,12640.741704852888,4964.114085629418,3305.2427737148546,3732.438328941168,1357.9407053314949,3978.3272448909065,9890.789061040101,6235.865753603036
13283,14612,14823,16790,10719.565029796937,5400.2265279879575,2803.945768638482,4758.866455043033,1088.5532123622402,4252.718006450049,10570.234145211423,6631.844791915965
12109,15841,15318,16294,11675.2131762297,5691.736867024848,3047.5229404917127,4451.805530890479,1117.6150085023446,4392.29378004194,10925.687001005324,6149.70270063085
15968,14890,14747,15848,10914.186089552606,3590.192372385017,2850.6044428103824,5169.4608862805935,1126.1448647242446,4228.288099638456,10518.7312720285,7099.550693311575
14620,15890,14781,15587,11659.631002082842,4079.955242172264,3044.7378127823504,4767.045477903356,1186.1634769581458,4237.121948294375,10543.86076889813,6744.830168968977
12530,16293,13374,17181,11840.099238101106,5298.775043259656,3094.3580792425746,4484.763386160846,1358.7583967733417,3838.132406302048,9535.890393988204,7396.751216005706
13483,17024,15410,15540,12559.199127434169,4602.266124566546,3271.0518883055747,4596.430570761864,1193.0418677459397,4414.972395819549,10994.914528057041,6339.43095887104
17924,15138,14564,12077,11083.33133944912,1412.6085551057745,2911.333896238159,4514.2965551032385,1143.7514756114783,4172.783838485727,10391.089238082954,6151.817139440406
14044,16109,13608,15808,11722.806539002002,4150.543524580174,3067.5929295739743,4502.084977937765,1318.285705358957,3903.3848084864494,9704.648985586435,7154.985353083481
12864,13681,13171,18177,9907.917010975054,5850.631989431297,2600.977043136927,4772.0134860155285,1171.9765919678034,3785.064370383774,9385.913818499861,7559.703866324685
13888,13376,16280,14849,9912.133937414701,4860.65615815925,2600.300303765246,4591.850440282736,864.070946481776,4667.950112618825,11612.05767178807,5399.053385053074
16576,13523,14144,14205,9862.635414900311,2915.7657730948677,2595.6618936430914,4690.095448053187,1064.5863492525907,4057.8424898530393,10086.13991245642,6601.542749581614
17369,14724,13618,13626,10703.923525595223,2030.6001745012761,2812.596250370784,4655.154108270712,1207.1915493048796,3905.188927319964,9712.799380271303,6940.87528053098
12326,16064,12208,16821,11575.700553118455,4992.777412497384,3035.9022589260535,4196.583180886748,1453.175473051829,3506.6987049253025,8701.310396363328,7630.248009298177
13462,14204,13720,17031,10332.758068499905,5184.8468556435155,2710.366007749344,4696.477589333881,1160.7597751178446,3939.5492766524785,9780.418319287242,7153.544158140201
14848,15265,13206,15230,11069.829906879997,3618.3199092411137,2906.0254332119434,4457.536884567783,1288.715380228899,3789.5117971052728,9416.53254882231,7156.668377215471
15159,15691,12919,16148,11355.093583598908,3616.213727270482,2973.489871758727,4732.362464831876,1362.547233362912,3706.986313540704,9212.059436592324,7797.203832726441
14008,13728,14720,16780,10056.995202194845,5149.295314787348,2635.0216639228224,4901.195750828623,1036.638631434387,4224.376852906838,10495.57301495815,6730.449882442416
15408,16050,16257,11857,11905.246570456307,2738.912383611807,3119.290273986285,4128.852747141563,1025.3434583496655,4654.864472022422,11602.066555174632,4991.623093537259
14840,14405,17113,12929,10744.0678277078,3751.8798361723843,2815.4603253329838,4415.8328908376425,846.244781624772,4901.839016447275,12211.224556149104,4759.398096917543
12071,16428,15022,13708,12092.480487593715,4471.848664082494,3166.8475619061487,3751.395441653006,1168.590368813798,4306.425896051074,10715.622273140947,5479.765434168822
12328,15299,16296,13298,11355.962364673429,4612.520478577123,2976.094791727779,3856.1336516725833,965.0764319470564,4670.0362524281345,11626.004487228543,4826.9343765602025
15478,15814,12376,15150,11401.288035277292,3031.581318437484,2992.9773642653818,4449.158138621797,1419.675015195135,3551.4265421612263,8824.582927778132,7663.930373127715
12492,16394,16065,12806,12156.305265919862,4185.215201705991,3181.8562402259668,3737.2548066480167,1056.124043847593,4602.336426465264,11462.700415094534,4880.774238407219
13988,16653,14531,14784,12205.530301699131,3938.485787538319,3190.212346810883,4366.740053523716,1257.1363495493279,4164.9598975211475,10366.028944677262,6477.544418833044
14275,15520,15180,16275,11419.100456284517,4665.068298135447,2978.6822764421313,4929.2108477368265,1123.0467725226943,4351.690904047782,10828.269924555305,6688.046029710989
14644,12749,18348,13668,9588.156401729382,4635.449368226834,2511.987962351912,4761.837214560084,649.4291433504637,5255.669180993982,13092.320120874549,4270.481202598932
13398,16080,14445,14146,11778.039685010768,4039.0207694197056,3087.2534809375143,4050.3271139061785,1214.0500307431698,4141.764654426234,10303.25310856285,6059.764630458751
16034,14454,15889,13507,10682.903288611607,3135.8250495672137,2800.1395436774537,4685.542131270077,971.9745871188853,4553.124955104603,11335.889835351889,5690.333055350748
14545,16225,14773,14859,11908.061107194331,3812.0311144308707,3112.0498600373758,4551.775407105144,1205.046288665814,4234.1375441474265,10538.839443298184,6497.686379044164
13668,13130,16038,15696,9711.15539924122,5278.622697119743,2546.651825676492,4733.236066893252,872.3711375586922,4600.026625147151,11437.94460236288,5684.7972042747115
16642,13845,14283,13051,10110.829887057916,2536.0920744401465,2664.411323706785,4385.268369025694,1069.145282339004,4096.138077900347,10186.801782763727,6127.65819816032
14545,13643,12212,18792,9805.728511252219,5015.248661531695,2572.6686974592894,5147.66964238443,1265.5127165252247,3510.4253557896723,8701.537516110864,8627.650513134671
15577,13420,14132,15404,9786.015606854005,3793.319587041408,2572.6313739673965,4795.317713102466,1061.445684026447,4055.9039442578787,10076.095463653104,6814.260904125755
14427,12998,17878,13662,9743.148296651438,4577.928500701921,2554.313184054562,4629.695679867846,702.6012370770815,5121.864741213461,12756.158907193432,4456.287737006414
15639,11986,16520,12749,8889.749743383327,3543.4516451067907,2345.796095890911,4380.114012833596,751.7421198781337,4736.037767436859,11784.006495641886,4821.7929978530365
14178,13601,15507,14923,10022.542715457153,4550.734323550098,2631.3818999144746,4561.10815153413,946.4120603552046,4447.658488332789,11059.330149981657,5813.196401827608
16245,14911,14758,14622,10931.534968454067,3059.9551308774085,2861.7513505296347,4885.823338506977,1118.5707525293349,4230.807125716895,10527.181971393496,6679.217033003416
15032,12772,16808,15138,9496.295743300921,4675.6926933257055,2487.8427323193037,5027.650054031868,787.6435773242137,4818.403289033749,11989.679569041647,5434.075996974909
14599,19086,14768,12325,14031.161140366188,2518.423476354481,3662.388482466815,3913.915254661151,1392.5379647351406,4226.939222183872,10541.004498761951,5891.840053513008
14021,17946,9984,16363,12736.484676751788,3308.9240711060875,3338.6014134424454,4113.048689152541,1872.0951632846,2867.122125567189,7116.581615255964,8915.661436993061
15679,14271,14013,15922,10401.489376773789,3745.6251585833948,2726.0483512328105,4960.1140660877745,1143.805832596958,4020.670652572925,9992.343851591999,7220.1947987577105
12634,16116,12888,16069,11671.62498558006,4727.42107384092,3059.864112346567,4169.823457061413,1384.460151637137,3699.792734712255,9188.253494345021,7175.657056051966
10857,14430,18523,16674,10882.272057230472,7515.890856746277,2830.0787944514814,4730.1788783325,717.1481432613505,5306.375233379904,13216.743454015614,4430.224767867583
16144,15550,17417,11194,11626.203037960186,2454.3428544122085,3044.617800446951,4308.884197792856,876.6334284506001,4985.047122276695,12431.935342802422,4439.077815199369
15380,15387,12126,15416,11070.161318477574,3187.4365098010326,2909.341422996392,4455.028312532653,1407.3650867305112,3481.082584484402,8644.898963723255,7770.38571188038
14797,14800,15150,14485,10883.804455903291,3860.0775212487774,2852.685492670432,4542.744134042681,1063.8257608553163,4343.5175009708155,10806.474140997014,6080.670904898899
13911,15184,17601,13952,11370.862476567498,4577.550749824643,2967.4704957923377,4596.734752952011,845.926513571052,5040.459056011318,12560.50027842887,4782.276292012875
16662,13278,14898,14748,9735.367313597171,3207.699170728881,2555.823587127011,5008.637423691409,987.3228288111188,4273.187192218714,10624.814690628984,6537.312900553155
13336,16224,12964,15024,11757.02012708746,4056.376772325442,3085.199039340748,4061.0230702759072,1381.2619925315453,3720.2080075025788,9243.863734611774,6920.931660759852
13633,14061,16425,16106,10434.465420432674,5455.194902945691,2725.824199754018,4906.106927952607,902.4368198099088,4708.686302084667,11716.34021850048,5743.007116491432
13972,15361,15192,13253,11306.818277935117,3723.7434463782556,2967.9930803618627,4023.9578151281166,1084.9333566485172,4354.609224029578,10837.376321638849,5504.335509129748
16084,13728,14490,14159,10039.314780457797,3175.5944387892882,2640.521368232151,4622.380120331941,1047.9354734694496,4156.350478783048,10333.633605864434,6364.094889850454
14138,14198,16670,14711,10555.411603368691,4688.126395886535,2761.5501176000566,4687.733022277614,882.0357386434323,4777.350603869947,11892.691646225861,5337.343268533638
13887,14891,16125,14030,11031.631118064,4304.812112193549,2889.303335176522,4360.581224343489,969.6057281719825,4621.201859135219,11503.818699378131,5363.631692634599
14282,14602,16504,13951,10844.840687829055,4226.756973594409,2839.635831181793,4485.900821326482,917.7376617481143,4729.136520525972,11774.901048976415,5238.3653228297135
14144,13651,15004,15373,10022.299746192235,4615.454328989675,2631.706346399281,4600.510337875201,996.4048381948186,4304.734896578293,10699.242340416797,6159.04047160757
13260,15477,14352,17308,11319.537084472391,5372.206616853658,2955.370936715247,4818.432036384825,1202.2046064465205,4117.226864231791,10234.73000229411,7117.83167103598
12915,13702,20426,12493,10469.00272972857,5240.294723116283,2733.457550776785,4357.603926286007,499.6668691339372,5844.992395547015,14581.277547810218,2913.611886392974
15555,15840,14520,14252,11600.143440087835,3112.3037641278206,3036.623563877064,4578.864175495713,1203.6905716996234,4161.806344452969,10358.17844135212,6562.143466768465
13755,15466,14725,14764,11345.014384062628,4249.489516810267,2972.432604799682,4325.915759841283,1148.1869924173734,4222.4077894577895,10502.592361293973,6186.7084007102585
14076,16118,15366,14091,11882.072022467764,3910.6692806331566,3107.7715212722524,4321.2957979530065,1127.7096046068377,4403.184843424946,10962.779012005874,5857.531225894123
13926,14145,15248,14995,10407.317959099197,4558.1403386841375,2730.54269511272,4491.234711326002,1006.2001835981057,4373.342391100347,10874.649184519287,5947.19086375701
16581,14820,14204,13611,10821.442699023795,2527.4459219271093,2842.1663888707803,4560.086459114829,1157.007821740229,4072.482536300072,10131.477699510004,6525.100840782168
14885,13585,13271,18947,9840.071475855217,5168.692631540749,2573.5595534559006,5439.816586520041,1172.4765343824688,3811.831785224528,9459.138244213778,8345.41352054807
15960,14555,13804,13668,10596.879533424337,2837.7807921287667,2788.866043385323,4350.17625614261,1168.495456079246,3959.4120071056755,9844.576161722696,6478.228453594993
15145,16194,15486,13393,11946.33639687908,3177.6050807969173,3125.0823384817063,4402.713848436916,1122.4537059774327,4436.129328399958,11049.799367165047,5813.560246708179
12600,14555,17083,15417,10858.47102099651,5726.811883753873,2835.379977923433,4590.25070618252,861.1039202274243,4895.470890970773,12187.564357148114,5101.5525124057
16026,14352,13322,14616,10409.829347191335,3024.880150231352,2738.3710403108407,4556.423786105512,1203.4739584067106,3822.9023283666274,9499.12607189771,7034.754308777309
13138,16478,11449,18354,11804.293648428074,4933.633029986627,3087.8245018702,4620.338406398487,1587.7930501736253,3288.9509558966142,8160.01249860881,8788.926092208643
13356,15100,15474,15600,11134.71743366609,4982.4870451039815,2911.4830280863953,4568.529631763244,1053.8703896929223,4436.679320557864,11037.315363932972,6048.775016881872
17648,14620,13118,13394,10589.342529594369,1788.8314482890623,2786.5465725746753,4554.749671580758,1243.5965703716306,3762.5087534147515,9355.496346828502,7053.72019867639
13715,17229,13826,14913,12568.747208923665,3872.785477567749,3285.430571625089,4238.463454339344,1374.962407459747,3963.530824781371,9862.503101111297,6798.484460964154
14256,13443,18204,15628,10103.303299848789,5530.485347296677,2633.2998740993944,5233.0286033272005,707.0456036304994,5214.744969979945,12989.201444706832,4858.841594928923
16023,14369,15624,14532,10598.42239519153,3427.446599472467,2773.9356052069925,4944.610352055763,997.8371823828917,4478.304215199996,11145.70522299064,6166.7466308225985
14063,15793,13516,16571,11481.497507228985,4433.686437166487,3002.8766479021506,4687.589566141527,1308.680677626843,3877.894253673409,9638.132945034738,7445.2452480664815
13899,13486,14910,17675,9891.486494555262,5649.530659337845,2587.5714868331374,5136.743085448587,1008.3438437826691,4279.0884499680915,10630.827406809407,6889.033375851737
15192,16402,13264,14474,11907.552821785632,3039.0869147115036,3120.884663730406,4352.6620214702,1373.1652801228904,3803.483218327736,9460.566731580526,7079.209435377283
12304,15283,17404,15855,11432.454545863471,6061.150203196217,2976.783819874,4693.307932387121,873.2461213279323,4985.914911664986,12418.072586193484,5097.971006358557
16995,12996,12992,15912,9393.199326404916,3060.6487002684016,2471.16170250602,5076.915710829824,1132.1265982361292,3731.1053540522053,9260.926677708165,7777.914160953664
17050,17510,11742,13014,12578.964563043519,1305.833581212463,3301.9964899120487,4134.59321097831,1628.2141525521276,3365.63834932112,8376.460472994508,7586.876012302387
16867,14140,13490,13937,10267.069724513909,2478.4336352275127,2702.4441911096746,4579.783272014688,1170.1427616053431,3870.1469936708672,9619.846469255279,6879.035944779365
15471,14008,15333,14208,10309.728311900795,3603.450039416573,2706.0745825928007,4639.355844215013,992.9170224300827,4396.297142268368,10936.709508928812,5965.472515082822
17325,12677,13860,15068,9220.349672541284,2860.3661787740284,2426.1540483016133,5066.279179811452,1030.9284456499017,3978.3427395484223,9881.654150706885,7146.475716218634
12627,15675,13599,15893,11407.899842229584,4884.752025620589,2990.459913220815,4221.160246177895,1275.7273637463563,3903.0030720447166,9696.036361794888,6788.838836024836
14599,14124,15582,15240,10415.501218115127,4427.527900413404,2727.97112160443,4766.836922016529,981.5564716284498,4467.963488017125,11114.04847462202,6046.903846344594
15869,15667,14912,13910,11504.60309620604,2945.909686073545,3011.4494449102704,4625.44959675271,1151.4241463616534,4273.335426234526,10638.624556205192,6340.665901654572
13816,11124,18234,14417,8353.18614105924,5455.127370698136,2195.33419440021,4726.449178402998,574.6158068078535,5225.920581637118,13007.75932354674,4233.961936231102
12107,17762,14606,14832,13042.66827258723,4658.29273342458,3402.8673156203395,3995.277672428406,1317.3217337540757,4186.13341757682,10419.871703086337,6174.937612031084
14757,16950,16507,13706,12600.881142304026,3542.966896456886,3283.215692727273,4608.275186747636,1065.2325233183933,4725.823404168383,11780.959884332135,5557.935095472831
14216,12376,15917,17447,9139.556430883233,5836.117685832636,2391.8993754954,5304.718546667431,843.7185190894113,4566.992143525976,11349.96812866172,6295.353893478929
13998,15076,14977,16206,11074.26123346147,4798.333312708259,2894.0881040212676,4800.529565799503,1108.3820246187847,4294.964021706749,10682.010291010647,6608.4511087473065
17256,13732,14358,14856,10029.914846196407,2704.145608458676,2630.450345204516,5115.31515671283,1071.6323646136152,4118.370041387939,10239.62837360095,7034.450410025488
15097,16497,15184,11395,12147.887541680871,2508.4753239194206,3189.7352804012407,3740.311758989078,1159.2836262626547,4348.564877515933,10835.304200055496,5139.171302237095
12254,15300,14980,16692,11244.3378130436,5776.929948844816,2938.3854039051066,4532.287385182246,1116.258401520452,4297.076158532285,10682.885510156137,6383.111162910463
13996,17140,11514,17043,12290.144829585257,3958.465021980996,3214.8980126452498,4492.062469210288,1635.7463887223505,3305.042126674819,8208.83340693294,8577.34889934998
15941,13585,13303,13843,9849.261231543975,2969.1626198091362,2600.3096640498907,4297.0901680507495,1134.0803462350232,3818.3270111188594,9484.71717383454,6574.613404803551
15758,16929,11799,13400,12166.001361625858,2182.9398158167605,3198.6658154984298,3954.3896413134353,1563.9789169911228,3383.9280076770065,8415.045417465612,7271.642589173027
14656,16693,14400,14304,12222.125249943838,3417.6553955478607,3196.42303314742,4371.456579338509,1274.4259000706231,4126.896980791597,10273.095851466616,6512.532553711891
13954,17328,15427,13328,12788.904791395766,3530.9057439626295,3340.825193118859,4112.818690492041,1197.7091947733877,4418.346443123492,11008.566721158546,5677.741916811772
16561,12882,11791,16892,9227.64967781381,3369.947624235929,2431.3605173735964,5035.6360994635,1224.3332461390166,3389.6199863318293,8401.3806108649,8484.462060984428
13801,14563,15673,15624,10750.284832906029,4911.925637056738,2812.0480650654645,4702.696930359614,1001.3846421592218,4493.82280607834,11179.181111940608,6009.779325462401
14296,14693,14630,15184,10764.016000024112,4245.608987078445,2822.4891203559787,4536.643174891981,1105.883869858816,4196.389908936209,10433.607330057157,6401.089881859415
13039,15254,14939,14235,11208.568218239747,4425.095767895844,2940.5990719105275,4062.6195595359836,1103.3605744857955,4284.05564200243,10654.954427112627,5747.025769204534
13936,14007,16068,13997,10367.627272459647,4369.538685222678,2721.33008861412,4339.3727000652825,917.462569958283,4606.303141622984,11461.712864050965,5290.0974692176915
15534,13785,15430,14892,10150.88543653101,3861.1596973718347,2661.1655869427987,4867.674283187487,974.2243507654538,4424.520557121189,11005.497709633197,6165.179785648689
15312,15313,11977,16058,11003.082721292965,3391.548932725155,2889.752200163368,4586.282794349392,1420.2473793786135,3439.0090195700277,8537.9348641519,8074.814843298877
17078,16284,12296,14490,11734.115775936198,1865.4607881818417,3075.8619426813325,4643.142614735623,1473.9385692591682,3526.340410026621,8769.73849123736,7973.161206649843
13326,14611,15862,16200,10801.464441126458,5411.582646801387,2821.943122640798,4774.490817396181,988.4822134738822,4547.9919471301655,11314.008122760017,6013.429558683592
16425,14495,14334,13293,10593.015080815472,2604.0290882760955,2785.94831620878,4436.488710201641,1116.131070903109,4109.944043530451,10224.00042602139,6253.103915029542
12784,17507,13860,15478,12779.7930318182,4474.393420585078,3336.7698257765214,4189.67766977623,1391.0436353517653,3973.7264408590563,9886.304673444189,6812.36855250342
13050,17784,11984,18506,12800.864299483785,4947.180715044447,3334.6829315779496,4715.050855770215,1649.6805165694536,3438.9187670825077,8545.260178511979,8831.977680409633
14948,13734,16717,15022,10209.919769996744,4508.587864712825,2669.979836795226,4980.743972187511,856.1792649735693,4791.057929301362,11926.007891395682,5536.842372789196
11669,17854,15621,14560,13208.64975308181,4962.45415037911,3440.701740079011,3979.243768919669,1205.2149600639057,4475.07052307681,11145.913239892387,5611.641112462741
15192,15836,16793,11756,11791.07979892542,2930.109874949499,3088.530514620453,4129.875073781847,956.550976141534,4807.8404571791325,11985.130405023694,4699.791715473209
13225,16498,14484,14560,12090.271357119316,4215.55405637361,3163.9716465550264,4132.337485279637,1243.4097981430857,4152.465980414546,10331.544521306052,6211.804887906229
10307,15318,16567,16955,11394.743127702119,7167.502926991661,2969.013499058858,4401.148921325375,952.3098662676987,4750.005306591508,11817.160363577637,5385.687111197173
11741,15634,17019,14855,11667.13367383863,5680.0563489327005,3043.9417832663703,4254.17057287597,920.8423496600776,4876.147778423042,12142.937625438393,4923.0699500629
16540,12760,15284,14008,9380.432930428631,3208.0915255731716,2468.219576668096,4805.655137794707,912.0106234990977,4383.58921488619,10900.434944642451,5998.604241562644
10490,14926,15750,15322,11037.651668189941,6051.914913042048,2890.0220518526803,3923.5752606056963,995.4923084150054,4517.951983009301,11232.077746202584,5286.406550557678
16497,12726,13878,16366,9256.63910740965,3688.594579546616,2431.0385933357193,5236.497418346495,1038.9560442297998,3984.5130236784953,9893.481399016415,7441.436569871493
12264,16560,14340,15032,12127.010423165106,4761.0158058693305,3172.694384391478,4036.671967719044,1260.3129670212047,4112.4580964755405,10227.579193866392,6235.138293444971
15818,11704,15109,16111,8587.032537705163,4406.428159109293,2257.9893542312047,5191.859308448219,857.4045039146072,4336.942125723339,10772.016147014856,6513.10153894249
14030,15610,14283,16104,11411.877356703157,4492.044060313981,2983.740474028832,4676.616352708718,1214.1866582332868,4096.506758700554,10186.489650246356,6933.588329316754
12684,12690,18485,15560,9556.204814673134,6367.656454534084,2497.171273253126,4845.174263540687,635.793348350319,5296.296938538546,13188.530677355933,4344.047272398939
14304,13923,15723,15470,10277.228394991562,4717.835794030233,2691.653772599211,4779.376885455858,955.2550240840964,4508.681474632627,11214.331005240187,5973.495608928961
14179,14628,15452,12238,10783.62890943994,3428.8696458129166,2838.8681866017528,3795.05130348476,1003.4198400001569,4428.933522800713,11023.0382457452,5008.509022418892
15021,13526,14688,15202,9905.365206261355,4095.3820963977178,2602.5715916832783,4701.633689162078,1017.8860752749316,4214.30723433733,10473.683361214553,6405.263095946316
17009,15404,14916,14592,11307.020101850998,2487.969375408965,2952.5486417490747,5151.837128036588,1144.6496565431885,4274.476398463809,10641.530909751984,6945.6585159338565
15352,12057,17307,14391,8994.244546804779,4451.405944266805,2360.9009696182416,4959.1017613480235,702.0516997252307,4960.816463393303,12346.280759970256,4979.860579359524
14752,13926,16721,14906,10354.351843863875,4531.151643199381,2707.7299753471107,4901.160285646807,865.7600783672159,4791.968828033607,11929.087629059002,5477.71476505485
15287,14820,16004,13871,10965.76607775638,3591.830287652453,2871.0393888131784,4632.44976510228,983.8531273976652,4585.886065126213,11418.121944251856,5651.098097289126
14598,15096,11480,15192,10810.455594163937,3437.040817883991,2849.9544524665507,4138.448227590841,1434.5341742635737,3297.967960797509,8182.00840258513,7629.174356017556
15301,15768,17633,12044,11810.408759908165,3135.4954935715186,3086.696391982422,4409.256473470322,867.6850327213999,5047.141031358844,12585.822928114523,4508.853006069758
11820,20935,14530,13823,15387.280810524699,3954.736989536867,3998.705903386675,3691.346887060452,1547.190739842089,4158.950360398237,10370.975081851531,6155.802442754468
14182,15114,16493,14973,11226.505164030532,4600.671939795911,2930.55534512976,4762.287918371225,957.5711558180908,4725.621567427667,11767.365071038595,5614.379512372068
12915,16976,12174,16800,12234.939938858399,4585.056266582443,3201.2992520389557,4305.525336449307,1540.9896428665459,3494.619522263829,8679.375473968825,7907.673659304684
14576,17082,14930,14873,12556.261521646024,3681.8319876821565,3274.3152904161398,4610.623617804795,1251.053046525887,4277.292626003686,10652.651077757168,6581.895797000735
13358,15823,14765,17100,11609.82893935683,5297.9573850749775,3027.0520335156093,4855.212394602253,1186.7428996686388,4233.946846916389,10531.001211047464,6948.698778510988
13424,15036,14423,17123,10999.945292453758,5302.051241124943,2874.9081127934896,4817.748476278946,1161.3676769515237,4138.082826641428,10284.868254522473,7004.062589183847
14959,13888,17161,13869,10359.141523006441,4139.495850510997,2711.9907848698986,4726.047271584723,818.6699951161778,4916.631642664483,12244.445259364518,5006.740095594142
12666,15620,16310,13670,11595.580835175679,4613.423818098924,3034.597716192885,4033.8093249619687,988.1454487208966,4673.445356855994,11636.593063772212,5022.665645586614
14112,15829,18973,12365,11973.799250418208,4080.1452957729202,3121.0352055601224,4446.270869882895,731.5488788805818,5429.119751818453,13543.964397663982,3854.0275117334277
14785,16720,13182,16216,12130.819727970538,3702.75219996277,3168.2765694798654,4720.921510423303,1420.653558214688,3780.328726031809,9401.755315549957,7788.466259674625
10441,14658,16977,17565,10931.31634094473,7624.298578436846,2847.0395991532864,4632.250907640244,878.5248163869705,4867.468207759697,12109.677788300309,5314.105568067669
16943,14365,14400,16097,10497.66621876734,3090.086414588667,2741.687255793875,5436.034261879223,1125.1285989405571,4129.874787821069,10270.193788645194,7575.294000175738
17239,13148,16456,14105,9749.938099414685,2989.151295727451,2552.3976098307403,5283.652142210347,845.1133842866292,4716.236205401762,11739.902518100116,5822.837424491426
16283,12803,15494,15958,9425.326746348152,4011.352731896182,2468.1470923147035,5366.31362509088,907.6949862965427,4444.293313063432,11049.748088978577,6583.232423841129
13906,14559,15477,15075,10732.2202869231,4598.013481035644,2811.2845100454397,4547.982503856534,1015.6792651574264,4437.8384946394835,11039.16438312518,5929.416021246462
15259,12480,17418,13791,9319.746147397826,4225.955291374992,2446.5446721696253,4783.347414460755,713.9147812663165,4991.521428706318,12426.573118403552,4782.631295806608
13664,16425,15178,14070,12095.434455475575,4004.181098595709,3163.5324228713544,4197.692241921497,1165.3925756365902,4349.511126486315,10828.459852836228,5865.590795577932
13919,12789,15957,15663,9450.979103206411,5175.862509136217,2480.61886843201,4765.700308807924,857.6297339722157,4577.351736880824,11379.603732251951,5722.1779659497215
18385,11951,14435,12941,8728.03548394897,1986.8402375675723,2305.6686636517734,4758.679277832746,918.8971336959324,4141.311643308115,10293.626731060114,6206.781973601483
15522,13184,16910,12849,9812.301687705793,3547.8280285578508,2578.8686775138885,4486.412583057891,794.6297121266643,4845.438641917046,12064.65754511749,4811.4763019073835
14606,16332,14813,14876,11990.47774759623,3777.084918076581,3132.3388677033868,4580.634986836999,1209.3193881066618,4245.291083074686,10567.681569431083,6521.124300014992
13398,14258,16272,14681,10571.266443082855,4890.106049247272,2769.3267946075157,4445.376504229608,917.1157287449892,4664.594798132216,11607.425996408947,5348.271629655552
13585,15694,16498,13863,11663.368563285323,4350.010221647987,3048.5202291657533,4317.680188151615,981.2549903111969,4726.17605654186,11771.822224546453,5191.924217906731
15689,18542,13338,13496,13482.664422616926,2117.370071488003,3522.6222265814736,4262.864285649762,1534.892963739264,3820.115727442304,9517.994798892461,7113.30047714759
15687,12455,15048,15545,9138.366873475774,4137.991866463075,2402.0796219682943,5000.054888118115,914.9137917226989,4318.201271349247,10729.785633170472,6408.039705858034
15682,15088,14080,13298,11011.148215964562,2824.497043901471,2895.3495247332676,4235.042948165952,1181.185138049701,4037.158858524893,10042.808673657248,6236.076040405977
13816,13054,18470,13268,9828.88654305413,4796.959362364135,2576.181521989454,4464.5986539981595,650.8791156014936,5290.066412361649,13179.857429649766,4010.076604358213
16122,14139,14616,14260,10351.434645170757,3140.6811006392145,2718.373196828734,4694.627163580166,1069.1394785762577,4191.582298875102,10424.398972729068,6428.424687129917
16209,12760,17355,14635,9524.279209047887,4016.8592922179855,2491.055739783904,5308.20098955872,745.2306610562911,4973.221851000133,12381.937096835316,5306.201070675172
12803,14530,12749,18387,10495.20422108447,5738.871115051301,2751.3356622110514,4748.920898159202,1283.620209667609,3663.402697034373,9085.58481961946,7906.349727024755
12222,13414,17527,16354,10034.81565446352,6584.410488120383,2620.5418905764072,4806.161352999188,759.9732900216109,5023.825428182525,12503.17696781032,4964.219930128369
12188,16200,18254,12184,12200.725558927981,4558.688031570286,3184.9306680042605,3815.060764637089,817.4968262435633,5225.0570662804475,13029.075514830478,3826.9129902941127
17186,13490,17203,11275,10061.61592093235,2285.469200067475,2645.1921889451487,4477.009471648835,783.671758920497,4926.6122806974045,12276.476839738285,4516.975979872837
15540,13312,16263,15387,9859.940621311953,4302.824799592469,2579.954289132451,5152.667381642079,872.9735737335939,4662.415104808519,11600.660356696073,5935.559725502908
16374,13019,15436,15202,9581.859120185778,3656.616242326108,2512.291524851855,5161.977429498341,924.9924619659869,4427.103550748567,11008.935601673242,6385.34143437787
14973,14835,12653,16352,10709.410919905162,3870.7852652989036,2811.2541358130566,4692.320651973594,1314.4045961110705,3632.97223644512,9020.036859110674,7788.441623208437
13132,13528,20175,14508,10317.308523976066,6079.335104170839,2685.3478039039173,4967.894355718754,515.4882419685616,5774.806588513607,14400.289361549938,3446.8620058159904
12931,14169,17696,14364,10615.486084751983,5319.628069874552,2775.550496015853,4472.03352962014,778.0220197144288,5069.642195831624,12626.36265107055,4577.117687530892
12230,16416,14832,15442,12061.961698249186,5078.86981357689,3151.7464041324597,4199.107773077855,1201.7905745183398,4252.808041882921,10579.19682944378,6163.061221779773
16450,15593,16692,12096,11597.21176855603,2422.6544978304482,3034.600984165515,4558.779905163718,959.6392351723058,4778.960825001746,11912.987870719175,5114.182017938852
16046,13827,15461,13215,10184.961101341869,3064.844052765581,2677.8402351128807,4497.745462892287,964.9026419715411,4432.120405055593,11028.881247413692,5654.259978418508
16131,11664,14119,17415,8493.88124529234,4480.04833789932,2231.207998732686,5462.359883212395,937.50954650945,4055.600445692457,10063.336837825354,7471.690183931112
14457,15701,14582,15184,11504.25084842397,4009.5736592625394,3009.5338135176544,4579.293200653465,1187.5961614793305,4180.857207396,10401.135960458814,6596.207656632348
16829,15030,14980,12744,11038.019613024935,2250.147043103513,2897.349992076495,4507.87298671218,1095.2238253824585,4292.507410898461,10687.404435798873,5989.194763599154
13818,16724,13409,17299,12154.57430403508,4639.630805363263,3169.4214213016858,4809.130638961895,1400.0165685525242,3845.944055605374,9563.145874857415,7846.788475814202
17298,11772,15111,15085,8637.13804151744,3276.9094951221637,2271.1021104086476,5279.731686888876,862.1841501285368,4336.102421196774,10774.929855865468,6531.572996092383
13909,15680,15768,13997,11590.754557589058,4095.765073226167,3032.823241295868,4313.045176158291,1055.8191977370143,4518.370408756307,11249.616712120762,5582.887117788245
11961,14322,16107,16875,10607.771243487965,6421.297481010256,2770.9661150597176,4673.558791813855,943.1459921081155,4619.3923628949815,11487.61146131454,5781.66147556701
13560,16728,14330,13668,12247.490601356774,3691.4992056745837,3208.7340551854118,3945.9433202936634,1271.5352946995538,4107.595885984329,10222.41533600237,6032.278338702271
14193,13393,16707,16110,9955.001759021055,5360.451757125182,2601.511945568076,5082.913043290567,837.7062251531755,4789.531430154597,11917.512844406778,5662.717238478879
15898,16632,13586,13644,12103.47474884705,2463.33572219238,3171.694983352935,4343.795519393377,1357.1856776278314,3893.9408162616483,9692.092108586894,6838.937436835459
17588,14152,12947,15640,10231.236480342262,2368.6404097635773,2682.884464304775,5177.818313906253,1237.3594198480016,3715.777606866506,9231.308267617911,8085.598158970237
15123,14430,15353,15336,10623.821912247364,4103.945624354842,2779.933647256814,4892.373289773273,1027.4262457405382,4401.968462150438,10951.032721072657,6343.62400381008
15710,16637,13715,14246,12117.799551223565,2736.035720792208,3171.3646827059083,4494.9007722105,1348.194090747318,3931.078165317146,9783.96644745627,7012.429716400533
13130,12534,15705,15392,9245.241281120332,5346.010672656905,2432.08977180477,4477.439236179909,854.8095243566842,4506.561695245822,11198.286436776954,5563.070512839209
12040,15194,17301,15033,11358.284094470735,5769.3455828579,2963.312530443187,4403.013931023556,870.9188823401846,4956.767350991957,12344.287252521684,4863.704423796678
15221,16188,14336,14340,11842.128832666584,3217.062638598262,3099.187270045789,4497.104074441479,1246.9933381824244,4109.110116816094,10226.887609216556,6625.662763623618
14759,13596,16576,14721,10096.671498864773,4466.539226642384,2644.3099761038466,4815.720794079796,856.6992742698457,4751.178994846406,11824.886363808811,5440.997115045335
15770,14195,14598,16030,10389.835651409005,3866.983357589154,2718.781282917901,5118.1526412502935,1086.8850411804137,4187.294536891223,10410.71225412996,7050.629446918014
15012,18070,15738,11165,13369.184178912608,2324.212643568144,3496.6803844615115,3794.885061013706,1206.4485047944572,4503.831706236913,11234.006723401319,5047.569830802806
12071,15537,14892,16206,11414.245515071289,5590.952075817221,2984.479753899236,4361.771528339337,1136.8115963950977,4271.737330425856,10620.25046855117,6252.129586816517
17376,15593,13189,13101,11306.598986362793,1687.6674229926762,2970.819725047501,4443.62320046072,1315.3768011096518,3781.197413133821,9407.826210050425,6975.23622886543
14132,16956,19320,10600,12862.971739561075,3324.0853133083056,3353.6441439471137,4002.849539743096,741.8353309823282,5525.520311826929,13794.901849810754,3322.4590746610393
14343,15208,13041,15260,11016.123952583177,3844.300400180368,2894.3436968908713,4332.846080786778,1296.717760957352,3743.057677809081,9297.996332055665,7090.839489879532
16798,14473,14553,15606,10589.961160178518,3054.2885528493616,2768.0297121298518,5281.457096166627,1114.8681479136917,4173.195210732729,10379.84148154228,7272.1766759052325
12391,17730,14113,14155,12974.156478332647,4180.456983404055,3391.377622935329,3816.7062771588417,1366.1172252237968,4045.430457160371,10067.621760213991,6166.9335645712
13833,16030,16555,13399,11919.433535764521,4028.1531107435853,3115.0727043496063,4260.01060475649,994.6557722662455,4741.504731088264,11813.468012175283,5104.750327649028
14280,16854,10874,17171,12025.429953454815,3767.4699399489036,3150.071013905108,4487.200850207,1679.4818442319481,3122.8382552795533,7750.8865673694745,8898.323478581904
15115,13065,14349,14649,9541.942667867612,3854.21497196988,2514.510701314739,4507.195948068807,1007.5117488640285,4118.235460387531,10230.763518856933,6288.881962151936
15244,13986,16706,12505,10398.25779664963,3399.071358711897,2731.389442794496,4298.569639385927,857.0341703908091,4786.197884816034,11919.866861076975,4803.404251825437
11336,16772,13952,16077,12252.058035932247,5446.505074879653,3201.922843241515,4052.881540474993,1318.575006598334,4002.9108256745876,9949.137949403903,6570.871654867448
14327,14850,14686,14837,10884.795989817807,4095.3606889999865,2854.593435999738,4459.50454189079,1109.78730050463,4211.903434580618,10474.094297372572,6280.505161593694
15079,14264,17107,12766,10637.339568752575,3604.786754312277,2788.850651642297,4419.551342567837,838.8289740950077,4900.121622320343,12206.949599380241,4739.406143041795
14740,14163,17498,12627,10592.25387365008,3795.872089330307,2776.8393232430626,4357.032566795229,795.0373083954889,5011.5698002982845,12486.492888853085,4472.7451582455105
12835,17922,12762,15299,12984.712950789537,4087.964389433657,3394.852966700342,4006.729659863095,1543.540186457667,3660.196336617019,9101.853261505412,7210.7344339484
14147,15368,14112,16528,11218.444399786353,4586.2922297666755,2933.160576919242,4786.061364756224,1216.5025394577128,4048.254714481739,10063.743296056191,7155.122854461199
14071,13860,19493,12137,10516.751986392406,4367.752342534717,2751.099495158249,4379.360848655853,592.7559089830675,5579.112840686319,13913.985183575216,3399.680526681346
12376,17609,14322,14847,12901.550714087012,4505.881898851555,3368.6244377152416,4013.8975717486437,1339.6117189442386,4105.324754047289,10216.694787589524,6326.761930457796
13142,13320,16432,15593,9882.42357806884,5540.22546529175,2589.6378758981464,4648.957368648675,848.5824994531268,4712.027720465092,11719.951358816239,5405.538485657607
16790,15552,15079,13243,11431.853836973714,2295.3512613542293,2993.28161559347,4701.013582717736,1127.382037620741,4320.179069297221,10758.75837083342,6245.211524451449
12780,15222,14484,16416,11145.06812204362,5305.958458942073,2916.4283271470513,4506.226125307498,1159.7095934395447,4155.606397558671,10328.366783561873,6604.831267267605
12155,16058,15863,16256,11883.12408551665,5777.137241242672,3097.0281730592824,4531.929166564216,1076.9447367206808,4546.79531248925,11316.176441093761,5944.866775783593
15265,16107,14586,14553,11803.2123444997,3320.749075416356,3086.5004120949884,4611.015483309935,1217.6547382645306,4180.465646540841,10405.522396247467,6622.875000125048
13162,16904,16571,15446,12575.586117298182,5037.73035828486,3269.7172214018665,4685.221422695419,1057.352473752207,4745.643726799086,11825.118739848825,5727.328218904845
12740,15750,14058,17423,11497.516277980525,5553.306027367425,3002.571497052889,4686.610438670037,1249.850932484401,4033.5936660543302,10024.37305872153,7183.3974306719565
11276,15699,17259,15885,11736.750025098067,6421.316534243579,3055.635467102773,4448.244676753835,904.5627155990352,4944.907118327624,12314.190900109948,5017.087677982597
16768,13802,13680,17028,10028.971132315055,3465.136140921189,2622.5343238723335,5490.992831104134,1150.2676309344838,3926.2052348825946,9753.87428199079,8081.57337862986
14265,18312,13579,15096,13339.479739498927,3418.7527594986186,3478.6801597742187,4388.555098414112,1492.8055608675272,3890.7422533763247,9688.322257002243,7276.810041468453
15426,13458,16613,15330,9994.751302301078,4401.000174145406,2612.8151794440564,5174.336585913572,851.0374486331654,4761.755610179902,11851.325543462539,5759.059081977581
10903,15082,16800,16303,11235.501657943103,6701.371656606579,2930.122598402899,4403.950262377853,914.5453952815888,4815.880444102485,11984.257105338413,5200.062951435611
11237,17909,14348,16596,13127.82009099012,5681.283481513744,3417.3865656839553,4206.04030293998,1365.401743599645,4113.605615129577,10234.412883710494,6704.980376765956
14058,16922,14033,13568,12362.63928679061,3356.4449072552734,3239.248541337006,3981.9797239860727,1320.0156202266955,4022.224465480309,10010.791339846011,6228.42752842327
15884,14651,12042,16791,10525.43492834963,3431.207925031246,2762.498858295225,4913.4657873216,1363.419551465296,3458.4756342314477,8583.483400496689,8441.43106852972
14166,12818,19409,14696,9716.95083559338,5576.309281939758,2534.230085093416,5141.93741618489,568.4053287423509,5557.686343290882,13851.262958459938,3963.412796855979
13200,15008,15674,15890,11082.558430483161,5236.403783332789,2895.9773368815636,4638.774984812096,1029.7110140471777,4493.903982872422,11180.09181400603,6014.605229665555
15703,12040,14477,17548,8792.916439294577,4782.028275574071,2306.2941461169275,5458.872827657338,939.2931154620029,4157.13557387294,10319.791995944825,7305.615182966831
12540,14906,14865,16500,10942.69265826803,5586.490801469955,2863.2105247210966,4529.306549471121,1099.171688917264,4264.77599048418,10600.189205327126,6384.810083041724
14494,13014,17874,14730,9754.76709135753,4998.83773580091,2551.3679479702732,4963.578936839382,708.1272194644507,5121.14916138838,12752.873085472558,4765.981650495153
15803,13482,16416,12863,9999.010920443383,3290.5363033732237,2628.1578811476147,4483.904706228103,856.2079449030837,4704.348959155059,11711.727862618027,5087.641794912162
15442,12896,17246,14784,9619.658973955053,4428.326385806054,2517.5529557752143,5116.3691357367225,758.9498221656193,4942.405028966201,12303.707601297745,5240.799409382135
14201,13682,15264,18197,10061.622380836121,5775.750254953885,2624.7622107739026,5410.11213537024,995.8405174778848,4379.159594608903,10884.780451425915,7014.782602574961
16370,14692,13519,15732,10671.14997445813,3122.490409654662,2795.610097048693,5003.472407365068,1225.3618306948033,3878.6756780026844,9640.380348442299,7607.402093035649
14722,15077,15416,16188,11108.910330566461,4528.546308853368,2898.173090221788,5054.607055764487,1071.07181843413,4419.254717230575,10996.718037099934,6615.491796579734
17256,14118,13933,12152,10285.864035405877,1933.8836046343624,2714.020427475164,4192.967501947644,1117.2049409727335,3994.889381187164,9937.983733793691,6020.567670967851
12781,17775,13384,14640,12936.5223964768,4032.610806037807,3382.9810243126262,3917.1302920462513,1457.093912023156,3837.536525033651,9546.533123248813,6699.420793859698
14828,18879,13106,12708,13714.218480008341,2305.1186459073756,3588.945285397516,3800.5191930150695,1575.1053224244902,3753.8027863094862,9352.271623189983,6615.010453139715
13057,15903,16188,13936,11795.285874692598,4504.329506639693,3083.9114675395354,4174.687191128474,1022.4944565035804,4638.113611294855,11549.898571371174,5253.987300108948
17755,16839,13294,11424,12228.67436480375,930.2163531389231,3213.110473808656,4076.5790339687146,1397.4613618817834,3807.8725456386364,9486.193129980871,6420.172925247393
15718,15975,13749,16359,11630.77012041377,3461.868466498543,3034.731721765099,5088.903301529592,1309.1957572653823,3942.465934250312,9806.639794327584,7814.285658176695
15762,11782,15469,18214,8666.483266966385,5299.813245966121,2264.9045755059237,5834.747782801058,849.3394137295587,4439.799209596775,11029.185032706482,7072.198452073499
12370,16041,13072,16717,11631.466213389096,5145.685229553823,3046.0024783496674,4298.383754548675,1363.6036924240532,3752.749665680284,9319.277046111858,7274.262349708992
12915,15015,18648,14950,11331.306347766136,5764.302924340048,2948.1902951217126,4803.701925947418,735.6606790277974,5339.2867772172785,13308.584462643712,4382.88842778297
15682,15921,14670,13516,11673.1878682744,2845.218164692336,3058.4457916132737,4422.843744644384,1189.6138600534325,4203.9619147599415,10465.992067707464,6249.401318789944
16139,15862,12760,16390,11463.820990661487,3047.3569731200328,2996.6126518965775,5019.1183552997645,1401.4870710221278,3660.596227458017,9099.505404169277,8316.835011136916
17286,13454,14278,14139,9820.65601789078,2551.492801289978,2582.111596291346,4875.069584372447,1051.284205023063,4095.646807659916,10182.32306281958,6713.564464403412
14256,17482,13597,15526,12730.290490774372,3715.238977847818,3322.6233513530833,4490.141588825687,1428.9983292918162,3897.4823965935357,9699.577456203553,7313.56765328604
13153,15044,15732,14899,11115.285103442113,4855.688096452836,2909.25748246225,4376.902701653053,1018.7713152575936,4510.094574138956,11221.917720168822,5667.287938000843
14539,14973,15345,14992,11027.708972672437,4182.033197836949,2885.7516644603274,4658.85743866312,1060.0951570941006,4399.086452431477,10945.90496087406,6151.072566858423
17042,13272,14421,12768,9699.100334857594,2386.5696618652655,2559.1548580865283,4398.895738228379,1013.3463452343009,4135.887684842179,10285.041164338416,5980.105854521195
14125,15407,13124,18680,11161.890445856652,5132.821279968676,2912.1209233821482,5178.920017652055,1333.8445984611328,3767.0925416564905,9356.971241955835,8375.435991183207
14429,13684,12540,16937,9863.42097816032,4486.257301576289,2595.657981332016,4704.285776747192,1224.8933243355996,3603.5364657956393,8936.488970782118,7747.941073399729
14646,15578,13880,17495,11350.810080250048,4574.087582200505,2960.480292330968,5130.77451011718,1266.9488790957791,3981.4785694265856,9898.577761325618,7800.666423385817
19236,11699,13082,14481,8457.064187247322,1689.5212344482416,2232.0459190772553,5222.544979130184,1010.7182429841756,3756.754091837619,9325.286605654519,7584.244325062745
14688,12290,13629,18881,8919.962391901096,5562.870758383207,2339.1371715001205,5424.092095680872,1029.5193143339077,3916.4048113279696,9712.491365323549,7897.224619700108
16425,12006,13810,17540,8724.043430326357,4226.550567082489,2289.623717755047,5522.497838639484,990.5439741838554,3966.858522908482,9843.10264274992,7792.161878894918
16463,13860,11897,18301,9937.788850015282,3654.713936761405,2603.240253455338,5425.463553402506,1319.089254891488,3418.4427439047263,8478.511167471368,9225.029696110354
16145,12130,14525,17504,8861.747573358487,4519.460370712378,2322.1102562573083,5572.464295174601,944.3688384449958,4170.314623065218,10354.63776907783,7413.549070106056
16331,14486,15984,13228,10713.715362689849,2906.4688616979197,2808.203590349026,4698.419939228787,965.202941573275,4579.803571159064,11404.20932080875,5626.512068126991
14297,17765,13276,12978,12915.401495508402,2821.271454029038,3385.588775263952,3771.3194297795117,1464.5586119512432,3804.689789165319,9471.361690479873,6391.126515480129
12989,13340,17304,13992,9961.669578704359,5112.210482613979,2613.4005945041945,4308.964260964387,764.1707348895671,4959.1888343364,12344.794083859177,4576.49474376865
13895,14551,14660,15372,10662.182311649318,4525.691743298715,2796.4029497292845,4501.26844531605,1091.5962396281716,4205.568034851143,10454.427224465413,6346.11795746507
15844,14555,14447,14730,10645.164631450758,3323.088333237806,2791.804358091593,4744.196397243151,1118.0218981715311,4143.181716608842,10303.81145213982,6667.496412883948
17100,14080,15238,14929,10352.321058733318,2885.752019297609,2707.08461926506,5289.393397959984,1021.435061723109,4368.454908700655,10869.5601158176,6749.544809540613
13047,11282,19125,16521,8530.845023684184,7037.006430452209,2227.002959501161,5278.088214501907,525.2511665847807,5479.811052034946,13644.783331668417,4170.260103755789
14044,12958,16337,15856,9603.456529683084,5280.036492381602,2516.1496378911943,4908.687012247287,839.1670278248088,4685.075460943994,11651.930351111074,5664.646506616823
16274,12590,19380,11962,9538.419525348485,3477.1029094487026,2499.175051194512,4855.432880619144,553.2511477330884,5547.6536444048,13832.493324583917,3619.8180047806586
15322,16340,13419,13376,11877.181301663783,2708.6728096827715,3118.5236150061633,4097.785621683887,1344.3887548722732,3847.132625715914,9571.889993638475,6570.824027901627
15690,17509,12712,13883,12667.940777872267,2336.6503494802046,3318.061270672166,4233.95398003263,1522.9380963100155,3643.608245216842,9068.449239866373,7313.593353240078
15609,14018,15111,13184,10301.240187376554,3164.6366200291845,2710.4969514691024,4327.916821503989,1006.1759822993246,4332.441731138321,10778.538012447778,5689.9730752736805
13625,12827,17430,16889,9583.540342273041,6249.855757922411,2500.8817758137925,5263.174575802095,743.3009121207234,4996.37613670383,12433.641740720392,5355.953910114514
12272,15438,16650,15294,11486.881000042351,5587.547271961415,2997.600737371982,4427.043597894587,952.2533325130112,4771.265808908191,11878.778410976583,5279.910795257516
18288,15553,13110,14292,11267.053358717198,1293.0739577970385,2948.9233467721097,5060.929185702569,1335.784264332667,3758.9037880942524,9351.275094621242,7934.940255974598
13949,14414,15656,15121,10638.268458713068,4659.403121710714,2786.181886808528,4596.450061622647,989.9341920307303,4488.965239712357,11167.043035862705,5865.801550464868
13906,13200,16928,14552,9827.489086937721,4911.575858400503,2576.9849434963735,4612.235739677222,796.5007919414883,4852.256676570732,12075.77134758046,5030.970901966057
13125,15706,15464,12736,11589.339973080576,3876.857764648451,3041.674733904787,3748.168305102614,1073.704489146675,4431.861186371954,11032.136540432028,5106.904199400603
15786,12778,18170,13633,9596.065441113757,4051.248283680681,2512.1668391825497,5030.538492036456,671.25186064835,5204.633692522251,12965.47118330159,4550.670251165242
15308,13440,14181,15808,9804.152873527433,4069.852811734371,2575.5459292955375,4853.283119238542,1060.5731647545936,4070.186678160442,10110.806094117583,6884.362040647601
13079,17854,12871,14468,12946.294758142063,3729.7027528349468,3388.65728580154,3864.647926403096,1520.8106894928758,3690.902319038174,9180.1621219456,6884.655354722748
15403,15032,12493,16132,10839.759652426466,3515.3575740731458,2845.0016475865714,4706.08057988421,1347.3734234511542,3586.575525050187,8906.431647348654,7907.9663447213625
13240,17702,13862,14028,12925.562719986401,3724.187333156817,3380.567799324881,3918.57205557217,1396.6315497838623,3973.139134055222,9888.9046366798,6386.933761964797
12412,16302,15524,14489,12038.133292853092,4790.918850355331,3146.6198992907493,4091.8040136743475,1116.0921558348643,4449.384938280342,11074.635298268691,5604.504826763971
16500,14002,16345,13526,10380.18619311571,3057.6047200180838,2719.2594324187467,4892.256876769612,904.3144015265847,4683.375517982708,11661.69457492838,5578.651441156913
15792,14268,13130,13261,10336.752087494257,2745.1135350596064,2728.7700239833302,4079.6523565572197,1200.691715281544,3767.6264830893465,9362.409482823443,6428.697445909697
18609,13054,14548,13312,9545.247532602061,1700.426548014309,2510.1556157157906,5020.536345163479,998.7755740801841,4171.993183670926,10375.937603478593,6587.884933742663
14198,14106,16618,15845,10481.902694687256,5124.245554550445,2736.692301561776,5009.855866182072,889.4083357591252,4763.021287131655,11855.008848612517,5712.907174290464
14806,13353,18087,13082,10025.702813172995,4184.280638714,2627.327405657029,4594.475415802845,702.7367366301515,5180.350141235807,12906.689677056067,4305.31669140683
14204,13312,16097,14611,9850.658509262772,4592.2761419330145,2586.2256837045434,4567.572369918654,875.5040798074347,4615.71549089769,11481.294498705582,5453.726232546243
14271,15336,11960,17880,11016.447019459449,4493.324249910783,2886.1621345741996,4823.1474814659,1434.1358865998955,3435.4899503718916,8524.448088440538,8552.359456424625
14656,15374,15592,16439,11343.828969542235,4646.156764884276,2954.961281935247,5147.4469234222615,1076.074565269108,4468.861685300151,11123.084820895201,6660.913674090805
15836,13104,12747,17699,9453.198113793644,4163.390596365365,2481.9828395220575,5246.759335086608,1169.9270637433517,3662.5650627491636,9084.425188347539,8284.864506680802
14490,17052,15861,13200,12620.470881707235,3365.973027677567,3295.7493851019526,4271.552858696109,1135.1414349762815,4541.8422405927695,11319.038430955618,5560.56707467762
14230,16847,14460,14504,12342.300531659434,3679.303196773631,3226.195594299228,4338.578225315976,1278.3615398629702,4144.126741392799,10315.86352627356,6483.10814967709
12309,14137,16102,15570,10469.741475091138,5690.649700340484,2741.794429292058,4418.474963198609,924.5854795620854,4617.627442241937,11484.362273910701,5461.2505516296405
12994,16123,14870,13596,11848.608382686934,4081.0375110684286,3106.1157324309074,3881.037641388558,1167.3298191159597,4262.762490980245,10607.251469843573,5633.437263399208
14842,15568,14960,13144,11438.871602777515,3240.2869791673643,3001.8111993672082,4151.326937948616,1126.7861853751106,4287.517518607336,10672.439148420965,5748.509725117868
15840,14608,14229,14388,10667.778868277099,3170.702601492514,2800.769819556196,4606.527190332248,1139.2222701250425,4080.865877497052,10148.12539999808,6613.01324059858
14281,16066,15478,13268,11853.330721267728,3557.74032648452,3104.2186081645164,4152.642581714717,1107.7731751085455,4434.638172956458,11043.320809876557,5553.80657197927
14980,15067,14389,15930,11018.158346294827,4060.4981552508402,2881.9909983646103,4868.692337121438,1167.0143010115614,4126.826752450169,10262.178687161988,7003.759682842174
15693,13872,16793,13097,10318.399576249994,3435.4159514748626,2706.2236534018625,4612.236816825145,849.0462809130926,4811.233840186921,11981.858784674356,5049.658019211447
16116,13750,12250,15458,9890.567114145937,3132.8658233339165,2607.0711004975,4627.9825944080985,1252.2350205359544,3518.70230679694,8731.333108099012,7697.276259882396
12844,15879,14801,13073,11663.678681375979,3957.490273947033,3062.3464889561046,3695.317457308426,1151.9312137975537,4243.381665687912,10557.637081434907,5416.145464346469
14363,14657,17627,14661,10974.677715003982,4740.442595741254,2861.976287886846,4912.330998671163,821.9272594124438,5048.611905194443,12578.341641560055,5016.136985290517
14965,13736,14468,14017,10045.663055801218,3637.84521442427,2645.738421118982,4321.5215047614365,1043.029333204944,4150.787479655496,10317.211073669758,6056.744958422489
14835,11742,14642,16586,8586.058807325831,4939.972248229099,2260.244435608577,5013.207678604194,894.3201266431912,4204.894566355811,10437.007345392485,6636.16269934135
15861,13080,13082,17937,9458.70217028599,4310.0014129987985,2480.1225544424437,5374.550039287402,1142.1458220499533,3758.0720549820876,9323.918018934122,8252.84706225889
16443,13827,13603,15577,10044.4470960831,3226.389048519385,2637.2358173678795,4970.973069924223,1145.5413948348737,3904.005741835342,9699.017625706783,7383.686649868816
15745,11988,15631,13803,8832.524697504574,3691.64499187038,2329.9887873445673,4587.780405806554,825.5621864420596,4483.830933477139,11147.184713676534,5526.19345058398
15680,13678,16603,15209,10158.065604291172,4178.505459805107,2654.000790430671,5216.158353586182,866.9060271475615,4758.382884373237,11844.691428336824,5818.7662176103295
14219,14850,15567,14610,10955.26198037344,4258.5067902079845,2869.1278665594796,4510.159199633952,1025.7195899826388,4462.5498582678865,11104.453182517067,5840.11381764412
15992,13075,13926,16152,9516.613822598933,3840.9371948299718,2499.8672609762298,5064.248729047461,1059.2181906788423,3997.8462552652127,9928.14843629887,7246.317754193474
16455,13516,15045,15436,9921.326086112655,3511.478781314425,2598.759694012183,5195.324383801206,996.4919748964295,4315.042300918898,10729.970920693911,6731.884449337638
12279,15598,16125,14575,11563.937525196976,5108.908683882144,3023.453813030797,4167.1479279600035,1008.8982380423975,4621.55508520611,11503.48994723977,5299.093977203731
13041,14941,14610,15679,10948.142679210363,4958.769693738458,2869.179149625478,4392.447190692972,1122.423759405355,4191.525239757986,10418.47033931487,6329.140071965707
15631,16391,14654,13360,12019.515453163032,2740.6726174723008,3147.1414550396075,4375.282358207746,1224.4345390346332,4198.596980490949,10455.354568199105,6245.866883420375
13534,19735,13249,13067,14363.651952521208,2880.3878403634208,3751.1283225499133,3658.814750464643,1620.0143377128757,3794.3917952467245,9454.675840951939,6529.440442131592
16984,13034,14454,16140,9522.131737214988,3390.429720880513,2494.4792453212394,5421.089131487144,1015.929140568151,4147.577427518409,10306.435685589335,7329.664072487885
15993,14420,15300,13846,10611.966569304179,3158.537026779798,2783.50782105202,4668.714101090196,1025.3437615826513,4385.724760272731,10914.262302090154,6023.039387484167
13312,12095,14003,19530,8802.698269008031,6665.039820434959,2307.6385597722674,5326.714212999457,982.5454027124998,4024.4648076287676,9978.380509841058,7551.416505531101
13726,15265,14329,13489,11166.518021765143,3754.448587966001,2935.9850837358563,3912.509319699492,1160.0831872354818,4109.467015809094,10219.554801431146,5825.48114971373
13540,18920,11101,14704,13553.080528367394,3113.881299627748,3548.694719069248,3778.167491473232,1818.556857075675,3183.9088682501247,7916.799605195301,7808.591077557474
15258,16140,12426,16276,11640.636268628998,3417.323886990517,3047.1309369368946,4713.4466337947515,1452.3858703545523,3565.587568302114,8860.433499725892,8136.43971403618
15958,16720,9936,16361,11844.94356471848,2502.923570681945,3108.8030266786127,4491.8923081992725,1766.5108345104609,2853.7803730017404,7081.999721837086,9341.568485304557
15209,14630,16041,13816,10827.31469760129,3645.975852313887,2836.331786087088,4596.714587797973,967.0019876653348,4596.74287608031,11444.278289051701,5574.6476876934585
14028,14770,11655,17964,10582.504561217847,4670.396570906323,2778.3769131003114,4745.971651432883,1409.5922596285898,3349.9173913862887,8304.990887816395,8542.425037905341
14230,12688,13804,16971,9226.121509119383,5033.429786204794,2427.1579907794717,4856.597658470015,1035.1141280179186,3965.4762356458277,9838.498261122531,7085.098163535318
15408,15407,13789,13812,11222.179945335232,3001.0447481982324,2948.0845609504822,4282.380128233863,1235.988230563678,3954.2486480877046,9834.756753301306,6527.290099341004
12825,15888,16416,16271,11801.396435306528,5653.563672519156,3071.8621173832976,4776.161452495129,1014.3409604284069,4703.702263908464,11712.212833587007,5841.540043885255
18485,15830,14592,12699,11594.072626373534,964.8766523382781,3033.1850691898544,4948.2813719224705,1202.2250826153909,4179.876360174038,10412.144020342657,6787.007520939627
11697,13735,17060,16049,10242.535544333496,6474.106466739413,2677.874180882579,4544.504053383228,814.2214809083155,4891.023134271687,12168.994791057004,5035.115927196672
16323,12038,14850,16665,8815.848231941345,4223.098932648494,2312.7975596503084,5440.523109534772,907.6667550132366,4262.594533722684,10587.382344846075,7002.440612507509
14198,14973,16117,15613,11090.143118117538,4772.624396901707,2894.457670122066,4877.2342195425135,989.3912804899566,4619.080516986969,11497.906490206096,5968.344475106555
13928,15489,14398,15407,11333.59381676001,4330.451470424132,2967.4747927122708,4486.149451771132,1187.2766584086564,4129.373985358046,10268.627274543138,6588.226379828102
13504,11984,17370,17714,8945.700096238488,6774.53710112273,2335.476852960577,5430.607199793332,703.1350150560379,4980.85559341427,12389.150642108885,5474.551804953346
14619,13513,17404,12743,10096.482714456874,3953.1958046859695,2651.0123748907745,4327.921130683486,766.6060273954668,4985.840158998641,12418.219673416483,4461.517446809071
13693,17862,16465,13903,13283.671819415407,3998.6498161496033,3456.53067950265,4400.86131277359,1120.5545090137373,4713.179597546322,11751.528016385428,5504.572840277725
11125,14530,15048,17319,10681.22386406163,6636.715810250778,2794.3053083273485,4451.387211014673,1052.6577658113554,4319.018131024962,10728.913000495078,6217.130186235822
14875,13393,16536,14805,9941.723671537984,4463.937348659406,2604.486893374959,4857.79186484325,848.6190378754314,4740.0841148176605,11795.9852131601,5485.228857365915
13938,12958,15283,15757,9529.219982315655,5014.668502931776,2503.419140518714,4694.399401947456,925.0666538512342,4385.512359610677,10897.422380736713,6049.983354078391
13089,14541,16058,14891,10766.470816591856,5020.439067502637,2819.3636178367983,4404.88959491238,954.5437943401454,4603.630150957318,11454.385791202956,5467.950842427468
14110,16239,14084,15113,11860.218536324825,3962.782550919901,3103.416248831727,4408.151500067226,1275.5491430263473,4038.4391884501574,10045.578940747528,6742.820857213431
14738,14120,14700,14936,10345.585707568625,4049.3543602462146,2716.3689178556506,4572.588781164852,1057.497096604991,4216.829873139728,10483.165606798733,6313.526004428264
17412,14400,14981,13537,10570.438131359213,2230.9867786112186,2771.5991051038336,4899.9821055094135,1058.781686229602,4293.938257501439,10687.017334578533,6401.398741297395
14723,13446,16664,17705,9989.879121279982,5720.4804419730945,2599.4310130310614,5667.526955443669,856.9017120324771,4777.152518776864,11886.877781085712,6316.293496913409
15078,15142,15309,13780,11150.151464512555,3471.5856183141086,2922.6288771932695,4440.532257681532,1069.3394388310708,4387.692184658708,10921.283776983593,5869.338096923969
14280,13428,15358,16946,9881.444269698679,5294.090749772739,2585.429619901629,5108.104784820467,962.5100296029364,4406.150758274986,10951.81826589099,6542.700737332608
14910,16401,14739,14308,12035.055481756577,3407.148542054573,3146.6536980841092,4485.24800710334,1219.3664113190314,4223.699399461734,10515.272101539776,6415.747514065876
12268,17312,16293,14959,12860.532773009374,5117.0971568692285,3347.2274452273195,4301.633478612547,1102.792487207672,4666.596264197538,11626.295597063141,5533.343553258017
14552,15695,13495,12833,11413.935557056997,3005.49229601838,3005.220644213732,3782.0839387051483,1273.9089243305423,3870.1158829452866,9624.917720760019,6043.005394555937
15947,16347,16919,11330,12183.066893420813,2374.923272748084,3187.8514988136676,4242.403515093434,972.7389548707441,4842.271862568314,12076.630018313794,4718.400789145767
15263,14569,13084,18157,10544.944495333251,4446.836208550469,2755.8274838062944,5307.267046328322,1268.7960021035597,3756.3014428969436,9327.745289811495,8410.371829879548
14942,14941,15552,13147,11021.26889364362,3399.002564831856,2892.6231273094245,4256.315188111167,1026.7400136318029,4456.948933007996,11095.036221841387,5490.004275543067
14187,15610,15501,15192,11514.241610243844,4366.288290681383,3007.512944371335,4665.838867247005,1088.5436599081877,4442.703433089564,11058.26437262195,6160.383835974705
14345,16504,14781,13613,12117.86987533382,3445.0651327617593,3172.73948038281,4163.659796878805,1212.9995796628725,4235.654528883498,10545.310131172911,6000.425536191351
13487,14686,14960,16193,10785.447452765588,5087.934260476212,2822.538308513116,4672.136889072409,1077.7687237414025,4291.2546551474425,10668.720828926937,6433.417689954977
15986,14646,14610,14204,10725.311434642632,3103.902896992145,2813.898872501437,4656.655393031592,1107.496714211076,4189.100784707363,10420.877075448818,6446.512029278949
14917,13495,17783,12307,10110.442331522263,3745.574175215239,2654.4231178842774,4327.3786468326225,732.198964545381,5093.2159670760375,12689.821591842308,4232.155330965867
16981,15244,11565,14754,10920.168277105822,2119.1072084416387,2872.7387249782546,4534.137875508322,1451.0416386891602,3319.7765394059907,8245.190949069145,8097.305768160298
13190,12803,16770,14540,9519.888058689545,5196.192474912577,2500.781489877761,4418.515155976799,781.6715032857077,4808.347341847104,11961.594008175904,4927.916545915519
16604,15538,14430,12927,11369.135855796547,2242.1095816297648,2983.786541368343,4422.038549703215,1185.5306716182783,4135.293042656018,10294.634755126095,6266.97931803015
14338,14347,17095,13938,10699.883241467465,4369.87173465884,2799.7148841471235,4589.749564585585,848.3046864782538,4897.549846571708,12197.496544146354,4981.038830174377
14300,15629,14902,15336,11477.890795643074,4220.923671859488,3000.6012937968753,4634.243852980901,1150.9075273336955,4272.210215839985,10629.7706526645,6479.712086091969
16208,15810,14496,13171,11575.805722133784,2470.9061055805414,3035.4051015891464,4417.491820902133,1199.161969532599,4154.054368736333,10341.889196608365,6285.813692317374
15571,14445,13679,14628,10505.89642222257,3302.321674934681,2762.086646882079,4516.702016609588,1176.539217900095,3924.8077521178348,9754.212448090668,6810.781854427589
15265,15343,13104,14932,11118.240514448305,3289.090781172146,2919.3910840284116,4453.257261926059,1305.0394334081714,3759.8462679141558,9344.198966603704,7189.210685649684
14852,15762,15075,13937,11591.151353186688,3487.8504569896463,3035.075370777441,4406.718428837975,1135.7719673253728,4320.308674607506,10754.65492037284,6042.680192175715
14468,18002,16594,10896,13401.801062067458,2633.9220001198896,3502.399766751527,3724.7336120751315,1099.128274736251,4747.894329859661,11845.949303654445,4541.925876166597
14847,14028,15329,15643,10324.15602044264,4412.644653308637,2703.2976978540564,4896.528565153823,1001.0618437756102,4396.117794549624,10932.885319113006,6336.289576784824
13969,15903,15095,14008,11699.94629117792,3901.742883417181,3063.9077044949254,4228.307940645547,1138.5772649936953,4326.48727198979,10768.493075810376,5876.621452082714
14866,12726,13601,17487,9238.452384871534,4864.57964343328,2427.1616719912827,5101.85910205627,1061.633434020559,3907.2314300114376,9693.724025312133,7520.903049611995
16124,16348,14961,13740,12012.323507328609,2623.476853847868,3139.5303206322233,4679.38681797476,1196.326277082704,4285.915614444569,10675.038230960225,6435.710474579252
15669,15260,14280,15932,11149.964329306487,3624.090807295834,2913.458318335115,5033.341259880321,1196.6650216271696,4094.932338568535,10185.103630783495,7284.391405591689
14976,14016,13650,17044,10186.526349416941,4454.866045245654,2669.5746880364686,5029.180256380565,1160.6116874690872,3918.6232521323977,9731.366144550972,7559.956016103697
15647,12180,16764,13796,9050.159471805655,3945.7559688512033,2380.270026111045,4759.592175924488,749.58784479593,4805.839715227907,11958.267537900265,5092.295857051533
14428,17262,13076,13418,12526.520989649132,2930.9749307665134,3285.839799442002,3883.1643501831873,1449.9739039895624,3748.632742451541,9327.422964064172,6608.6356901973695
16483,11984,14752,15545,8770.571340005023,3748.6152377923017,2307.397781668962,5138.447294434045,904.3280492164547,4234.2539821907785,10517.735191751319,6660.637699320049
15478,15315,13764,14937,11150.5597698901,3311.5895327261396,2923.3325325103215,4611.887509490569,1240.957354940838,3947.750810248541,9816.278173329181,7014.557608029291
15542,17383,13041,11605,12611.531331682665,1965.3836106397046,3315.989650977698,3588.749129892086,1455.6405827337164,3736.416619326208,9304.581011751481,6051.853381130313
14434,14505,13208,15278,10515.00077533274,3940.3075889260654,2766.144540714896,4376.357361502134,1222.7592943795385,3791.7792299232306,9416.280758449573,6965.338788815781
14356,18091,14191,14425,13235.873856700344,3324.2500828105035,3453.040509453598,4326.664636740021,1401.2329807140516,4065.2264807321135,10125.778367050068,6766.623121391084
14964,14105,13579,15675,10248.63053588618,3959.3335818813193,2693.243611488888,4649.653290236354,1162.854247169525,3897.853379465463,9681.170222529956,7064.8016889336095
13688,15219,13975,15022,11101.530332229218,4243.558677169373,2913.5931148123045,4268.841304279026,1202.585471366111,4009.532380265002,9965.500557113635,6511.744220594805
15493,13286,17794,14495,9952.440042595477,4361.180429550389,2600.308338441867,5163.089994635227,733.7402142572784,5097.517744067317,12696.563906159203,4972.343416316511
13937,13585,16352,12896,10074.424068726119,4049.7453277595773,2650.8800520423447,4054.4699122140278,858.0592737618251,4687.0742830122745,11664.939332246173,4790.594834885178
12040,12789,15718,17965,9435.83504645987,6957.577830686195,2470.350445940613,4901.607143694779,883.0620793396802,4511.575405188676,11206.270928709124,6104.734374958502
17599,14885,14609,13074,10899.804784854747,1859.831032297239,2859.3471216501293,4749.441394691727,1126.4054828297903,4186.836104079062,10422.094770504402,6462.16726483577
13289,14560,18196,13882,10949.229407301571,5045.218981944773,2859.3510108168416,4508.222310194158,751.9055866097378,5210.833943160331,12985.145208266858,4333.0422729030415
16929,13668,13615,13446,9931.508439076712,2428.8538429426676,2619.0619483736227,4453.7637906780665,1116.7933714685641,3906.152449945869,9708.818474324551,6561.663320359694
13973,18444,12728,12300,13366.943867725611,2599.4706181133615,3506.086672131421,3453.3333152996615,1573.2849557660331,3647.3075553761355,9080.758904716233,6257.332073662255
13319,13467,17040,12864,10037.584406999931,4426.386676316548,2638.983533807337,4015.5803925136725,788.7906561354698,4883.190594846477,12156.815256504651,4424.137370761003
15606,13696,16951,14685,10197.885419252712,4105.850226320981,2665.5746757970064,5104.7218710167945,834.2827374690695,4857.193704980298,12093.891856232194,5478.134127426936
15198,14495,15201,13939,10661.431031257878,3544.8946727552866,2798.205221719899,4482.876029970121,1035.6008413186742,4357.998340949389,10842.99254921289,5912.9994565540155
15187,19399,10595,13151,13844.633075443346,1837.7965252919098,3631.653286645441,3625.3253320397625,1918.7383181553944,3036.619310118241,7558.123950838959,7693.894158315215
14124,15834,14202,14078,11573.551126991832,3686.80361415455,3036.062479283989,4146.278424763479,1223.9390216951315,4072.3343888367726,10129.679126891579,6247.391657079212
13856,17503,16800,10972,13049.122713479665,3011.7672772702467,3412.3827316717407,3624.755337113893,1046.8157760368758,4807.765578907047,11992.17079134794,4338.947148754399
13974,14033,13940,17505,10222.112852811988,5204.892154939916,2677.391668923937,4962.777355239095,1134.2556065868735,4002.07843711872,9937.861730031284,7339.63488897128
17255,14755,10468,17394,10475.354488420571,2460.406185645743,2748.643036120517,5134.1824809010695,1530.7910965382962,3008.3533764260173,7459.458338716708,9786.170966610005
13554,16820,15159,15626,12384.746365325529,4570.804759888813,3227.9189380978014,4592.065481638316,1206.9188509527194,4343.8912445789665,10815.031772550647,6460.564255831529
12627,18592,13059,15754,13503.446890139707,4306.344810794979,3521.653735342979,4114.970698482617,1568.173198515765,3743.845301867912,9315.240438596016,7326.697009964066
13830,17164,13454,17940,12480.142987143608,4792.931250881102,3246.9438988332986,4992.626028210042,1436.5425034956324,3857.8577096882564,9596.275589803481,8163.840077337755
14631,12177,15248,18240,8945.635676175963,5798.8202448764605,2340.795094380428,5507.660625741567,889.7216128851236,4377.045167956983,10870.86142713252,6925.633765499053
15712,13735,11674,15209,9839.482117222677,3169.0475831762215,2599.3497808611546,4383.781243646617,1295.4625778857996,3354.640299239494,8319.420868612662,7661.003604396185
11401,13167,17089,15984,9818.576597272975,6611.118168060722,2570.7643070635513,4463.812764511677,776.5176639162704,4900.272890235654,12188.660039081047,4905.769295756889
13888,12960,15541,15922,9548.84702729655,5169.4192575758625,2506.377978292868,4766.505988785686,904.9244948176096,4458.957144210862,11081.985518072328,5987.046425800041
16307,15573,13367,13735,11307.662881382239,2437.948007932396,2969.911566160404,4401.580757879532,1295.1944682851652,3833.033002469567,9533.985667107212,6896.986666789223
13774,16848,13962,15840,12297.892954242248,4257.818984817153,3211.057543955344,4510.06466251735,1339.2907651090977,4003.0665637804595,9958.956701240744,7070.433133212853
14573,14835,14983,13542,10898.130946565783,3599.813010936606,2862.936831136512,4196.1178765221175,1073.1591765232833,4295.656132284352,10687.328378359072,5745.941997251718
15282,13888,15634,14728,10243.159786300857,3957.180369390788,2685.100096615515,4793.914300385428,960.8980217587228,4482.486720454962,11151.53854170761,5978.44189927193
15342,13640,13529,15732,9903.729975472961,3856.1325701627084,2604.625428705302,4736.790075926426,1131.6033511891526,3884.137049243146,9644.884962020351,7137.161577709171
14593,17168,13332,12651,12481.529799617925,2700.201361981345,3277.1763869912184,3739.4485925803456,1409.5003262648027,3821.177946818474,9510.852854975585,6214.801992380307
14124,11448,14352,18236,8351.244219687691,5908.060415331108,2195.168348216852,5238.760910083555,900.0030743395741,4123.999834382798,10227.85749962193,7094.875326469783
14464,12997,15862,15591,9598.24668444904,4852.156631919114,2517.6944912208437,4860.212040400085,881.7207375381195,4549.631170832057,11312.367315746664,5878.364627593452
15357,13596,16042,15038,10055.937320197201,4170.750785642106,2633.4219513374956,4968.555249688235,908.4062904267244,4599.088820421374,11442.966028640854,5902.355728754814
15488,13524,14090,14350,9860.929796881828,3473.9660880030133,2597.7719023073173,4470.044131927685,1064.3747618825955,4043.303950974043,10046.705078161258,6408.370283843859
16888,14522,12513,14274,10471.59684998694,2335.6825696896153,2757.3844389139067,4522.060066618245,1292.6860791936867,3591.189516279287,8921.84390640039,7415.362598522223
15180,15435,14592,15778,11305.918233976448,3884.329531555811,2953.674465995111,4921.518676359729,1176.2714718099496,4183.755271033489,10408.250361207662,6981.542365163035
15226,14938,17248,13298,11154.027420584729,3657.897822650617,2915.344621324803,4676.3281970583885,869.64420288874,4939.4359196601945,12308.575832201466,4966.677912083709
12053,18340,16507,14651,13653.309401669683,5001.850079740665,3546.8941785775187,4217.852576476291,1139.1946439223382,4725.839647626612,11780.89985750278,5420.914922633861
15939,17792,16353,12377,13214.03477715638,2268.57962702162,3443.8479716242546,4552.173240843826,1129.6226088155788,4679.402215920826,11673.33964854663,5546.642489408765
16846,17288,13703,11385,12596.45246388872,1369.7041862677158,3307.232328334567,3927.2816893961026,1384.3212775413435,3924.2527736516986,9778.729297355034,6097.102863748757
14677,15185,13402,15265,11027.368072318006,3764.118478276689,2894.4660085152836,4459.12621449308,1262.656560584423,3845.6448736571697,9556.395885892034,7045.646997331682
15387,13390,12627,14522,9658.94532082225,3335.7773726627383,2552.91592232555,4268.068915778815,1176.508840417225,3626.837437025451,9000.294660938616,6923.616359127645
15696,15628,15182,12955,11499.524931958316,2814.802017329058,3015.132420944702,4338.05103680932,1113.4066396982764,4349.914387538653,10832.016135758087,5803.623615273511
16319,12026,17058,14528,8953.54145752835,3981.5189460313195,2348.191207415092,5218.719909141782,725.0265382697544,4889.756164565646,12168.421410398088,5328.112137550827
13455,14342,14461,14545,10494.742675145744,4380.212831317658,2759.9154669045283,4154.848008905427,1084.86484456989,4149.319364438388,10311.690346943718,6009.172197373056
15180,18480,12257,13882,13335.860248882496,2357.206891662324,3490.359945881071,4061.4130778888884,1652.6050165941595,3512.5843475505085,8744.421236306809,7465.525475960511
15549,13523,13298,16893,9799.282260042226,4103.6312967639515,2572.3762962186192,5060.200732887644,1152.0990534779037,3818.788082342836,9479.21280356244,7726.683071592791
15446,17942,13140,13734,13024.95959843645,2408.6255020925896,3407.4167509117106,4217.621397422986,1508.9805001077646,3764.9978511535273,9375.076583144124,7108.3257698050365
15235,16340,13610,13797,11892.910749101144,2896.601045607008,3119.2282087802523,4228.359278194081,1328.0626991915394,3901.840556075301,9708.18527756063,6671.488657586554
13823,14404,13814,17255,10485.56710218862,5094.874056916316,2746.5270489652676,4847.042882586345,1172.326703177484,3965.632626647816,9848.325937452879,7314.854919674267
14910,12122,16157,15815,8966.30651725137,4928.3801017403475,2353.364056380875,5066.139246162556,800.7673662544773,4634.674089400483,11522.328148974262,5817.292217669841
12242,13553,16380,17940,10052.979106083,6970.712437269531,2623.238174397262,5039.607851798226,877.7716990052511,4698.14132965791,11681.850257038921,5924.84755884617
13560,16504,17494,14324,12357.294694646302,4680.208483640045,3215.2607839403563,4631.232740183314,930.346521192132,5008.3443805354145,12485.41132770912,5018.462493387291
15836,10958,15744,17143,8074.166408585235,5061.792054861902,2118.584018567815,5587.90798541988,764.6581290292435,4519.082027283333,11224.87117650183,6483.920979931148
15442,12036,18677,14353,9070.248654890833,4741.239025428628,2372.7346975816126,5228.615447135041,595.4916939950315,5350.1243825038455,13326.900181239525,4374.343128782807
14233,16284,14583,15114,11935.888433407628,4004.7510036434874,3119.4322108472215,4516.1228329746755,1228.8132493174955,4180.285814298115,10402.702233563748,6594.537664697675
12063,14981,17630,12335,11226.429965388053,4632.5725233549365,2941.2171482596405,3718.888671928017,814.2772248095963,5049.375398269778,12580.719486755377,3998.385896380848
12986,15343,16196,15098,11376.341379766684,5090.035834951375,2971.995924420088,4465.322606841589,994.028913877717,4641.729265119491,11554.28810129137,5542.639957592108
15390,16034,15048,13739,11789.189418802382,3106.806257745163,3085.0621324602835,4485.630447718345,1159.9069357280887,4311.698459626144,10736.249613768005,6148.009893155212
14700,12460,18704,12604,9394.095213144026,4283.234202625008,2466.21638032675,4496.770907360721,600.9530550713372,5356.482464606937,13347.375492350868,3822.6733733679753
14850,16798,11127,17542,12004.05849233609,3629.2908584930915,3139.415106559186,4741.040743117848,1655.214063925891,3194.5398750378336,7932.234574161905,9153.296628619699
14373,14723,15601,13200,10864.449118712862,3697.9772114535,2853.3434604235317,4146.093087773725,1004.2134724796448,4471.65694708914,11129.340182460299,5351.289400649986
15160,15631,12338,15469,11265.075650756344,3309.5638100929955,2957.844471599224,4457.301409122187,1407.965443851341,3541.304572676476,8796.69559290193,7698.876735020825
13158,14720,15838,15801,10881.51759707765,5298.216327600292,2844.817810531553,4628.689492312207,993.9468373919715,4541.030679719375,11296.976447244704,5874.3264169200065
15460,16368,14336,13883,11974.908075962509,2926.560704036696,3134.8579378557674,4429.412647081228,1258.4565512895958,4108.444095507828,10227.543596069658,6527.133108496646
12591,17071,13662,15319,12442.262290761828,4514.380894572778,3253.8881838165416,4082.9301213626904,1375.3777880708353,3918.32240005399,9743.7287513454,6724.503365440006
13730,16730,13095,15336,12136.361000243403,3934.7800170253545,3177.9660763166194,4240.749921210863,1415.4076374226865,3756.3354079891315,9338.713684394146,7163.0548494792465
15695,13470,11890,17379,9658.773464598948,3885.2158179110334,2540.964795938395,4990.372513011744,1271.1582310112235,3417.65209159412,8472.305271627196,8493.46818694623
14583,14688,15675,16050,10841.215130570243,4680.359558842375,2830.4289294276327,5015.7866224691015,1017.7653216528978,4493.683927310287,11181.30508777568,6361.293599381879
13032,15242,14136,17810,11128.240414650656,5664.2921160757305,2906.202714420924,4858.780619926803,1207.839639011114,4056.4707104413055,10079.47535657119,7289.148044317935
11571,15688,15649,15600,11592.498956305339,5709.723926859071,3028.9400580342144,4213.711117189776,1065.0699650147633,4487.052113982751,11161.992674156545,5672.976407347886
12989,15506,18121,13177,11659.854334324964,4728.332317897641,3043.5666752330662,4242.590975080359,802.1363923942849,5188.119137442936,12932.8827761344,4211.458838984214
14325,13275,13568,17712,9638.1625862816,5128.558307300295,2529.2758492410467,5034.922225337068,1108.555951432953,3897.3396624910465,9670.602357278258,7551.075219183034
15932,12962,17631,13950,9696.216107389304,3943.941452490049,2538.1793760856235,5074.476417802345,728.2962073611911,5051.229805115285,12579.90790638021,4931.5186578867515
13666,18375,12564,15540,13291.563013883748,3654.646408612707,3470.7221272609077,4209.228119126158,1612.9319920259977,3602.0998822149004,8961.943391854093,7662.131101150279
12260,17645,14511,15540,12944.063791329412,4866.342602268568,3374.898832501937,4187.093608179732,1326.3757558883212,4159.272380435623,10351.711574692757,6480.1399122439625
15450,13983,12656,18103,10085.154062238076,4331.079135803917,2641.785911281399,5255.72589600717,1256.7709840314847,3635.357624078395,9020.640211860922,8515.004716939544
15245,14136,14597,16006,10347.291835619453,4152.736794487962,2709.9767562704556,4974.220954282837,1079.2340298166862,4187.487499362978,10409.506517807238,6882.2744436758385
15480,13617,15807,13268,10055.34480056984,3433.81239549931,2644.1789946309264,4429.173487582818,917.9088803677078,4531.285689470696,11275.744919757704,5402.075235047916
16473,12930,15387,14234,9513.267152603501,3301.929135364466,2500.420937739123,4882.184371327142,917.0589078585083,4412.799317565008,10974.233986373625,6052.88688583596
13938,16577,15429,13639,12229.885498927597,3757.8560212997077,3198.0669024893023,4181.737438809548,1148.3766485699343,4420.288763218252,11008.65983492492,5695.38424925776
15190,13596,16056,15194,10057.174014837909,4315.3005347682765,2633.2554597771186,4972.686063389498,907.3669780922443,4603.2280573323205,11452.82312243788,5909.456131810906
13588,13874,16306,16346,10285.672900254358,5570.904209871269,2687.651145546448,4937.7225638592945,902.5976481946257,4675.259108517939,11630.761881828788,5834.572979528697
13919,15341,16631,11936,11410.430202203494,3551.1527550268706,2993.847687704638,3845.4304429134213,936.3612997968194,4763.350919635298,11867.674951898825,4537.400095580133
15879,14835,18111,10782,11144.773139568711,2688.670047332298,2922.0625666919022,4191.283982162033,767.8371498795068,5183.382667471951,12927.665445566905,3919.908893917469
16072,14271,15528,12243,10520.200437736043,2704.44624856182,2768.1819757293506,4222.6101375854705,982.8128131670724,4449.860841153873,11078.096959056227,5313.002501766083
13430,17250,14823,14755,12675.749444518016,4165.218979320428,3308.348582322059,4284.51901674127,1265.4554395542825,4247.490905672157,10575.468390109563,6301.557552618944
17186,14064,13628,15131,10219.308624278674,2627.079882223867,2681.0979020423047,5046.262049579691,1163.4558497323735,3910.0383054701224,9717.995506187512,7454.7542486799575
12540,14979,16440,17094,11123.480018008016,6279.845411705723,2897.0628311227338,4913.699663201409,959.1487868499307,4712.417257597631,11727.564498824886,5896.787278279441
15640,18778,12341,12286,13563.578316013127,1744.618721062894,3556.1053095418783,3733.636936924323,1657.069901577395,3535.0118630881325,8806.071302960054,6829.311982473754
13760,13986,15711,14599,10325.00038460568,4601.854202971855,2709.571058433464,4414.400400872643,950.9849810265227,4505.222256996619,11205.773001843325,5585.126690828359
14070,16827,13618,14366,12254.31674534986,3544.2293719818335,3209.657445851032,4136.9788529312455,1363.1664257620248,3904.5154081890178,9713.530462339771,6684.405536801123
15956,13467,14089,15968,9816.106019426028,3767.5400465064236,2576.1510063859787,5039.4733661566825,1075.294710571985,4043.5308203575833,10045.46823555681,7161.734931610062
14037,16542,13578,15488,12038.950315023754,3970.0412860061797,3149.317476721733,4416.021838860168,1353.2958540161783,3893.990715035924,9684.050730455405,7101.129354888848
11458,14490,17583,15111,10852.13982763213,6184.442290533536,2834.231874080978,4332.301062724706,801.8717668633384,5038.362498653174,12544.708017725883,4601.061618720084
14300,14782,16236,14454,10957.782320398877,4327.064526643198,2866.797915577936,4593.589289431557,957.832922066276,4652.822502265219,11583.198176631622,5534.020865162046
13653,13662,13723,17784,9933.899734125232,5470.215414521803,2604.874148159317,4927.515671569686,1123.8819641781427,3941.357443314788,9781.569402947265,7391.614666512203
15461,15865,15550,12462,11707.163092271881,2806.420951344985,3069.241439394631,4199.870271711191,1088.3533127600135,4454.191685118244,11095.730899362217,5456.096455009572
14159,17301,14178,13440,12654.966823895433,3240.55533558043,3312.8315297237486,3995.347487489702,1333.1124927460064,4062.7380787129778,10115.263002013888,6201.0225758010565
17248,15400,15120,12934,11321.997480185106,1987.283732892065,2965.5879687257884,4735.115783878771,1112.9368492392098,4331.676111708691,10788.251822249626,6208.009923220826
16566,15257,13197,13780,11062.15439956882,2347.6689979815637,2907.5617816766376,4438.51650680801,1287.0725556538384,3784.9399420298305,9412.080397860445,6995.154623176863
14699,15627,15535,12641,11530.99093926171,3236.1248863844608,3025.2046007709923,4063.2739000595375,1070.0456277273179,4450.925242030958,11084.03313933673,5336.200492144526
18499,16238,12732,11286,11740.357192795384,589.0855074611588,3090.3489082811843,4084.497289859495,1407.2787012093816,3648.027279052558,9084.12060095627,6601.759922972382
14622,14826,13788,16188,10793.32158609958,4236.073790547355,2828.17151973244,4749.744738646872,1204.5838435185467,3956.538154218483,9831.473087826504,7200.565737328711
11816,16646,15762,15986,12314.935964913162,5704.489708060196,3208.162844906613,4378.12171445814,1121.7377899504543,4517.340042956883,11244.630296592859,5900.008156102013
17171,13054,14426,15862,9534.976286231768,3189.0651496169316,2498.774789954166,5386.299534085383,1019.3441554611096,4139.35884951796,10286.653671766908,7289.507682712319
14355,15927,17083,11925,11886.34996839727,3389.7158461111767,3111.485767217626,4030.593844995158,929.4346070088451,4890.839295253976,12192.156811235905,4506.667540153701
11774,17301,15788,14496,12810.301999906715,4999.1761779664475,3340.014648624673,4005.3626014324946,1150.4256003767255,4523.389887238054,11264.627502666299,5486.702582684955
12328,14208,15924,18704,10505.650159801593,7057.9453948895425,2736.0021523487267,5184.007358065397,967.4158538376062,4567.368419471573,11356.553735329611,6455.938668100739
16868,16542,12243,15450,11915.33168459354,2113.0258370380307,3116.3344688644074,4867.2927288915,1509.8975757460469,3511.2015467298797,8731.89067604094,8451.140588808663
12710,14980,14399,16998,10958.723310356378,5588.493717164244,2866.957222483178,4623.542193603833,1153.9005369055167,4132.028457050856,10266.918507697472,6787.828065891016
15926,16280,15206,13930,11983.363977876417,2844.576462520397,3130.2086628874567,4726.970276492828,1166.5849972543836,4355.978891160545,10849.962735748208,6357.993345470185
13580,16247,13054,16353,11777.106436697168,4417.353142700463,3082.3915290307787,4458.467072243551,1387.4836990732106,3745.9126079336484,9308.118573666949,7473.340136335686
14840,15884,13111,14941,11515.499351022,3412.2416117097355,3020.8681081161767,4369.900907170069,1347.231458680448,3761.2614256984098,9349.787219660095,7158.207795165592
15332,13357,17250,13758,9966.511335234154,4019.740676358211,2611.663921280884,4789.490030242265,781.2337069978776,4942.481490547278,12307.62593225183,4951.370405472408
13722,13041,16239,17024,9658.477361889933,5892.288965604591,2525.281074643628,5129.974584322481,856.7237230794603,4657.641816004454,11581.35687672173,5993.454921558976
16626,11462,14318,18230,8357.127574546354,4567.026118833359,2188.858492082845,5854.337337211669,913.9825735142408,4112.463673288817,10205.47344110984,7810.2175645367415
14495,14350,14792,15900,10521.892437255488,4503.238309126375,2755.865608541157,4798.127256719285,1072.4293803186126,4243.144687705328,10548.842187954215,6599.501851770646
16899,13759,14855,13776,10088.109156665092,2702.3532927300053,2650.541663073684,4780.12963607452,1021.1581023362262,4259.510822726024,10595.45997170432,6295.862324119353
14616,14490,14726,15165,10620.852970839576,4139.969644569311,2785.0479254107677,4617.0357399093555,1083.7427158666242,4223.790499568578,10502.204573380055,6407.264335668195
14960,11787,18618,13986,8878.146659522277,4821.358543674801,2327.4595491934915,4961.435128515634,583.0886300042686,5333.596854112016,13284.311980637509,4195.024141501198
13464,14832,15596,13608,10947.18828101482,4205.704463348001,2873.5516259928254,4068.853697509844,1009.611000497902,4470.954024071589,11125.045164530886,5332.623670406872
14295,15343,14442,17161,11225.76158773278,4829.348901448377,2928.9369186318954,5044.256326031569,1188.607610079767,4142.1416373372695,10299.849474290322,7295.369682503042
14652,15028,12660,16264,10851.454298287157,3972.2907161546777,2848.54295806384,4601.8511130876395,1327.913736012663,3634.8771675941016,9025.13329939292,7690.030994571395
18592,11024,15428,14373,8105.158312959146,2534.4228053035554,2132.7849994067988,5467.4483218698,786.4726912883863,4426.554223270903,11001.53554777171,6374.698304320772
16196,16871,12871,12467,12217.756103364456,1910.6500982223738,3210.7931733348373,3949.117890864808,1442.6646527011142,3688.874262706031,9182.15479709824,6619.0592027235025
11109,16416,17310,14560,12284.395944205899,5787.510239220789,3199.603177545884,4090.813817775643,930.222772140232,4958.125414438339,12352.01950701133,4684.111284754077
11774,15534,16133,15119,11517.817775630043,5557.951438297105,3009.6269200538527,4202.292092274678,1004.7232936836871,4624.549067036134,11508.51407580626,5357.669441122342
13336,11936,14892,16335,8747.13031665585,5525.783914260929,2304.155326052356,4649.77247937334,883.5499094471269,4276.684574696871,10615.140694602625,6151.225033663463
12311,15987,13342,17065,11613.892351554838,5386.3049510710025,3038.522052228983,4406.898946785934,1334.6021637487706,3829.828794781258,9512.182185856207,7272.859527197059
13520,14003,16741,14889,10416.061152586044,5075.8509772415955,2726.236441831603,4599.312009401717,861.2817270984192,4798.294415749275,11942.737986229102,5216.097059889972
12095,17285,15958,13440,12814.498537252355,4470.38805545394,3345.243530762362,3823.3028190821633,1126.2240230293792,4571.136933855807,11386.89106873863,5141.294996348193
13952,17591,14040,15837,12851.664702850841,4056.931226804816,3349.5602429874707,4573.874815057487,1389.4041905231325,4023.720756399725,10016.308319594897,7203.814862211383
15549,14988,13530,15826,10890.261751849634,3559.5935569285894,2853.342449110666,4830.739964934801,1244.5493336043874,3881.9242925584713,9648.117291965262,7439.361013427111
16217,15761,13563,13218,11462.533977793515,2353.121916291651,3011.475597212573,4265.781431527321,1287.3840884410713,3888.347938124971,9674.643041428368,6602.705754022035
14194,15890,13928,16465,11587.234980570807,4410.6753341290005,3027.440508804851,4756.731893735989,1275.3043793773234,3994.868606364501,9933.152560902585,7295.672695682445
14468,16848,13248,12725,12239.769160578197,2808.363127995151,3216.2305879527744,3718.1711802848467,1392.083022129756,3797.902083101845,9450.1381061723,6201.124772277222
12831,15276,17255,13488,11414.952936978496,4736.552644472514,2984.7687438501844,4154.697848891717,874.96837818976,4942.437153102665,12312.605136648595,4600.009974373992
13644,16133,14043,17014,11776.431464742935,4882.89696490722,3072.8491807533633,4789.940173523083,1283.6807153035593,4027.693012618821,10015.316594822856,7340.0315733364505
15086,12825,16798,15228,9535.15651045584,4675.698306523329,2497.0983010885175,5067.585536074177,792.541215512638,4815.485956470824,11982.599856593019,5484.316902339031
16056,10203,14559,17062,7450.852344486547,4737.688176455919,1964.0679123084412,5407.096193548491,789.4692636661647,4183.214573991055,10375.669424888863,6924.857009133464
14908,17402,16513,10575,12942.438089624444,2423.694428895734,3388.511197742349,3691.0635946555353,1071.4158059540084,4725.225068831328,11787.645798620773,4466.45442517329
15300,15942,12993,16769,11542.946729732035,3694.4718776003742,3016.1228656390995,4951.263948933531,1383.0599562459895,3727.5821279915326,9265.505336144772,8124.755163039053
14546,16037,13454,15907,11655.19824615091,3912.486888394517,3049.4915662004187,4617.1843167590505,1332.1866991041395,3859.233746640073,9594.81128572139,7377.597897682676
14569,14342,16727,13550,10667.223232182398,4030.589238811351,2795.092522939167,4468.774779992565,880.1754770463319,4792.598455681914,11934.457799978116,5050.178057717125
16898,14471,13455,15341,10504.201264036701,2737.691980709167,2754.0596787861073,5010.741675432018,1212.6874902727864,3860.325051218285,9594.728273975084,7589.667063442547
16155,17176,13773,11448,12522.507139009278,1764.2454654242363,3289.5503240826147,3787.4715479043734,1363.8701823219885,3944.8429241661156,9828.088752533407,5903.586878556482
15262,14451,14194,15768,10548.747960311352,3919.998973366825,2764.539449199292,4848.923678376185,1137.9233269642577,4072.1493867339004,10121.856146361359,7000.095636950082
12586,13888,18785,15231,10487.382046163417,6208.420479796125,2733.468143618726,4798.030039850804,668.2314796995117,5379.953237357,13404.949189182465,4220.101562465777
16275,14413,13212,14652,10445.566165826262,2878.341353359984,2747.032718064306,4607.128449002017,1220.2036082492152,3791.2902946518952,9420.739930717918,7165.993861391268
12457,17697,13504,15260,12890.023676248766,4435.291768879494,3367.805581320365,4021.120163487706,1440.7532506303385,3872.334083866429,9631.726340300906,6810.5511796910105
13268,15957,13902,16568,11636.880575052885,4891.467631488536,3041.952956594714,4567.965275738873,1277.900826956903,3988.2177231349606,9913.782139589766,7106.095583814975
15300,15768,16517,12798,11716.135650026885,3174.584978886899,3064.4416312647163,4434.633273773485,987.4650777822603,4729.877584792373,11787.0762081061,5192.481195280652
13852,16318,13509,16709,11866.490635778875,4503.121729973272,3099.73416923507,4677.598152620342,1351.7789186882128,3875.12871845625,9633.914744041294,7522.533862690453
16757,15249,13365,13542,11069.721796867088,2215.605290932491,2909.3969774758,4443.442494159086,1269.6497054053723,3832.569544394687,9532.435105685487,6885.590316458023
16595,14478,12834,13434,10465.972966114914,2341.649873472373,2760.089460671849,4260.177804953916,1251.062971412168,3682.4411278260222,9151.574139442308,6828.866489863037
13826,14300,15978,16496,10577.57641978763,5373.481150445822,2761.802863973479,4988.538054212707,962.3797973207177,4581.163738702212,11396.83832619014,6134.175826402429
13990,16206,13387,16863,11773.08868343227,4476.600914614778,3075.6157406236516,4729.046965338784,1357.427508548983,3840.489129628675,9546.560428280454,7651.870676335679
14278,15910,16155,14898,11792.921665939199,4317.7772514557355,3075.5584196841046,4726.360452210964,1041.5762092492298,4628.074970386032,11526.84606384465,5857.283053228277
14300,17394,13730,16055,12676.399745381419,3908.5641528720794,3304.935944231714,4662.991603883631,1412.5395397417249,3935.5373879584213,9794.532365325767,7481.30722997231
17533,13015,13267,13596,9429.057059100676,2228.952654859628,2489.890657740009,4564.959674212672,1095.685219884118,3807.697411211818,9459.292218073108,6802.471355119279
16124,16125,12923,13691,11675.083979493284,2357.0924627187314,3066.039663157402,4283.060839731956,1383.6402752310162,3705.6788076524554,9217.360664390188,7053.860149014886
13380,16294,15501,13735,12027.531652992868,4086.2427617357002,3146.8913361067007,4091.627564167174,1118.6199101983275,4441.736001995569,11059.247582823666,5551.634601061072
13015,15620,16267,14170,11590.181611551068,4671.571730910815,3030.4975875831215,4237.485570524684,998.0478857271038,4661.145830815036,11605.875667104225,5259.996735047189
14196,13420,17716,14634,10049.85606374839,4997.916107982376,2628.24755961636,4841.367124692937,743.86456688511,5075.782434937075,12640.238402235282,4795.431031994424
18060,12368,12627,15357,8912.710372830332,2377.559121556957,2350.0124872064825,5104.016878173097,1106.5282548240218,3627.1262084217346,8999.92835549808,7882.321027010068
11448,15631,14238,15117,11435.357284269423,5174.485700695154,2998.8093158796464,3871.243097861756,1195.3019485635716,4085.9240301453583,10152.149555617689,6036.506847792732
14098,15970,17685,11780,11970.766342403109,3558.8041129147646,3130.7682150917717,4028.931680896915,867.389662094,5062.149779575158,12622.855184007434,4200.056937673455
16541,16190,13786,13155,11795.247425140298,2114.2477217554624,3093.818178613615,4380.670264373944,1301.4373102883987,3950.9540217134568,9835.04184683928,6665.001309831005
14613,16100,16924,14722,12000.346439348426,4219.596989304183,3123.370879410681,4917.816813990616,976.2236224010554,4846.230018987374,12077.559042831068,5591.013793621326
15025,17325,14157,14354,12665.286128680571,3082.4876818272764,3308.255985051631,4449.615654929838,1351.1813861403941,4056.3335361283243,10100.684568347071,6817.930129154821
15680,14008,14812,13780,10270.7727508319,3267.0802546470745,2700.8454902337553,4474.280519931324,1035.7883785966792,4247.641137946341,10564.341449491352,6040.232641245482
